module,rel_fro,max_absdiff,maxW_a,maxW_b,zero_frac_a,zero_frac_b,zero_rows_a,zero_rows_b,zero_cols_a,zero_cols_b,nonfinite_b
model.layers.0.mlp.down_proj.weight,0.32216691970825195,0.05859375,0.1474609375,0.10986328125,0.32546231150627136,0.3247210383415222,0,0,0,0,0
model.layers.0.mlp.gate_proj.weight,0.3099384009838104,0.0322265625,0.12890625,0.12890625,0.3169408440589905,0.3171658515930176,0,0,1,1,0
model.layers.0.mlp.up_proj.weight,0.3067559599876404,0.0147705078125,0.053466796875,0.053466796875,0.3184892237186432,0.3190443813800812,0,0,3,2,0
model.layers.0.self_attn.k_proj.weight,0.36517754197120667,0.1484375,0.1484375,0.1484375,0.394942045211792,0.3936290740966797,0,0,0,0,0
model.layers.0.self_attn.o_proj.weight,0.37119466066360474,0.01788330078125,0.0615234375,0.050048828125,0.4227636456489563,0.42310798168182373,0,0,0,0,0
model.layers.0.self_attn.q_proj.weight,0.368948370218277,0.265625,0.28515625,0.28515625,0.43076425790786743,0.43246835470199585,0,0,0,0,0
model.layers.0.self_attn.v_proj.weight,0.2139255255460739,0.01336669921875,0.03466796875,0.0294189453125,0.3655209541320801,0.3658633232116699,0,0,0,0,0
model.layers.1.mlp.down_proj.weight,0.2964075803756714,1.3115234375,1.4765625,0.30078125,0.32295888662338257,0.3226757049560547,0,0,0,0,0
model.layers.1.mlp.gate_proj.weight,0.3030495047569275,0.064453125,0.2578125,0.2578125,0.3183630406856537,0.3188455402851105,0,0,0,0,0
model.layers.1.mlp.up_proj.weight,0.3025662302970886,0.0274658203125,0.08251953125,0.08251953125,0.31964144110679626,0.3204014301300049,0,0,0,0,0
model.layers.1.self_attn.k_proj.weight,0.3487231731414795,0.033935546875,0.10986328125,0.10546875,0.3732116222381592,0.3739302158355713,0,0,96,96,0
model.layers.1.self_attn.o_proj.weight,0.35968995094299316,0.03076171875,0.06396484375,0.06396484375,0.33981508016586304,0.34162092208862305,0,0,0,0,0
model.layers.1.self_attn.q_proj.weight,0.3303960859775543,0.03564453125,0.087890625,0.095703125,0.3700210452079773,0.3701665997505188,0,0,101,101,0
model.layers.1.self_attn.v_proj.weight,0.24231120944023132,0.006011962890625,0.023681640625,0.0233154296875,0.3467893600463867,0.3470180034637451,0,0,42,40,0
model.layers.10.mlp.down_proj.weight,0.3356857895851135,0.05517578125,0.166015625,0.166015625,0.33200523257255554,0.33265310525894165,0,0,0,0,0
model.layers.10.mlp.gate_proj.weight,0.29122453927993774,0.0224609375,0.0908203125,0.0908203125,0.32133182883262634,0.3215964734554291,0,0,0,0,0
model.layers.10.mlp.up_proj.weight,0.2910356819629669,0.02099609375,0.08349609375,0.08203125,0.322341650724411,0.3225805163383484,0,0,0,0,0
model.layers.10.self_attn.k_proj.weight,0.30617669224739075,0.01483154296875,0.059326171875,0.059326171875,0.3208591938018799,0.3206603527069092,0,0,0,0,0
model.layers.10.self_attn.o_proj.weight,0.3394569158554077,0.01708984375,0.06689453125,0.0654296875,0.3319474458694458,0.33274853229522705,0,0,0,0,0
model.layers.10.self_attn.q_proj.weight,0.30231279134750366,0.013671875,0.04443359375,0.054443359375,0.3194938898086548,0.3197319507598877,0,0,0,0,0
model.layers.10.self_attn.v_proj.weight,0.2878513038158417,0.006805419921875,0.0203857421875,0.0198974609375,0.32596731185913086,0.32671165466308594,0,0,0,0,0
model.layers.11.mlp.down_proj.weight,0.3356783986091614,0.03662109375,0.125,0.142578125,0.33316054940223694,0.33413949608802795,0,0,0,0,0
model.layers.11.mlp.gate_proj.weight,0.2911286950111389,0.033935546875,0.1357421875,0.1357421875,0.3227488100528717,0.32297107577323914,0,0,0,0,0
model.layers.11.mlp.up_proj.weight,0.2900281846523285,0.017578125,0.11328125,0.11328125,0.32297483086586,0.3231448531150818,0,0,0,0,0
model.layers.11.self_attn.k_proj.weight,0.3158852159976959,0.025634765625,0.0810546875,0.06787109375,0.3207838535308838,0.32064270973205566,0,0,0,0,0
model.layers.11.self_attn.o_proj.weight,0.34365466237068176,0.0185546875,0.06298828125,0.06298828125,0.342772901058197,0.34363293647766113,0,0,0,0,0
model.layers.11.self_attn.q_proj.weight,0.30531615018844604,0.015380859375,0.0615234375,0.0615234375,0.3204087018966675,0.32064443826675415,0,0,0,0,0
model.layers.11.self_attn.v_proj.weight,0.28694280982017517,0.00799560546875,0.028076171875,0.0272216796875,0.3262503147125244,0.3269200325012207,0,0,0,0,0
model.layers.12.mlp.down_proj.weight,0.3354153037071228,0.025634765625,0.171875,0.171875,0.33033207058906555,0.3310336172580719,0,0,0,0,0
model.layers.12.mlp.gate_proj.weight,0.29097869992256165,0.025390625,0.11962890625,0.11962890625,0.32244306802749634,0.3226577937602997,0,0,0,0,0
model.layers.12.mlp.up_proj.weight,0.2894558310508728,0.015625,0.064453125,0.05419921875,0.3229944109916687,0.3232247531414032,0,0,0,0,0
model.layers.12.self_attn.k_proj.weight,0.3177626132965088,0.0235595703125,0.07861328125,0.07763671875,0.3244786262512207,0.32469654083251953,0,0,0,0,0
model.layers.12.self_attn.o_proj.weight,0.3325147032737732,0.022705078125,0.0810546875,0.0751953125,0.3428676128387451,0.3441675305366516,0,0,0,0,0
model.layers.12.self_attn.q_proj.weight,0.3086645305156708,0.0272216796875,0.08984375,0.09521484375,0.3238147497177124,0.32408154010772705,0,0,0,0,0
model.layers.12.self_attn.v_proj.weight,0.28853848576545715,0.00836181640625,0.027587890625,0.027587890625,0.3324732780456543,0.33292555809020996,0,0,0,0,0
model.layers.13.mlp.down_proj.weight,0.336159884929657,0.02197265625,0.2021484375,0.2021484375,0.33255141973495483,0.3332662582397461,0,0,0,0,0
model.layers.13.mlp.gate_proj.weight,0.2911805510520935,0.0255126953125,0.08154296875,0.08154296875,0.32325300574302673,0.3233902156352997,0,0,0,0,0
model.layers.13.mlp.up_proj.weight,0.28871339559555054,0.0240478515625,0.0859375,0.09619140625,0.3231585621833801,0.3234529495239258,0,0,0,0,0
model.layers.13.self_attn.k_proj.weight,0.3077256679534912,0.0211181640625,0.07275390625,0.07275390625,0.3218100070953369,0.32140016555786133,0,0,0,0,0
model.layers.13.self_attn.o_proj.weight,0.3348878026008606,0.01556396484375,0.050048828125,0.051025390625,0.33219367265701294,0.3331601023674011,0,0,0,0,0
model.layers.13.self_attn.q_proj.weight,0.2964492440223694,0.01263427734375,0.043212890625,0.04541015625,0.3195205330848694,0.3199542760848999,0,0,0,0,0
model.layers.13.self_attn.v_proj.weight,0.2827353775501251,0.0086669921875,0.0260009765625,0.0263671875,0.328676700592041,0.32912445068359375,0,0,0,0,0
model.layers.14.mlp.down_proj.weight,0.33681976795196533,0.078125,0.3125,0.3125,0.3311648368835449,0.33200713992118835,0,0,0,0,0
model.layers.14.mlp.gate_proj.weight,0.2953840494155884,0.02783203125,0.1103515625,0.111328125,0.32316017150878906,0.3235003352165222,0,0,0,0,0
model.layers.14.mlp.up_proj.weight,0.291932076215744,0.029541015625,0.0888671875,0.0888671875,0.32293838262557983,0.32336387038230896,0,0,0,0,0
model.layers.14.self_attn.k_proj.weight,0.3189071714878082,0.021240234375,0.0634765625,0.0634765625,0.3243076801300049,0.32405543327331543,0,0,0,0,0
model.layers.14.self_attn.o_proj.weight,0.34736913442611694,0.019287109375,0.06884765625,0.0693359375,0.3479726314544678,0.34908366203308105,0,0,0,0,0
model.layers.14.self_attn.q_proj.weight,0.30531370639801025,0.014984130859375,0.05419921875,0.054931640625,0.3213457465171814,0.32168149948120117,0,0,0,0,0
model.layers.14.self_attn.v_proj.weight,0.28739839792251587,0.00860595703125,0.037841796875,0.037841796875,0.3313572406768799,0.33179473876953125,0,0,0,0,0
model.layers.15.mlp.down_proj.weight,0.3381219208240509,0.02685546875,0.16796875,0.16796875,0.32761380076408386,0.32824045419692993,0,0,0,0,0
model.layers.15.mlp.gate_proj.weight,0.2952664792537689,0.029296875,0.1142578125,0.091796875,0.3203512728214264,0.3206142783164978,0,0,0,0,0
model.layers.15.mlp.up_proj.weight,0.29245465993881226,0.0169677734375,0.052490234375,0.052490234375,0.3206642270088196,0.32094988226890564,0,0,0,0,0
model.layers.15.self_attn.k_proj.weight,0.3215562701225281,0.0228271484375,0.09130859375,0.09130859375,0.32317376136779785,0.3234734535217285,0,0,0,0,0
model.layers.15.self_attn.o_proj.weight,0.3364880681037903,0.017333984375,0.044677734375,0.04638671875,0.33865708112716675,0.3396863341331482,0,0,0,0,0
model.layers.15.self_attn.q_proj.weight,0.30471232533454895,0.0257568359375,0.10302734375,0.10302734375,0.32416021823883057,0.3247182369232178,0,0,0,0,0
model.layers.15.self_attn.v_proj.weight,0.2892782688140869,0.00701904296875,0.034423828125,0.034423828125,0.3304290771484375,0.3304250240325928,0,0,0,0,0
model.layers.16.mlp.down_proj.weight,0.33876025676727295,0.0546875,0.21875,0.21875,0.3259643018245697,0.3265911638736725,0,0,0,0,0
model.layers.16.mlp.gate_proj.weight,0.2967629134654999,0.0247802734375,0.0849609375,0.0849609375,0.32012197375297546,0.32027894258499146,0,0,0,0,0
model.layers.16.mlp.up_proj.weight,0.2935088574886322,0.0205078125,0.07861328125,0.060302734375,0.32026538252830505,0.320462703704834,0,0,0,0,0
model.layers.16.self_attn.k_proj.weight,0.31580856442451477,0.01953125,0.07568359375,0.07568359375,0.31920552253723145,0.31911349296569824,0,0,0,0,0
model.layers.16.self_attn.o_proj.weight,0.334447979927063,0.047119140625,0.1884765625,0.1884765625,0.3331787586212158,0.33370596170425415,0,0,0,0,0
model.layers.16.self_attn.q_proj.weight,0.3022095263004303,0.01409912109375,0.047607421875,0.047607421875,0.3195797801017761,0.3198128342628479,0,0,0,0,0
model.layers.16.self_attn.v_proj.weight,0.29169705510139465,0.00860595703125,0.034423828125,0.034423828125,0.33156657218933105,0.3321540355682373,0,0,0,0,0
model.layers.17.mlp.down_proj.weight,0.34035828709602356,0.024169921875,0.1376953125,0.1376953125,0.3274987041950226,0.3280809223651886,0,0,0,0,0
model.layers.17.mlp.gate_proj.weight,0.2953491508960724,0.027099609375,0.11572265625,0.11474609375,0.3192667067050934,0.31948307156562805,0,0,0,0,0
model.layers.17.mlp.up_proj.weight,0.29232853651046753,0.01806640625,0.134765625,0.1328125,0.3193489611148834,0.31956273317337036,0,0,0,0,0
model.layers.17.self_attn.k_proj.weight,0.32135429978370667,0.0194091796875,0.06396484375,0.06396484375,0.32041501998901367,0.32010507583618164,0,0,0,0,0
model.layers.17.self_attn.o_proj.weight,0.33232903480529785,0.0167236328125,0.06396484375,0.06591796875,0.33460837602615356,0.335793673992157,0,0,0,0,0
model.layers.17.self_attn.q_proj.weight,0.309430867433548,0.01214599609375,0.048583984375,0.048583984375,0.3193885087966919,0.3196325898170471,0,0,0,0,0
model.layers.17.self_attn.v_proj.weight,0.3041379451751709,0.00640869140625,0.0242919921875,0.0242919921875,0.3270871639251709,0.3272550106048584,0,0,0,0,0
model.layers.18.mlp.down_proj.weight,0.34185999631881714,0.0247802734375,0.1474609375,0.1474609375,0.3271271884441376,0.32796716690063477,0,0,0,0,0
model.layers.18.mlp.gate_proj.weight,0.29569658637046814,0.0240478515625,0.091796875,0.0908203125,0.31769853830337524,0.3179919123649597,0,0,0,0,0
model.layers.18.mlp.up_proj.weight,0.29186874628067017,0.027587890625,0.0830078125,0.08984375,0.318132609128952,0.31838926672935486,0,0,0,0,0
model.layers.18.self_attn.k_proj.weight,0.3261983096599579,0.01611328125,0.055908203125,0.061279296875,0.319000244140625,0.31898045539855957,0,0,0,0,0
model.layers.18.self_attn.o_proj.weight,0.3347111642360687,0.03173828125,0.11572265625,0.11083984375,0.3312157988548279,0.33222073316574097,0,0,0,0,0
model.layers.18.self_attn.q_proj.weight,0.3091006577014923,0.0224609375,0.0673828125,0.07470703125,0.3197954297065735,0.32017451524734497,0,0,0,0,0
model.layers.18.self_attn.v_proj.weight,0.30298280715942383,0.0087890625,0.04296875,0.04296875,0.32961177825927734,0.33021116256713867,0,0,0,0,0
model.layers.19.mlp.down_proj.weight,0.34519895911216736,0.04296875,0.248046875,0.2392578125,0.3263373076915741,0.3268502652645111,0,0,0,0,0
model.layers.19.mlp.gate_proj.weight,0.2949928045272827,0.0218505859375,0.09912109375,0.10791015625,0.3168187141418457,0.3170556426048279,0,0,0,0,0
model.layers.19.mlp.up_proj.weight,0.291622519493103,0.020263671875,0.09521484375,0.0947265625,0.31710273027420044,0.3172195255756378,0,0,0,0,0
model.layers.19.self_attn.k_proj.weight,0.32581791281700134,0.0247802734375,0.0712890625,0.0712890625,0.31725549697875977,0.3171501159667969,0,0,0,0,0
model.layers.19.self_attn.o_proj.weight,0.3417334258556366,0.0262451171875,0.08642578125,0.09033203125,0.3356321454048157,0.33696693181991577,0,0,0,0,0
model.layers.19.self_attn.q_proj.weight,0.30792316794395447,0.0186767578125,0.0634765625,0.0634765625,0.31897902488708496,0.31929415464401245,0,0,0,0,0
model.layers.19.self_attn.v_proj.weight,0.29551029205322266,0.00836181640625,0.033447265625,0.033203125,0.32488274574279785,0.32517337799072266,0,0,0,0,0
model.layers.2.mlp.down_proj.weight,0.3542878031730652,0.03076171875,0.08642578125,0.11279296875,0.3193832039833069,0.3197951316833496,0,0,0,0,0
model.layers.2.mlp.gate_proj.weight,0.3069104552268982,0.02490234375,0.059326171875,0.05908203125,0.3168764114379883,0.31697818636894226,0,0,1,0,0
model.layers.2.mlp.up_proj.weight,0.30696046352386475,0.0150146484375,0.0615234375,0.06494140625,0.3174815773963928,0.3177322447299957,0,0,0,1,0
model.layers.2.self_attn.k_proj.weight,0.3612250089645386,0.0235595703125,0.08447265625,0.08447265625,0.3228585720062256,0.3240044116973877,0,0,5,5,0
model.layers.2.self_attn.o_proj.weight,0.35715433955192566,0.046630859375,0.12353515625,0.12353515625,0.33596354722976685,0.3382696509361267,0,0,0,0,0
model.layers.2.self_attn.q_proj.weight,0.3384963572025299,0.0172119140625,0.05029296875,0.056396484375,0.321397066116333,0.3216346502304077,0,0,6,6,0
model.layers.2.self_attn.v_proj.weight,0.30034762620925903,0.010986328125,0.031494140625,0.031494140625,0.3231816291809082,0.3233323097229004,0,0,5,5,0
model.layers.20.mlp.down_proj.weight,0.34000134468078613,0.027099609375,0.208984375,0.208984375,0.3226032853126526,0.3229791224002838,0,0,0,0,0
model.layers.20.mlp.gate_proj.weight,0.29433831572532654,0.021484375,0.07568359375,0.068359375,0.3159501552581787,0.31615424156188965,0,0,0,0,0
model.layers.20.mlp.up_proj.weight,0.2921302318572998,0.022216796875,0.0859375,0.08544921875,0.3161197304725647,0.3163757920265198,0,0,0,0,0
model.layers.20.self_attn.k_proj.weight,0.3337630331516266,0.02728271484375,0.08056640625,0.08056640625,0.31808996200561523,0.31810784339904785,0,0,0,0,0
model.layers.20.self_attn.o_proj.weight,0.3369908630847931,0.0302734375,0.12109375,0.12109375,0.33367860317230225,0.3345217704772949,0,0,0,0,0
model.layers.20.self_attn.q_proj.weight,0.314947247505188,0.0225830078125,0.053466796875,0.068359375,0.3188648819923401,0.31910109519958496,0,0,0,0,0
model.layers.20.self_attn.v_proj.weight,0.29936662316322327,0.01007080078125,0.02734375,0.02734375,0.3244633674621582,0.32428598403930664,0,0,0,0,0
model.layers.21.mlp.down_proj.weight,0.3372902572154999,0.0306396484375,0.1611328125,0.1611328125,0.3194778859615326,0.3197687566280365,0,0,0,0,0
model.layers.21.mlp.gate_proj.weight,0.2925322949886322,0.02099609375,0.0849609375,0.083984375,0.3151339888572693,0.315295934677124,0,0,0,0,0
model.layers.21.mlp.up_proj.weight,0.2912207841873169,0.022216796875,0.06640625,0.06640625,0.31538838148117065,0.3155766427516937,0,0,0,0,0
model.layers.21.self_attn.k_proj.weight,0.3301536738872528,0.04425048828125,0.06103515625,0.06103515625,0.31735754013061523,0.3171849250793457,0,0,0,0,0
model.layers.21.self_attn.o_proj.weight,0.3228900134563446,0.039306640625,0.1572265625,0.1572265625,0.3216004967689514,0.32221364974975586,0,0,0,0,0
model.layers.21.self_attn.q_proj.weight,0.31298789381980896,0.02587890625,0.05517578125,0.05517578125,0.31842106580734253,0.31845414638519287,0,0,0,0,0
model.layers.21.self_attn.v_proj.weight,0.303635835647583,0.010986328125,0.0296630859375,0.0296630859375,0.3257327079772949,0.3260931968688965,0,0,0,0,0
model.layers.22.mlp.down_proj.weight,0.33576351404190063,0.02001953125,0.1455078125,0.1455078125,0.3184835612773895,0.3186565339565277,0,0,0,0,0
model.layers.22.mlp.gate_proj.weight,0.29306352138519287,0.01904296875,0.076171875,0.07373046875,0.3148162364959717,0.31493833661079407,0,0,0,0,0
model.layers.22.mlp.up_proj.weight,0.2919573187828064,0.013427734375,0.050048828125,0.050048828125,0.31532853841781616,0.31556716561317444,0,0,0,0,0
model.layers.22.self_attn.k_proj.weight,0.3269365429878235,0.044830322265625,0.06787109375,0.06787109375,0.3168601989746094,0.3168673515319824,0,0,0,0,0
model.layers.22.self_attn.o_proj.weight,0.3333788216114044,0.03466796875,0.10400390625,0.10400390625,0.3218567371368408,0.3225582242012024,0,0,0,0,0
model.layers.22.self_attn.q_proj.weight,0.312749445438385,0.02587890625,0.06494140625,0.06396484375,0.3180449604988098,0.3179280161857605,0,0,0,0,0
model.layers.22.self_attn.v_proj.weight,0.3084058463573456,0.01544189453125,0.0240478515625,0.023193359375,0.32334065437316895,0.323519229888916,0,0,0,0,0
model.layers.23.mlp.down_proj.weight,0.3355955481529236,0.020263671875,0.1298828125,0.1298828125,0.3172549307346344,0.3173641562461853,0,0,0,0,0
model.layers.23.mlp.gate_proj.weight,0.2919674217700958,0.026611328125,0.130859375,0.11328125,0.3145260810852051,0.3146126866340637,0,0,0,0,0
model.layers.23.mlp.up_proj.weight,0.2912147343158722,0.0196533203125,0.07861328125,0.0791015625,0.3150140345096588,0.3152262270450592,0,0,0,0,0
model.layers.23.self_attn.k_proj.weight,0.31826987862586975,0.036376953125,0.06591796875,0.06591796875,0.31594324111938477,0.316272497177124,0,0,0,0,0
model.layers.23.self_attn.o_proj.weight,0.3312655985355377,0.0252685546875,0.080078125,0.07861328125,0.3214516043663025,0.3217318058013916,0,0,0,0,0
model.layers.23.self_attn.q_proj.weight,0.30786922574043274,0.037353515625,0.08056640625,0.07666015625,0.31705427169799805,0.3171558976173401,0,0,0,0,0
model.layers.23.self_attn.v_proj.weight,0.2969897389411926,0.00872802734375,0.0281982421875,0.028076171875,0.32166075706481934,0.32147812843322754,0,0,0,0,0
model.layers.24.mlp.down_proj.weight,0.3351813554763794,0.020263671875,0.171875,0.171875,0.3169713616371155,0.31706756353378296,0,0,0,0,0
model.layers.24.mlp.gate_proj.weight,0.2907257080078125,0.0201416015625,0.0810546875,0.08203125,0.3141991198062897,0.31441619992256165,0,0,0,0,0
model.layers.24.mlp.up_proj.weight,0.2904738187789917,0.02880859375,0.0859375,0.08642578125,0.3150293529033661,0.3152347505092621,0,0,0,0,0
model.layers.24.self_attn.k_proj.weight,0.31858107447624207,0.029541015625,0.06982421875,0.07421875,0.31599926948547363,0.31606173515319824,0,0,0,0,0
model.layers.24.self_attn.o_proj.weight,0.32542940974235535,0.0213623046875,0.083984375,0.08544921875,0.3213376998901367,0.32183223962783813,0,0,0,0,0
model.layers.24.self_attn.q_proj.weight,0.30627042055130005,0.018707275390625,0.0654296875,0.0654296875,0.31717246770858765,0.3171616792678833,0,0,0,0,0
model.layers.24.self_attn.v_proj.weight,0.2923907935619354,0.0134124755859375,0.03173828125,0.03173828125,0.3213231563568115,0.3215007781982422,0,0,0,0,0
model.layers.25.mlp.down_proj.weight,0.3358609974384308,0.0220947265625,0.12353515625,0.12353515625,0.3167189061641693,0.31685546040534973,0,0,0,0,0
model.layers.25.mlp.gate_proj.weight,0.28854241967201233,0.0234375,0.1240234375,0.1240234375,0.31451770663261414,0.31468814611434937,0,0,0,0,0
model.layers.25.mlp.up_proj.weight,0.2880202531814575,0.0162353515625,0.06494140625,0.06298828125,0.3151825964450836,0.31531429290771484,0,0,0,0,0
model.layers.25.self_attn.k_proj.weight,0.31542521715164185,0.01861572265625,0.05859375,0.052490234375,0.3152186870574951,0.31511521339416504,0,0,0,0,0
model.layers.25.self_attn.o_proj.weight,0.3269270062446594,0.04296875,0.12890625,0.12890625,0.3225663900375366,0.3228137493133545,0,0,0,0,0
model.layers.25.self_attn.q_proj.weight,0.3057665228843689,0.017669677734375,0.054443359375,0.052001953125,0.31669265031814575,0.3166077733039856,0,0,0,0,0
model.layers.25.self_attn.v_proj.weight,0.2925065755844116,0.010498046875,0.0380859375,0.037353515625,0.32183051109313965,0.32214832305908203,0,0,0,0,0
model.layers.26.mlp.down_proj.weight,0.33499255776405334,0.05078125,0.15234375,0.15234375,0.3167209327220917,0.3168551027774811,0,0,0,0,0
model.layers.26.mlp.gate_proj.weight,0.287078320980072,0.02734375,0.08203125,0.08203125,0.3148864805698395,0.31504112482070923,0,0,0,0,0
model.layers.26.mlp.up_proj.weight,0.28634849190711975,0.025146484375,0.0751953125,0.0751953125,0.3154239058494568,0.31558752059936523,0,0,0,0,0
model.layers.26.self_attn.k_proj.weight,0.3187326192855835,0.0213623046875,0.06396484375,0.06396484375,0.31575441360473633,0.31623005867004395,0,0,1,1,0
model.layers.26.self_attn.o_proj.weight,0.3217276334762573,0.0172119140625,0.057373046875,0.057373046875,0.3237903118133545,0.3242785334587097,0,0,0,0,0
model.layers.26.self_attn.q_proj.weight,0.30572178959846497,0.0150146484375,0.053955078125,0.0537109375,0.3174126148223877,0.3174453377723694,0,0,1,1,0
model.layers.26.self_attn.v_proj.weight,0.2954006493091583,0.0096435546875,0.03271484375,0.03271484375,0.32320117950439453,0.32346296310424805,0,0,1,1,0
model.layers.27.mlp.down_proj.weight,0.33656153082847595,0.029296875,0.134765625,0.134765625,0.3177025616168976,0.3179015517234802,0,0,0,0,0
model.layers.27.mlp.gate_proj.weight,0.2866784632205963,0.0224609375,0.0888671875,0.07861328125,0.3151338994503021,0.315297931432724,0,0,0,0,0
model.layers.27.mlp.up_proj.weight,0.28534314036369324,0.0263671875,0.08154296875,0.0849609375,0.3156595230102539,0.3158431649208069,0,0,0,0,0
model.layers.27.self_attn.k_proj.weight,0.30492153763771057,0.0289306640625,0.062255859375,0.062255859375,0.31520605087280273,0.31528687477111816,0,0,0,0,0
model.layers.27.self_attn.o_proj.weight,0.3249307870864868,0.03759765625,0.1171875,0.12890625,0.3251303434371948,0.3254721760749817,0,0,0,0,0
model.layers.27.self_attn.q_proj.weight,0.30325499176979065,0.026123046875,0.060546875,0.060546875,0.31699997186660767,0.3170790672302246,0,0,0,0,0
model.layers.27.self_attn.v_proj.weight,0.2914249897003174,0.0093994140625,0.033203125,0.033203125,0.3202245235443115,0.32051801681518555,0,0,0,0,0
model.layers.28.mlp.down_proj.weight,0.339247465133667,0.0218505859375,0.1884765625,0.1884765625,0.31898233294487,0.31912893056869507,0,0,0,0,0
model.layers.28.mlp.gate_proj.weight,0.2878910303115845,0.0213623046875,0.0732421875,0.07421875,0.31543901562690735,0.3155629336833954,0,0,0,0,0
model.layers.28.mlp.up_proj.weight,0.28530871868133545,0.0184326171875,0.0732421875,0.07177734375,0.31565243005752563,0.31582337617874146,0,0,0,0,0
model.layers.28.self_attn.k_proj.weight,0.3263980746269226,0.04278564453125,0.054931640625,0.054931640625,0.31688690185546875,0.31701016426086426,0,0,0,0,0
model.layers.28.self_attn.o_proj.weight,0.33224189281463623,0.0194091796875,0.05859375,0.058349609375,0.3264594078063965,0.32689452171325684,0,0,0,0,0
model.layers.28.self_attn.q_proj.weight,0.31111419200897217,0.021728515625,0.05859375,0.06298828125,0.3177499771118164,0.31779080629348755,0,0,0,0,0
model.layers.28.self_attn.v_proj.weight,0.29624637961387634,0.01544189453125,0.042236328125,0.042236328125,0.32334041595458984,0.32385754585266113,0,0,0,0,0
model.layers.29.mlp.down_proj.weight,0.3369629681110382,0.0262451171875,0.11865234375,0.11865234375,0.3204170763492584,0.3206482231616974,0,0,0,0,0
model.layers.29.mlp.gate_proj.weight,0.2875562310218811,0.0263671875,0.09765625,0.09765625,0.3160506784915924,0.31609663367271423,0,0,0,0,0
model.layers.29.mlp.up_proj.weight,0.28533509373664856,0.0242919921875,0.09716796875,0.09375,0.3159928321838379,0.3162185549736023,0,0,0,0,0
model.layers.29.self_attn.k_proj.weight,0.31703925132751465,0.02423095703125,0.06298828125,0.06298828125,0.31746745109558105,0.3175370693206787,0,0,0,0,0
model.layers.29.self_attn.o_proj.weight,0.3396185636520386,0.020263671875,0.060302734375,0.08056640625,0.34358930587768555,0.34451329708099365,0,0,0,0,0
model.layers.29.self_attn.q_proj.weight,0.3133012652397156,0.02349853515625,0.056884765625,0.056884765625,0.319385290145874,0.31940120458602905,0,0,0,0,0
model.layers.29.self_attn.v_proj.weight,0.29018455743789673,0.012451171875,0.0390625,0.041259765625,0.32598400115966797,0.3264584541320801,0,0,0,0,0
model.layers.3.mlp.down_proj.weight,0.33870214223861694,0.035888671875,0.10791015625,0.10791015625,0.31981924176216125,0.32013431191444397,0,0,0,0,0
model.layers.3.mlp.gate_proj.weight,0.2934453785419464,0.01953125,0.0693359375,0.0703125,0.31588175892829895,0.3160995841026306,0,0,0,0,0
model.layers.3.mlp.up_proj.weight,0.29393643140792847,0.0225830078125,0.06787109375,0.06787109375,0.3170640766620636,0.31734976172447205,0,0,0,0,0
model.layers.3.self_attn.k_proj.weight,0.3374009132385254,0.0223388671875,0.0693359375,0.07470703125,0.31971263885498047,0.32007622718811035,0,0,2,2,0
model.layers.3.self_attn.o_proj.weight,0.3412259817123413,0.0262451171875,0.10498046875,0.10498046875,0.32621705532073975,0.3269159197807312,0,0,0,0,0
model.layers.3.self_attn.q_proj.weight,0.3193376064300537,0.0189208984375,0.07568359375,0.07568359375,0.31754666566848755,0.31769615411758423,0,0,3,3,0
model.layers.3.self_attn.v_proj.weight,0.2883863151073456,0.004730224609375,0.0169677734375,0.0166015625,0.32073163986206055,0.3210628032684326,0,0,2,2,0
model.layers.30.mlp.down_proj.weight,0.33536505699157715,0.0595703125,0.1787109375,0.2314453125,0.32476314902305603,0.32512426376342773,0,0,0,0,0
model.layers.30.mlp.gate_proj.weight,0.2866705358028412,0.031982421875,0.126953125,0.1015625,0.31653955578804016,0.31676334142684937,0,0,0,0,0
model.layers.30.mlp.up_proj.weight,0.2849549353122711,0.03009033203125,0.10205078125,0.07666015625,0.3162001967430115,0.31638267636299133,0,0,0,0,0
model.layers.30.self_attn.k_proj.weight,0.32720157504081726,0.0263671875,0.06591796875,0.06591796875,0.3184092044830322,0.31817102432250977,0,0,0,0,0
model.layers.30.self_attn.o_proj.weight,0.3410690128803253,0.02880859375,0.08642578125,0.0869140625,0.3368907570838928,0.3377206325531006,0,0,0,0,0
model.layers.30.self_attn.q_proj.weight,0.31497299671173096,0.02557373046875,0.0556640625,0.06591796875,0.31827813386917114,0.3183908462524414,0,0,0,0,0
model.layers.30.self_attn.v_proj.weight,0.293844610452652,0.01434326171875,0.057373046875,0.057373046875,0.32418060302734375,0.32475876808166504,0,0,0,0,0
model.layers.31.mlp.down_proj.weight,0.33983367681503296,0.0751953125,0.2255859375,0.2255859375,0.33168408274650574,0.331092894077301,0,0,0,0,0
model.layers.31.mlp.gate_proj.weight,0.3019934296607971,0.0174560546875,0.0654296875,0.05224609375,0.3186728060245514,0.3189364969730377,0,0,0,0,0
model.layers.31.mlp.up_proj.weight,0.3003762364387512,0.03564453125,0.142578125,0.138671875,0.3168710172176361,0.31731700897216797,0,0,0,0,0
model.layers.31.self_attn.k_proj.weight,0.3245023488998413,0.0189208984375,0.06640625,0.06640625,0.31841349601745605,0.3186483383178711,0,0,0,0,0
model.layers.31.self_attn.o_proj.weight,0.34781691431999207,0.0849609375,0.228515625,0.2333984375,0.33823782205581665,0.33578920364379883,0,0,0,0,0
model.layers.31.self_attn.q_proj.weight,0.31256866455078125,0.0172119140625,0.052734375,0.052734375,0.31900328397750854,0.31902122497558594,0,0,0,0,0
model.layers.31.self_attn.v_proj.weight,0.2972111701965332,0.01434326171875,0.045654296875,0.045654296875,0.32841944694519043,0.3290517330169678,0,0,0,0,0
model.layers.4.mlp.down_proj.weight,0.3383350372314453,0.0299072265625,0.1494140625,0.1494140625,0.3223394751548767,0.32274129986763,0,0,0,0,0
model.layers.4.mlp.gate_proj.weight,0.28837645053863525,0.0252685546875,0.09521484375,0.0947265625,0.31632542610168457,0.3165595233440399,0,0,0,0,0
model.layers.4.mlp.up_proj.weight,0.28789398074150085,0.024169921875,0.0869140625,0.07861328125,0.3164963722229004,0.31694433093070984,0,0,0,0,0
model.layers.4.self_attn.k_proj.weight,0.33568906784057617,0.0321044921875,0.09814453125,0.08935546875,0.32077956199645996,0.32041406631469727,0,0,0,0,0
model.layers.4.self_attn.o_proj.weight,0.34917178750038147,0.025390625,0.09814453125,0.07275390625,0.3300074338912964,0.3305104970932007,0,0,0,0,0
model.layers.4.self_attn.q_proj.weight,0.32466763257980347,0.025634765625,0.09033203125,0.09033203125,0.318581759929657,0.31851398944854736,0,0,0,0,0
model.layers.4.self_attn.v_proj.weight,0.28600233793258667,0.00885009765625,0.0220947265625,0.0220947265625,0.31911802291870117,0.3194575309753418,0,0,0,0,0
model.layers.5.mlp.down_proj.weight,0.3351798355579376,0.02685546875,0.169921875,0.169921875,0.32418254017829895,0.3246908187866211,0,0,0,0,0
model.layers.5.mlp.gate_proj.weight,0.286408394575119,0.024169921875,0.07470703125,0.0751953125,0.31595250964164734,0.31597232818603516,0,0,0,0,0
model.layers.5.mlp.up_proj.weight,0.2872466444969177,0.029296875,0.060546875,0.060791015625,0.3164241909980774,0.31669601798057556,0,0,0,0,0
model.layers.5.self_attn.k_proj.weight,0.3204908072948456,0.0218505859375,0.0654296875,0.0654296875,0.3175945281982422,0.3177947998046875,0,0,0,0,0
model.layers.5.self_attn.o_proj.weight,0.33300647139549255,0.035400390625,0.10595703125,0.10595703125,0.3267520070075989,0.3270798921585083,0,0,0,0,0
model.layers.5.self_attn.q_proj.weight,0.30822038650512695,0.019287109375,0.061767578125,0.0517578125,0.31699055433273315,0.3172447085380554,0,0,0,0,0
model.layers.5.self_attn.v_proj.weight,0.27620935440063477,0.00482177734375,0.01708984375,0.017333984375,0.3187117576599121,0.31899571418762207,0,0,0,0,0
model.layers.6.mlp.down_proj.weight,0.33570557832717896,0.02294921875,0.1171875,0.1171875,0.32810184359550476,0.3288518488407135,0,0,0,0,0
model.layers.6.mlp.gate_proj.weight,0.28927960991859436,0.029541015625,0.08837890625,0.087890625,0.3165799677371979,0.31680208444595337,0,0,0,0,0
model.layers.6.mlp.up_proj.weight,0.28926941752433777,0.017822265625,0.055908203125,0.0556640625,0.31724923849105835,0.31750646233558655,0,0,0,0,0
model.layers.6.self_attn.k_proj.weight,0.3285973072052002,0.0191650390625,0.06640625,0.06689453125,0.3167076110839844,0.31685900688171387,0,0,0,0,0
model.layers.6.self_attn.o_proj.weight,0.33900555968284607,0.0181884765625,0.07275390625,0.07275390625,0.3306823968887329,0.331645667552948,0,0,0,0,0
model.layers.6.self_attn.q_proj.weight,0.3173140287399292,0.02337646484375,0.05615234375,0.053466796875,0.31749147176742554,0.31767135858535767,0,0,0,0,0
model.layers.6.self_attn.v_proj.weight,0.2783840298652649,0.004669189453125,0.0157470703125,0.0157470703125,0.3182656764984131,0.31858301162719727,0,0,0,0,0
model.layers.7.mlp.down_proj.weight,0.3369157016277313,0.028076171875,0.10546875,0.10546875,0.3285457491874695,0.3291289508342743,0,0,0,0,0
model.layers.7.mlp.gate_proj.weight,0.29068103432655334,0.025390625,0.1015625,0.1015625,0.31770041584968567,0.31785109639167786,0,0,0,0,0
model.layers.7.mlp.up_proj.weight,0.2916327714920044,0.02099609375,0.068359375,0.0859375,0.31899112462997437,0.3193572163581848,0,0,0,0,0
model.layers.7.self_attn.k_proj.weight,0.32957932353019714,0.020263671875,0.0810546875,0.0810546875,0.31727004051208496,0.3174147605895996,0,0,0,0,0
model.layers.7.self_attn.o_proj.weight,0.3472438454627991,0.030517578125,0.09423828125,0.0859375,0.3403513431549072,0.34162217378616333,0,0,0,0,0
model.layers.7.self_attn.q_proj.weight,0.3162287473678589,0.01611328125,0.06396484375,0.06396484375,0.3182274103164673,0.31847071647644043,0,0,0,0,0
model.layers.7.self_attn.v_proj.weight,0.2735912501811981,0.00616455078125,0.0189208984375,0.0189208984375,0.32025837898254395,0.32045841217041016,0,0,0,0,0
model.layers.8.mlp.down_proj.weight,0.3345322012901306,0.028076171875,0.14453125,0.14453125,0.32698264718055725,0.32747748494148254,0,0,0,0,0
model.layers.8.mlp.gate_proj.weight,0.29441770911216736,0.020751953125,0.08056640625,0.08056640625,0.319523423910141,0.31967559456825256,0,0,0,0,0
model.layers.8.mlp.up_proj.weight,0.29567667841911316,0.017578125,0.057861328125,0.07177734375,0.32091426849365234,0.32110366225242615,0,0,0,0,0
model.layers.8.self_attn.k_proj.weight,0.3116986155509949,0.017333984375,0.0751953125,0.0751953125,0.3184351921081543,0.3182711601257324,0,0,0,0,0
model.layers.8.self_attn.o_proj.weight,0.3445216715335846,0.01416015625,0.046630859375,0.04248046875,0.3371284008026123,0.33851486444473267,0,0,0,0,0
model.layers.8.self_attn.q_proj.weight,0.3024623394012451,0.01312255859375,0.052490234375,0.052490234375,0.31709086894989014,0.3171907067298889,0,0,0,0,0
model.layers.8.self_attn.v_proj.weight,0.2845316231250763,0.00567626953125,0.022705078125,0.0224609375,0.3234529495239258,0.3235659599304199,0,0,0,0,0
model.layers.9.mlp.down_proj.weight,0.3309912383556366,0.050537109375,0.1513671875,0.1513671875,0.32659193873405457,0.32709529995918274,0,0,0,0,0
model.layers.9.mlp.gate_proj.weight,0.29429295659065247,0.0230712890625,0.08642578125,0.08642578125,0.31973177194595337,0.31995949149131775,0,0,0,0,0
model.layers.9.mlp.up_proj.weight,0.29466795921325684,0.021484375,0.0859375,0.08642578125,0.32063791155815125,0.32101884484291077,0,0,0,0,0
model.layers.9.self_attn.k_proj.weight,0.3148360550403595,0.0302734375,0.06689453125,0.06689453125,0.31928563117980957,0.319108247756958,0,0,0,0,0
model.layers.9.self_attn.o_proj.weight,0.33968397974967957,0.014892578125,0.05908203125,0.05908203125,0.3368903398513794,0.33735108375549316,0,0,0,0,0
model.layers.9.self_attn.q_proj.weight,0.3071610927581787,0.02392578125,0.09130859375,0.0673828125,0.3188728094100952,0.31910228729248047,0,0,0,0,0
model.layers.9.self_attn.v_proj.weight,0.2825736999511719,0.0042724609375,0.01422119140625,0.0159912109375,0.32337141036987305,0.32358336448669434,0,0,0,0,0
