tag,layer,send_total,clip_frac_mean,obj_ratio_c4,obj_ratio_alt,comp_disp_rel_mean,worst_module
llama,0,2557.3826541900635,0.0020372405344126175,0.211112798609237,0.3975107464597899,0.07990758827830988,q_proj
llama,1,1826.932713508606,0.0020447385554410976,0.20636139484306096,0.24233708305579763,0.08271278846558405,down_proj
llama,2,1181.2668867111206,0.0020466763146069584,0.3239588498657854,0.680775536921104,0.035664682784433244,down_proj
llama,3,880.3957948684692,0.0020479924824773044,0.4201613690324697,0.7539627036883906,0.024660190382503975,down_proj
llama,4,929.6480798721313,0.0020540952682495117,0.40664940320520016,0.9059655291931129,0.026620106743425447,down_proj
llama,5,961.665997505188,0.0020501066227348484,0.42770077227372194,1.2257947851946311,0.028611642471176108,down_proj
llama,6,871.0262184143066,0.002050298817303716,0.43859948488683836,1.0817920720012153,0.02441797311337893,down_proj
llama,7,837.5836048126221,0.0020534420499996263,0.43677589176694953,1.08558780996863,0.02365498185060917,down_proj
llama,8,879.365122795105,0.0020518935456567884,0.4272246939081023,1.1597627016849086,0.02527396340624605,down_proj
llama,9,888.2281713485718,0.0020510797597924056,0.44143873413793056,1.1225365363175754,0.024705953644095707,down_proj
llama,10,917.8810234069824,0.002051533484945492,0.418361438037912,1.186708412529077,0.025857221376573872,down_proj
llama,11,856.1989603042603,0.0020506309003246073,0.43570232765827643,1.1358448314975786,0.0240899935633783,down_proj
llama,12,903.3724193572998,0.0020485617676559756,0.4384434311910408,1.0993017614083078,0.024182758358458564,down_proj
llama,13,967.9181237220764,0.002051143013701147,0.41813920917212233,1.1149140934991248,0.02635871761089629,down_proj
llama,14,1039.0202322006226,0.002049152948418442,0.39511529063539774,1.0174877303576022,0.02885402501475149,down_proj
llama,15,1061.2616300582886,0.0020419979582027513,0.43343148499817474,1.043921119093012,0.02819954930877581,down_proj
llama,16,1073.9547119140625,0.0020599280084882465,0.4238922276656151,1.0460023546467117,0.03047642453999313,down_proj
llama,17,1062.2809829711914,0.002054621978681915,0.44432363679920867,1.0543914337979097,0.028427191476159307,down_proj
llama,18,1033.3845100402832,0.00205189476207811,0.4550805260930542,1.0218623921213452,0.029375084146831727,gate_proj
llama,19,1000.9195880889893,0.0020517220302503935,0.46618890509362465,1.0402100335850928,0.028001601867465885,down_proj
llama,20,1012.8199768066406,0.0020464245153933155,0.46489953190224736,1.077261678523998,0.028599584953891005,down_proj
llama,21,1017.8293113708496,0.0020478416462333835,0.46689615394050055,1.0584480293333582,0.028295872835003878,down_proj
llama,22,1017.9108724594116,0.0020539176707365073,0.46173631880417965,1.062284464528651,0.028907923575972643,down_proj
llama,23,995.4202480316162,0.0020443833604150883,0.46701966457964195,1.098437613179899,0.027463905453514702,down_proj
llama,24,1005.1461601257324,0.0020570645526963834,0.47056701866970946,1.0880435871880187,0.02866797531891765,down_proj
llama,25,976.0002841949463,0.002057267695057149,0.4689358849868653,1.0416516900143005,0.027197972156854332,down_proj
llama,26,1007.3407325744629,0.0020536062668780894,0.46572413714132255,1.0459911807613393,0.027563552435941763,down_proj
llama,27,1002.206859588623,0.0020482978042291136,0.47503717029461767,1.0453422377410666,0.028007380348844823,down_proj
llama,28,989.184944152832,0.0020555488917292377,0.46779464334285314,1.019040480974633,0.025740430526563364,down_proj
llama,29,995.8241004943848,0.0020445950177251076,0.4609936623119956,0.9774146027635522,0.024481610874367905,down_proj
llama,30,1121.2862815856934,0.0020407608577183317,0.43101729715868836,0.9672712907765965,0.0299299568526038,down_proj
llama,31,1260.259033203125,0.0020478671910811445,0.32417078858880943,0.5417663230879146,0.02735397301069098,gate_proj
q7,0,5843.665367603302,0.002097688229613229,0.011943613942664598,0.08097988094674412,0.07961804015210232,gate_proj
q7,1,2269.7807092666626,0.002063889488825589,0.013787731185191516,0.026055355973577974,0.05683443087730452,down_proj
q7,2,2618.081823348999,0.002050283304409405,0.02812324172862613,0.057201184617757424,0.05215806676199986,down_proj
q7,3,1403.7906875610352,0.002056270314112086,0.10168591429724944,0.07363657005063254,0.04038426360225539,gate_proj
q7,4,1430.4730415344238,0.002050155857270439,0.18905077438567058,0.22755924039546815,0.03503269427895802,gate_proj
q7,5,2480.451780319214,0.002059322132041161,0.20781182130438414,0.4045803931295568,0.0420446317313638,down_proj
q7,6,2009.8636674880981,0.0020405865008644476,0.23265885530582303,0.4446620351488191,0.03484541397072315,down_proj
q7,7,1861.8447399139404,0.0020359944962842764,0.493082780064516,0.8640183378387195,0.03454996493694,down_proj
q7,8,1675.0269956588745,0.002045106966720388,0.5096052193766902,0.8947891290399136,0.03402978205420715,down_proj
q7,9,1873.2873573303223,0.002042098132142426,0.3945592876506375,0.8025180376989647,0.034192281412294225,down_proj
q7,10,1745.2966785430908,0.002046523012644141,0.47152647167466183,0.9446540212969408,0.031384100897822294,down_proj
q7,11,1672.1897325515747,0.002049897055415132,0.49107662906687344,0.887752132003995,0.033984583759392235,down_proj
q7,12,1736.6169338226318,0.0020409000088029905,0.4930858943780157,0.9262563407202052,0.034176853603672,down_proj
q7,13,1778.6196823120117,0.0020450877294163924,0.47367315611701377,0.9197618402362925,0.0353715224708166,down_proj
q7,14,1887.8436241149902,0.002040784885561896,0.46436313080120944,0.9471188572561889,0.03973175560537233,down_proj
q7,15,1847.1207122802734,0.002042080097169931,0.45796009046171116,0.942104677733219,0.03896789828780773,down_proj
q7,16,1726.623435974121,0.002059637744059828,0.480852396397788,0.983819266435238,0.037210767211829573,down_proj
q7,17,1766.3383769989014,0.002044166442904759,0.4884631113294768,0.9876089879947134,0.03551521396383698,down_proj
q7,18,1896.7966289520264,0.002052055240457066,0.4475075642189808,0.9594235261634582,0.03580085993599991,down_proj
q7,19,1945.5739822387695,0.002049457302669122,0.40214959644540277,0.9554106184380989,0.0363849197174221,down_proj
q7,20,2064.6021575927734,0.002053463170643197,0.39592564266611924,0.9626990943447628,0.035252262018790545,down_proj
q7,21,2170.3678436279297,0.0020407848855618954,0.3698926108219704,0.9695979708782516,0.03951053368033864,down_proj
q7,22,2270.9022941589355,0.002061859352088371,0.35694626976369553,0.9786305962132664,0.04468301048623678,down_proj
q7,23,2249.6608238220215,0.002038576202596974,0.35195628294950154,0.9874600091640189,0.04638346653517644,down_proj
q7,24,2192.9335327148438,0.0020615305144232074,0.35429886476781564,1.058437330781026,0.04070720105382982,down_proj
q7,25,2234.039749145508,0.002049117644020461,0.35961207863958916,1.0527358470914838,0.04634109323817666,down_proj
q7,26,1774.0510635375977,0.002059597165371714,0.20219516283349398,0.1996186996194544,0.051298193756163075,down_proj
q7,27,1753.988784790039,0.002060920030604242,0.13571124591523664,0.5455684862172203,0.059142933536778096,down_proj
q14,0,6352.851898193359,0.0020890081496465775,0.1751132719313664,0.3844044055282131,0.05687702382972239,down_proj
q14,1,1417.2551441192627,0.002006344063572152,0.004154350005092827,0.008883966220655102,0.13828466179484794,down_proj
q14,2,2424.298500061035,0.0020432321861307457,0.00516111001313226,0.011181877828013949,0.09013903829695269,down_proj
q14,3,3467.7543029785156,0.0020413835717256737,0.01033923272572277,0.02794838355840851,0.07182081442613931,down_proj
q14,4,2882.2147369384766,0.0020282743342969786,0.0460713406380643,1.8074137691715524,0.06614177707817272,q_proj
q14,5,3286.749397277832,0.002045714363219246,0.06272035997274232,0.1729245345399069,0.039472461686924906,down_proj
q14,6,3322.427406311035,0.002048411697306961,0.08144271765908401,0.224597970924911,0.035797412398845055,down_proj
q14,7,4148.413524627686,0.0020483463024966934,0.11403472837300534,0.36154953688297814,0.0352567114059822,down_proj
q14,8,4264.8606300354,0.0020367617329592426,0.14897980498106386,0.4786768590789786,0.03954283399203342,down_proj
q14,9,3296.689033508301,0.002040573200851521,0.44168324409854787,0.8674155284588188,0.030592169618865878,down_proj
q14,10,3245.5960540771484,0.0020410448911959535,0.45874831061511556,0.8997345533830238,0.028487573455566493,down_proj
q14,11,3332.7416229248047,0.0020362480607613053,0.29434283589878985,0.6279444529545642,0.03132433477672986,down_proj
q14,12,2968.6796913146973,0.0020406616049468834,0.47468570149647793,0.8705492613973475,0.02858591404878031,down_proj
q14,13,2963.9338035583496,0.0020398532524310725,0.47699939009304354,0.9219656678639857,0.029060195306571068,down_proj
q14,14,2879.3688926696777,0.002036137051052517,0.47931894972831424,0.9177194442637242,0.026879080719028305,down_proj
q14,15,2938.013069152832,0.002035214661290406,0.4860230375721697,0.9356536437399078,0.025968614847899724,down_proj
q14,16,3057.1895713806152,0.0020341148578300675,0.4504701631399702,0.903958703671019,0.02830154929870357,down_proj
q14,17,2945.888614654541,0.002041006744223297,0.4564456017574882,0.9176626391976084,0.027089297877893638,down_proj
q14,18,2972.1094551086426,0.002035381377689422,0.4433097414563593,0.903182427944104,0.027511297678672487,down_proj
q14,19,3017.5894775390625,0.0020347391360651247,0.43485658443250874,0.9150692167139908,0.02840534450941912,down_proj
q14,20,3146.3436737060547,0.002034675961449033,0.42675699141650647,0.910819565534427,0.030108050012065447,down_proj
q14,21,2917.2545280456543,0.0020370513673812624,0.4379244498510389,0.9025077569148239,0.026848408157132832,down_proj
q14,22,2971.960983276367,0.002034083371439939,0.43741052343778997,0.9125701196495987,0.027933876704988172,down_proj
q14,23,3059.5993614196777,0.0020326576031074323,0.4497881478837605,0.9355903807038166,0.02788055107718256,down_proj
q14,24,3037.5376892089844,0.0020325469970703123,0.43405756044366156,0.864709453046906,0.028839995556753373,down_proj
q14,25,2965.1720428466797,0.0020384159794560185,0.4366454324573527,0.8702967199685252,0.0293813656165954,down_proj
q14,26,2890.737632751465,0.0020345764563827915,0.44855819017202464,0.8924248506861008,0.027134504611580613,down_proj
q14,27,2946.9262886047363,0.002033911003637566,0.4462546843264284,0.9141909071574851,0.027189682629835416,down_proj
q14,28,3154.732349395752,0.0020305859601056136,0.4320971741355283,0.9469874843097463,0.02861960760904591,down_proj
q14,29,3164.07905960083,0.0020363027582723627,0.41897129387781606,0.9222595835676803,0.029590149287031856,down_proj
q14,30,3185.6588401794434,0.0020367175309115616,0.419835580961164,0.8990729796415248,0.027730016239081872,down_proj
q14,31,3216.1185569763184,0.002037761627681672,0.41040039883009166,0.92428521673584,0.027084129211046765,down_proj
q14,32,3195.7022399902344,0.0020429443682312334,0.4184634907055259,0.9352410614883513,0.029819566057735853,down_proj
q14,33,3291.388572692871,0.0020388997799505003,0.4149559385165925,0.9577425311391515,0.027824142277703485,down_proj
q14,34,3453.7072525024414,0.0020444111092380746,0.40251463895109996,0.9626832308554553,0.030102445522484707,down_proj
q14,35,3616.312286376953,0.002041666141893498,0.3941707408514211,0.916516656097935,0.03150536057686694,down_proj
q14,36,3674.8552322387695,0.0020543250835761825,0.4018153452514745,0.9727331674003629,0.03369088059495075,down_proj
q14,37,3649.3704528808594,0.0020453506550460895,0.410853182411107,0.9879248303898082,0.034693632425354635,down_proj
q14,38,3502.801918029785,0.0020459644378177707,0.4151158002290895,0.9919265440646039,0.0322675308873806,down_proj
q14,39,3545.225028991699,0.0020422421813641903,0.4206289697852357,0.995517254786946,0.030870142343746083,down_proj
q14,40,3608.631103515625,0.0020499749158425303,0.41970995858475213,1.0291231255859343,0.03490924796078276,down_proj
q14,41,3485.355796813965,0.002044108960994337,0.4389668794120217,1.0547767928803835,0.03173192186399513,down_proj
q14,42,3612.7950286865234,0.0020363661347242894,0.4379526253231896,1.0660727593522246,0.03607323069821934,down_proj
q14,43,3701.042526245117,0.002043220075980696,0.4320424179720589,1.0757849727800308,0.03649692178010365,down_proj
q14,44,3169.754425048828,0.0020403957871532943,0.3277517729051696,1.0584476729081282,0.03351598149737399,down_proj
q14,45,3269.5919036865234,0.002040661403111049,0.3135458916038443,0.9884481429432105,0.035631296404225896,down_proj
q14,46,3198.0208129882812,0.0020441265207119088,0.17397401681646862,0.6992147193314899,0.035338914386909476,down_proj
q14,47,2450.9268646240234,0.0020455028392650466,0.06790617234416535,0.45580550232626943,0.0326731717147533,up_proj
