module,col_conc_top1pct,selected,act_overlap_top1pct,proj,mask_jaccard_vs_compare
model.layers.0.mlp.down_proj,0.5298,98163,0.0952,down_proj,0.0731
model.layers.0.mlp.gate_proj,0.2412,44980,0.3714,gate_proj,0.1453
model.layers.0.mlp.up_proj,0.2298,26901,0.3143,up_proj,0.1327
model.layers.0.self_attn.k_proj,0.0271,197555,0.3714,k_proj,0.2519
model.layers.0.self_attn.o_proj,0.1402,147955,0.5429,o_proj,0.2091
model.layers.0.self_attn.q_proj,0.0456,247092,0.2857,q_proj,0.0992
model.layers.0.self_attn.v_proj,0.1099,30998,0.7143,v_proj,0.1316
model.layers.1.mlp.down_proj,0.4782,95850,0.1693,down_proj,0.0902
model.layers.1.mlp.gate_proj,0.3636,84660,0.8571,gate_proj,0.1511
model.layers.1.mlp.up_proj,0.2365,54802,0.7714,up_proj,0.1332
model.layers.1.self_attn.k_proj,0.3103,13878,0.6857,k_proj,0.2415
model.layers.1.self_attn.o_proj,0.1046,77908,0.2,o_proj,0.1933
model.layers.1.self_attn.q_proj,0.6299,9881,0.7714,q_proj,0.2344
model.layers.1.self_attn.v_proj,0.1245,47257,0.6,v_proj,0.2405
model.layers.10.mlp.down_proj,0.2723,393203,0.0159,down_proj,0.0797
model.layers.10.mlp.gate_proj,0.1103,341502,0.5143,gate_proj,0.0776
model.layers.10.mlp.up_proj,0.0787,336932,0.2857,up_proj,0.0878
model.layers.10.self_attn.k_proj,0.1387,43875,0.7143,k_proj,0.2316
model.layers.10.self_attn.o_proj,0.1122,167973,0.0857,o_proj,0.1655
model.layers.10.self_attn.q_proj,0.2363,47754,0.6571,q_proj,0.1695
model.layers.10.self_attn.v_proj,0.07,71544,0.4,v_proj,0.197
model.layers.11.mlp.down_proj,0.2331,430048,0.0265,down_proj,0.0796
model.layers.11.mlp.gate_proj,0.095,379758,0.4,gate_proj,0.0713
model.layers.11.mlp.up_proj,0.0743,369369,0.2,up_proj,0.0847
model.layers.11.self_attn.k_proj,0.0806,80041,0.6857,k_proj,0.2546
model.layers.11.self_attn.o_proj,0.1064,228044,0.2,o_proj,0.1724
model.layers.11.self_attn.q_proj,0.1632,91169,0.5714,q_proj,0.1717
model.layers.11.self_attn.v_proj,0.0686,67785,0.4,v_proj,0.1836
model.layers.12.mlp.down_proj,0.2059,498257,0.0159,down_proj,0.0928
model.layers.12.mlp.gate_proj,0.1024,379294,0.5143,gate_proj,0.0805
model.layers.12.mlp.up_proj,0.0683,435940,0.2857,up_proj,0.1017
model.layers.12.self_attn.k_proj,0.0973,58808,0.6286,k_proj,0.2384
model.layers.12.self_attn.o_proj,0.0951,269842,0.4571,o_proj,0.1714
model.layers.12.self_attn.q_proj,0.1856,74816,0.5714,q_proj,0.1575
model.layers.12.self_attn.v_proj,0.062,88184,0.3429,v_proj,0.2226
model.layers.13.mlp.down_proj,0.2159,446237,0.037,down_proj,0.0869
model.layers.13.mlp.gate_proj,0.1087,368878,0.6,gate_proj,0.0867
model.layers.13.mlp.up_proj,0.0795,392736,0.3714,up_proj,0.1005
model.layers.13.self_attn.k_proj,0.1143,51065,0.6571,k_proj,0.2341
model.layers.13.self_attn.o_proj,0.0811,362624,0.0857,o_proj,0.1817
model.layers.13.self_attn.q_proj,0.1994,69350,0.6,q_proj,0.1555
model.layers.13.self_attn.v_proj,0.0359,166047,0.1429,v_proj,0.2314
model.layers.14.mlp.down_proj,0.2144,563197,0.0317,down_proj,0.0913
model.layers.14.mlp.gate_proj,0.1004,417114,0.6,gate_proj,0.094
model.layers.14.mlp.up_proj,0.0671,475740,0.4,up_proj,0.1156
model.layers.14.self_attn.k_proj,0.074,74532,0.7143,k_proj,0.2675
model.layers.14.self_attn.o_proj,0.1157,268445,0.2857,o_proj,0.1811
model.layers.14.self_attn.q_proj,0.1397,102585,0.5429,q_proj,0.1686
model.layers.14.self_attn.v_proj,0.0518,91130,0.5143,v_proj,0.21
model.layers.15.mlp.down_proj,0.1854,580657,0.037,down_proj,0.0829
model.layers.15.mlp.gate_proj,0.0984,453208,0.6286,gate_proj,0.0791
model.layers.15.mlp.up_proj,0.0746,464649,0.4571,up_proj,0.096
model.layers.15.self_attn.k_proj,0.0949,59182,0.5714,k_proj,0.2262
model.layers.15.self_attn.o_proj,0.1281,220734,0.5714,o_proj,0.2029
model.layers.15.self_attn.q_proj,0.178,80478,0.5429,q_proj,0.1625
model.layers.15.self_attn.v_proj,0.0691,90180,0.4857,v_proj,0.2289
model.layers.16.mlp.down_proj,0.1958,453435,0.0106,down_proj,0.0762
model.layers.16.mlp.gate_proj,0.0997,406187,0.5143,gate_proj,0.0747
model.layers.16.mlp.up_proj,0.0746,406515,0.3714,up_proj,0.0828
model.layers.16.self_attn.k_proj,0.083,65210,0.7429,k_proj,0.224
model.layers.16.self_attn.o_proj,0.104,285871,0.3714,o_proj,0.1763
model.layers.16.self_attn.q_proj,0.1401,112768,0.5714,q_proj,0.1474
model.layers.16.self_attn.v_proj,0.0434,126308,0.5143,v_proj,0.1757
model.layers.17.mlp.down_proj,0.1895,489459,0.0423,down_proj,0.0886
model.layers.17.mlp.gate_proj,0.102,453640,0.5714,gate_proj,0.0799
model.layers.17.mlp.up_proj,0.0674,501326,0.4,up_proj,0.0951
model.layers.17.self_attn.k_proj,0.0966,53163,0.8286,k_proj,0.2306
model.layers.17.self_attn.o_proj,0.162,161637,0.4,o_proj,0.1827
model.layers.17.self_attn.q_proj,0.1779,68759,0.6571,q_proj,0.1488
model.layers.17.self_attn.v_proj,0.0598,89006,0.6286,v_proj,0.209
model.layers.18.mlp.down_proj,0.1857,549101,0.0423,down_proj,0.0864
model.layers.18.mlp.gate_proj,0.1102,474621,0.6,gate_proj,0.0889
model.layers.18.mlp.up_proj,0.0809,518098,0.4857,up_proj,0.0947
model.layers.18.self_attn.k_proj,0.1404,36124,0.7429,k_proj,0.2235
model.layers.18.self_attn.o_proj,0.0714,385413,0.2571,o_proj,0.1969
model.layers.18.self_attn.q_proj,0.2288,50937,0.6571,q_proj,0.1845
model.layers.18.self_attn.v_proj,0.0329,194006,0.3429,v_proj,0.2601
model.layers.19.mlp.down_proj,0.2112,533950,0.0476,down_proj,0.0826
model.layers.19.mlp.gate_proj,0.1133,474152,0.6,gate_proj,0.0866
model.layers.19.mlp.up_proj,0.095,446975,0.4857,up_proj,0.0839
model.layers.19.self_attn.k_proj,0.1139,46276,0.7714,k_proj,0.259
model.layers.19.self_attn.o_proj,0.0908,367872,0.2,o_proj,0.1944
model.layers.19.self_attn.q_proj,0.1534,73233,0.5429,q_proj,0.1794
model.layers.19.self_attn.v_proj,0.0326,216319,0.4857,v_proj,0.2765
model.layers.2.mlp.down_proj,0.5684,111569,0.0952,down_proj,0.0565
model.layers.2.mlp.gate_proj,0.3834,86843,0.8,gate_proj,0.1235
model.layers.2.mlp.up_proj,0.2663,46740,0.6286,up_proj,0.127
model.layers.2.self_attn.k_proj,0.1621,22334,0.5143,k_proj,0.201
model.layers.2.self_attn.o_proj,0.1538,48583,0.1429,o_proj,0.1643
model.layers.2.self_attn.q_proj,0.4023,11893,0.4857,q_proj,0.1434
model.layers.2.self_attn.v_proj,0.1534,17143,0.4571,v_proj,0.1507
model.layers.20.mlp.down_proj,0.2105,600681,0.037,down_proj,0.0842
model.layers.20.mlp.gate_proj,0.1089,499728,0.5429,gate_proj,0.0848
model.layers.20.mlp.up_proj,0.0881,477315,0.4571,up_proj,0.0817
model.layers.20.self_attn.k_proj,0.1429,34035,0.7714,k_proj,0.2294
model.layers.20.self_attn.o_proj,0.0868,217629,0.1714,o_proj,0.1546
model.layers.20.self_attn.q_proj,0.1694,60449,0.6,q_proj,0.1638
model.layers.20.self_attn.v_proj,0.0481,126895,0.6286,v_proj,0.2292
model.layers.21.mlp.down_proj,0.2426,518326,0.0529,down_proj,0.0816
model.layers.21.mlp.gate_proj,0.1055,486892,0.6571,gate_proj,0.0839
model.layers.21.mlp.up_proj,0.0885,403488,0.5429,up_proj,0.0782
model.layers.21.self_attn.k_proj,0.1485,34681,0.7143,k_proj,0.2473
model.layers.21.self_attn.o_proj,0.0904,244344,0.0,o_proj,0.1869
model.layers.21.self_attn.q_proj,0.1788,54627,0.6286,q_proj,0.1598
model.layers.21.self_attn.v_proj,0.041,175422,0.4286,v_proj,0.271
model.layers.22.mlp.down_proj,0.2486,443548,0.0635,down_proj,0.0718
model.layers.22.mlp.gate_proj,0.1124,434649,0.6286,gate_proj,0.077
model.layers.22.mlp.up_proj,0.0898,358357,0.5429,up_proj,0.0769
model.layers.22.self_attn.k_proj,0.0944,43979,0.6857,k_proj,0.2066
model.layers.22.self_attn.o_proj,0.1459,64535,0.0286,o_proj,0.1324
model.layers.22.self_attn.q_proj,0.1516,57575,0.4571,q_proj,0.1239
model.layers.22.self_attn.v_proj,0.0655,101079,0.4571,v_proj,0.2525
model.layers.23.mlp.down_proj,0.3124,336963,0.0582,down_proj,0.0531
model.layers.23.mlp.gate_proj,0.1186,338668,0.6,gate_proj,0.0663
model.layers.23.mlp.up_proj,0.0873,254207,0.5429,up_proj,0.0557
model.layers.23.self_attn.k_proj,0.1711,25857,0.4286,k_proj,0.2388
model.layers.23.self_attn.o_proj,0.1054,149531,0.2,o_proj,0.151
model.layers.23.self_attn.q_proj,0.2661,32040,0.3143,q_proj,0.1536
model.layers.23.self_attn.v_proj,0.0659,112532,0.2,v_proj,0.2857
model.layers.24.mlp.down_proj,0.3251,263938,0.0529,down_proj,0.0489
model.layers.24.mlp.gate_proj,0.1271,258213,0.6,gate_proj,0.0662
model.layers.24.mlp.up_proj,0.0902,195062,0.4857,up_proj,0.0571
model.layers.24.self_attn.k_proj,0.1592,24713,0.6,k_proj,0.2436
model.layers.24.self_attn.o_proj,0.1426,90428,0.2571,o_proj,0.1279
model.layers.24.self_attn.q_proj,0.2775,27609,0.5714,q_proj,0.1985
model.layers.24.self_attn.v_proj,0.0734,92445,0.4286,v_proj,0.2532
model.layers.25.mlp.down_proj,0.3783,227912,0.0952,down_proj,0.0509
model.layers.25.mlp.gate_proj,0.1171,210107,0.5143,gate_proj,0.0573
model.layers.25.mlp.up_proj,0.0812,177447,0.4571,up_proj,0.0524
model.layers.25.self_attn.k_proj,0.1423,34664,0.4571,k_proj,0.1784
model.layers.25.self_attn.o_proj,0.1186,104850,0.2,o_proj,0.1278
model.layers.25.self_attn.q_proj,0.2973,34771,0.4286,q_proj,0.1355
model.layers.25.self_attn.v_proj,0.0454,171473,0.3143,v_proj,0.2689
model.layers.26.mlp.down_proj,0.4009,212366,0.1958,down_proj,0.0734
model.layers.26.mlp.gate_proj,0.1364,166171,0.5714,gate_proj,0.067
model.layers.26.mlp.up_proj,0.0881,168975,0.5714,up_proj,0.0782
model.layers.26.self_attn.k_proj,0.1792,23428,0.2571,k_proj,0.258
model.layers.26.self_attn.o_proj,0.1365,74219,0.1429,o_proj,0.1389
model.layers.26.self_attn.q_proj,0.3035,33602,0.1714,q_proj,0.2181
model.layers.26.self_attn.v_proj,0.0566,130143,0.2,v_proj,0.3141
model.layers.27.mlp.down_proj,0.2905,320233,0.4286,down_proj,0.0917
model.layers.27.mlp.gate_proj,0.1514,158285,0.5714,gate_proj,0.0536
model.layers.27.mlp.up_proj,0.0938,152829,0.6,up_proj,0.0595
model.layers.27.self_attn.k_proj,0.4059,6060,0.1714,k_proj,0.2038
model.layers.27.self_attn.o_proj,0.1001,89841,0.0571,o_proj,0.269
model.layers.27.self_attn.q_proj,0.4563,12698,0.2,q_proj,0.1917
model.layers.27.self_attn.v_proj,0.128,70912,0.2857,v_proj,0.3019
model.layers.3.mlp.down_proj,0.4014,220484,0.3545,down_proj,0.0949
model.layers.3.mlp.gate_proj,0.3422,151090,0.8286,gate_proj,0.117
model.layers.3.mlp.up_proj,0.1766,119477,0.6286,up_proj,0.1139
model.layers.3.self_attn.k_proj,0.1441,33272,0.5429,k_proj,0.25
model.layers.3.self_attn.o_proj,0.0947,126280,0.0286,o_proj,0.1728
model.layers.3.self_attn.q_proj,0.3635,21274,0.4286,q_proj,0.2066
model.layers.3.self_attn.v_proj,0.0942,53507,0.4,v_proj,0.2259
model.layers.4.mlp.down_proj,0.4007,199160,0.0952,down_proj,0.0774
model.layers.4.mlp.gate_proj,0.3439,165848,0.8286,gate_proj,0.1058
model.layers.4.mlp.up_proj,0.1544,121103,0.6857,up_proj,0.0951
model.layers.4.self_attn.k_proj,0.1554,31808,0.2286,k_proj,0.2738
model.layers.4.self_attn.o_proj,0.132,72749,0.0857,o_proj,0.1419
model.layers.4.self_attn.q_proj,0.3043,26823,0.3429,q_proj,0.2081
model.layers.4.self_attn.v_proj,0.0825,47333,0.1714,v_proj,0.2196
model.layers.5.mlp.down_proj,0.332,236187,0.0688,down_proj,0.0876
model.layers.5.mlp.gate_proj,0.3262,205631,0.7714,gate_proj,0.1195
model.layers.5.mlp.up_proj,0.1324,215120,0.6571,up_proj,0.116
model.layers.5.self_attn.k_proj,0.1047,47390,0.6286,k_proj,0.2566
model.layers.5.self_attn.o_proj,0.1787,67331,0.3143,o_proj,0.1594
model.layers.5.self_attn.q_proj,0.2066,44744,0.4857,q_proj,0.1629
model.layers.5.self_attn.v_proj,0.0997,39050,0.4857,v_proj,0.2093
model.layers.6.mlp.down_proj,0.2815,283176,0.0476,down_proj,0.0807
model.layers.6.mlp.gate_proj,0.1448,343954,0.6,gate_proj,0.094
model.layers.6.mlp.up_proj,0.0691,234430,0.4286,up_proj,0.0753
model.layers.6.self_attn.k_proj,0.1523,34558,0.6857,k_proj,0.1976
model.layers.6.self_attn.o_proj,0.098,112628,0.2571,o_proj,0.176
model.layers.6.self_attn.q_proj,0.4006,26773,0.6571,q_proj,0.1573
model.layers.6.self_attn.v_proj,0.0678,75543,0.4571,v_proj,0.2251
model.layers.7.mlp.down_proj,0.2712,363635,0.0582,down_proj,0.0883
model.layers.7.mlp.gate_proj,0.1281,312104,0.5429,gate_proj,0.099
model.layers.7.mlp.up_proj,0.078,268788,0.5143,up_proj,0.0882
model.layers.7.self_attn.k_proj,0.1571,36593,0.6857,k_proj,0.2364
model.layers.7.self_attn.o_proj,0.079,182975,0.0286,o_proj,0.1476
model.layers.7.self_attn.q_proj,0.2521,42432,0.6571,q_proj,0.1791
model.layers.7.self_attn.v_proj,0.0365,128384,0.2857,v_proj,0.2466
model.layers.8.mlp.down_proj,0.2816,326451,0.0212,down_proj,0.0771
model.layers.8.mlp.gate_proj,0.1257,281459,0.5714,gate_proj,0.0861
model.layers.8.mlp.up_proj,0.0719,236912,0.3714,up_proj,0.0767
model.layers.8.self_attn.k_proj,0.078,72131,0.5143,k_proj,0.2315
model.layers.8.self_attn.o_proj,0.1311,149840,0.3429,o_proj,0.1648
model.layers.8.self_attn.q_proj,0.168,66307,0.4571,q_proj,0.1523
model.layers.8.self_attn.v_proj,0.0694,71223,0.4286,v_proj,0.2092
model.layers.9.mlp.down_proj,0.2887,228614,0.0635,down_proj,0.0676
model.layers.9.mlp.gate_proj,0.2682,195351,0.6571,gate_proj,0.0908
model.layers.9.mlp.up_proj,0.0943,176993,0.3429,up_proj,0.0708
model.layers.9.self_attn.k_proj,0.1382,36131,0.7143,k_proj,0.237
model.layers.9.self_attn.o_proj,0.0673,245414,0.0571,o_proj,0.1542
model.layers.9.self_attn.q_proj,0.2483,40901,0.5429,q_proj,0.179
model.layers.9.self_attn.v_proj,0.0396,173869,0.0857,v_proj,0.2541
