module,act_overlap_top1pct,mask_jaccard_vs_compare,col_conc_top1pct,proj,selected
model.layers.0.mlp.down_proj,0.1538,0.1362,0.8641,down_proj,2333
model.layers.0.mlp.gate_proj,0.15,0.1239,0.4942,gate_proj,943
model.layers.0.mlp.up_proj,0.225,0.1397,0.7228,up_proj,404
model.layers.0.self_attn.k_proj,0.5,0.2099,0.4675,k_proj,5288
model.layers.0.self_attn.o_proj,0.125,0.1531,0.6307,o_proj,1917
model.layers.0.self_attn.q_proj,0.4,0.1132,0.528,q_proj,3282
model.layers.0.self_attn.v_proj,0.325,0.2065,0.9528,v_proj,127
model.layers.1.mlp.down_proj,0.1748,0.2119,0.9217,down_proj,1111
model.layers.1.mlp.gate_proj,0.225,0.1736,0.3976,gate_proj,1064
model.layers.1.mlp.up_proj,0.3,0.1894,0.4229,up_proj,629
model.layers.1.self_attn.k_proj,0.35,0.1857,0.5418,k_proj,2394
model.layers.1.self_attn.o_proj,0.175,0.1906,0.515,o_proj,1763
model.layers.1.self_attn.q_proj,0.325,0.1715,0.6523,q_proj,1231
model.layers.1.self_attn.v_proj,0.225,0.1429,1.0,v_proj,49
model.layers.10.mlp.down_proj,0.042,0.2679,1.0,down_proj,140
model.layers.10.mlp.gate_proj,0.575,0.1186,0.7756,gate_proj,303
model.layers.10.mlp.up_proj,0.525,0.1667,0.8357,up_proj,140
model.layers.10.self_attn.k_proj,0.575,0.1358,0.5201,k_proj,1242
model.layers.10.self_attn.o_proj,0.3,0.1265,0.8434,o_proj,166
model.layers.10.self_attn.q_proj,0.525,0.0878,0.6018,q_proj,1243
model.layers.10.self_attn.v_proj,0.2,0.4651,1.0,v_proj,29
model.layers.11.mlp.down_proj,0.0559,0.2171,1.0,down_proj,181
model.layers.11.mlp.gate_proj,0.475,0.1696,0.7518,gate_proj,274
model.layers.11.mlp.up_proj,0.475,0.2148,0.7921,up_proj,178
model.layers.11.self_attn.k_proj,0.725,0.313,0.9238,k_proj,446
model.layers.11.self_attn.o_proj,0.5,0.1198,0.8658,o_proj,313
model.layers.11.self_attn.q_proj,0.7,0.2251,0.9665,q_proj,537
model.layers.11.self_attn.v_proj,0.075,0.4615,1.0,v_proj,24
model.layers.12.mlp.down_proj,0.0629,0.1688,0.9901,down_proj,304
model.layers.12.mlp.gate_proj,0.5,0.143,0.6207,gate_proj,725
model.layers.12.mlp.up_proj,0.45,0.1777,0.7557,up_proj,307
model.layers.12.self_attn.k_proj,0.725,0.1995,0.9499,k_proj,399
model.layers.12.self_attn.o_proj,0.25,0.2066,0.65,o_proj,160
model.layers.12.self_attn.q_proj,0.725,0.2269,0.9767,q_proj,557
model.layers.12.self_attn.v_proj,0.3,0.3333,1.0,v_proj,37
model.layers.13.mlp.down_proj,0.042,0.1915,1.0,down_proj,222
model.layers.13.mlp.gate_proj,0.425,0.1363,0.6327,gate_proj,520
model.layers.13.mlp.up_proj,0.475,0.1785,0.7454,up_proj,271
model.layers.13.self_attn.k_proj,0.8,0.2763,0.8624,k_proj,1097
model.layers.13.self_attn.o_proj,0.25,0.1594,0.6789,o_proj,190
model.layers.13.self_attn.q_proj,0.7,0.1127,0.6215,q_proj,1300
model.layers.13.self_attn.v_proj,0.25,0.1699,1.0,v_proj,34
model.layers.14.mlp.down_proj,0.0629,0.1448,1.0,down_proj,285
model.layers.14.mlp.gate_proj,0.3,0.1177,0.6068,gate_proj,585
model.layers.14.mlp.up_proj,0.375,0.081,0.7238,up_proj,362
model.layers.14.self_attn.k_proj,0.675,0.2242,0.5802,k_proj,2263
model.layers.14.self_attn.o_proj,0.225,0.0623,0.6177,o_proj,327
model.layers.14.self_attn.q_proj,0.6,0.1688,0.731,q_proj,1260
model.layers.14.self_attn.v_proj,0.275,0.2054,1.0,v_proj,72
model.layers.15.mlp.down_proj,0.0629,0.1399,1.0,down_proj,269
model.layers.15.mlp.gate_proj,0.375,0.1091,0.6113,gate_proj,337
model.layers.15.mlp.up_proj,0.325,0.1477,0.8844,up_proj,199
model.layers.15.self_attn.k_proj,0.7,0.1732,0.6161,k_proj,1469
model.layers.15.self_attn.o_proj,0.125,0.2218,0.4826,o_proj,172
model.layers.15.self_attn.q_proj,0.6,0.123,0.6278,q_proj,1534
model.layers.15.self_attn.v_proj,0.275,0.0824,0.9333,v_proj,135
model.layers.16.mlp.down_proj,0.0559,0.1748,1.0,down_proj,331
model.layers.16.mlp.gate_proj,0.425,0.1615,0.7212,gate_proj,269
model.layers.16.mlp.up_proj,0.35,0.2034,0.7123,up_proj,146
model.layers.16.self_attn.k_proj,0.675,0.206,0.8358,k_proj,1090
model.layers.16.self_attn.o_proj,0.3,0.1424,0.551,o_proj,98
model.layers.16.self_attn.q_proj,0.55,0.106,0.7733,q_proj,944
model.layers.16.self_attn.v_proj,0.175,0.2025,1.0,v_proj,40
model.layers.17.mlp.down_proj,0.0769,0.219,1.0,down_proj,398
model.layers.17.mlp.gate_proj,0.45,0.1061,0.7153,gate_proj,274
model.layers.17.mlp.up_proj,0.275,0.2,0.8742,up_proj,151
model.layers.17.self_attn.k_proj,0.75,0.2309,0.9059,k_proj,744
model.layers.17.self_attn.o_proj,0.05,0.1885,0.56,o_proj,75
model.layers.17.self_attn.q_proj,0.675,0.1259,0.8884,q_proj,448
model.layers.17.self_attn.v_proj,0.05,0.0952,1.0,v_proj,7
model.layers.18.mlp.down_proj,0.0559,0.1561,1.0,down_proj,186
model.layers.18.mlp.gate_proj,0.375,0.1678,0.7397,gate_proj,219
model.layers.18.mlp.up_proj,0.3,0.1558,0.7119,up_proj,118
model.layers.18.self_attn.k_proj,0.75,0.2307,0.9456,k_proj,423
model.layers.18.self_attn.o_proj,0.05,0.2571,1.0,o_proj,28
model.layers.18.self_attn.q_proj,0.625,0.1044,1.0,q_proj,213
model.layers.18.self_attn.v_proj,0.0,0.0625,1.0,v_proj,2
model.layers.19.mlp.down_proj,0.0629,0.2363,1.0,down_proj,103
model.layers.19.mlp.gate_proj,0.475,0.125,0.8381,gate_proj,105
model.layers.19.mlp.up_proj,0.275,0.1186,1.0,up_proj,55
model.layers.19.self_attn.k_proj,0.65,0.1729,0.8363,k_proj,733
model.layers.19.self_attn.o_proj,0.125,0.2769,0.9756,o_proj,41
model.layers.19.self_attn.q_proj,0.6,0.1127,0.8782,q_proj,542
model.layers.19.self_attn.v_proj,0.125,0.0,1.0,v_proj,14
model.layers.2.mlp.down_proj,0.1399,0.1592,0.9592,down_proj,661
model.layers.2.mlp.gate_proj,0.2,0.1443,0.5828,gate_proj,477
model.layers.2.mlp.up_proj,0.15,0.2188,0.5356,up_proj,295
model.layers.2.self_attn.k_proj,0.275,0.1318,0.4353,k_proj,2527
model.layers.2.self_attn.o_proj,0.125,0.1827,0.6565,o_proj,524
model.layers.2.self_attn.q_proj,0.3,0.0774,0.6266,q_proj,932
model.layers.2.self_attn.v_proj,0.025,0.1607,1.0,v_proj,35
model.layers.20.mlp.down_proj,0.035,0.1919,1.0,down_proj,126
model.layers.20.mlp.gate_proj,0.35,0.1453,0.7766,gate_proj,94
model.layers.20.mlp.up_proj,0.275,0.1414,0.9153,up_proj,59
model.layers.20.self_attn.k_proj,0.625,0.2309,0.8852,k_proj,784
model.layers.20.self_attn.o_proj,0.0,0.0281,0.5865,o_proj,312
model.layers.20.self_attn.q_proj,0.65,0.136,0.9511,q_proj,532
model.layers.20.self_attn.v_proj,0.05,0.12,1.0,v_proj,20
model.layers.21.mlp.down_proj,0.0769,0.249,1.0,down_proj,142
model.layers.21.mlp.gate_proj,0.325,0.1102,0.7177,gate_proj,124
model.layers.21.mlp.up_proj,0.225,0.1204,1.0,up_proj,49
model.layers.21.self_attn.k_proj,0.65,0.1691,0.8495,k_proj,897
model.layers.21.self_attn.o_proj,0.1,0.1003,0.8346,o_proj,127
model.layers.21.self_attn.q_proj,0.625,0.1543,0.8809,q_proj,915
model.layers.21.self_attn.v_proj,0.0,0.0682,1.0,v_proj,3
model.layers.22.mlp.down_proj,0.0839,0.2222,1.0,down_proj,46
model.layers.22.mlp.gate_proj,0.3,0.1465,0.8312,gate_proj,77
model.layers.22.mlp.up_proj,0.125,0.1,1.0,up_proj,19
model.layers.22.self_attn.k_proj,0.7,0.2409,0.9717,k_proj,283
model.layers.22.self_attn.o_proj,0.0,0.1111,1.0,o_proj,6
model.layers.22.self_attn.q_proj,0.675,0.1859,0.9964,q_proj,274
model.layers.23.mlp.down_proj,0.042,0.2174,1.0,down_proj,42
model.layers.23.mlp.gate_proj,0.325,0.1867,0.9444,gate_proj,72
model.layers.23.mlp.up_proj,0.325,0.1687,1.0,up_proj,40
model.layers.23.self_attn.k_proj,0.625,0.1916,0.9367,k_proj,395
model.layers.23.self_attn.o_proj,0.0,0.2593,1.0,o_proj,19
model.layers.23.self_attn.q_proj,0.55,0.1994,0.9804,q_proj,459
model.layers.24.mlp.down_proj,0.042,0.225,1.0,down_proj,37
model.layers.24.mlp.gate_proj,0.325,0.1742,0.8571,gate_proj,84
model.layers.24.mlp.up_proj,0.175,0.1918,0.6211,up_proj,95
model.layers.24.self_attn.k_proj,0.675,0.1665,0.884,k_proj,983
model.layers.24.self_attn.o_proj,0.0,0.3,1.0,o_proj,6
model.layers.24.self_attn.q_proj,0.65,0.0825,0.881,q_proj,958
model.layers.25.mlp.down_proj,0.0559,0.2875,1.0,down_proj,46
model.layers.25.mlp.gate_proj,0.35,0.1522,0.781,gate_proj,105
model.layers.25.mlp.up_proj,0.2,0.1613,1.0,up_proj,50
model.layers.25.self_attn.k_proj,0.7,0.2224,0.8981,k_proj,569
model.layers.25.self_attn.o_proj,0.075,0.1562,1.0,o_proj,22
model.layers.25.self_attn.q_proj,0.625,0.0862,0.9455,q_proj,532
model.layers.25.self_attn.v_proj,0.025,0.0,1.0,v_proj,1
model.layers.26.mlp.down_proj,0.035,0.2,1.0,down_proj,31
model.layers.26.mlp.gate_proj,0.325,0.1337,0.76,gate_proj,150
model.layers.26.mlp.up_proj,0.225,0.0864,1.0,up_proj,54
model.layers.26.self_attn.k_proj,0.625,0.1909,0.9123,k_proj,593
model.layers.26.self_attn.o_proj,0.125,0.3958,1.0,o_proj,32
model.layers.26.self_attn.q_proj,0.525,0.1398,0.9255,q_proj,779
model.layers.26.self_attn.v_proj,0.025,0.1042,1.0,v_proj,43
model.layers.27.mlp.down_proj,0.042,0.2353,1.0,down_proj,24
model.layers.27.mlp.gate_proj,0.3,0.072,0.6378,gate_proj,196
model.layers.27.mlp.up_proj,0.375,0.1141,1.0,up_proj,62
model.layers.27.self_attn.k_proj,0.6,0.194,0.9022,k_proj,644
model.layers.27.self_attn.o_proj,0.075,0.05,1.0,o_proj,4
model.layers.27.self_attn.q_proj,0.5,0.1317,0.9034,q_proj,559
model.layers.27.self_attn.v_proj,0.05,0.0652,1.0,v_proj,13
model.layers.28.mlp.down_proj,0.0839,0.2319,1.0,down_proj,45
model.layers.28.mlp.gate_proj,0.375,0.1095,0.8228,gate_proj,158
model.layers.28.mlp.up_proj,0.35,0.1207,0.8953,up_proj,86
model.layers.28.self_attn.k_proj,0.55,0.2169,0.9082,k_proj,403
model.layers.28.self_attn.o_proj,0.05,0.0789,1.0,o_proj,9
model.layers.28.self_attn.q_proj,0.45,0.1772,0.9712,q_proj,312
model.layers.28.self_attn.v_proj,0.075,0.0968,1.0,v_proj,14
model.layers.29.mlp.down_proj,0.1329,0.1592,1.0,down_proj,60
model.layers.29.mlp.gate_proj,0.425,0.1457,0.6667,gate_proj,291
model.layers.29.mlp.up_proj,0.325,0.0934,0.7268,up_proj,183
model.layers.29.self_attn.k_proj,0.525,0.1593,0.781,k_proj,1055
model.layers.29.self_attn.o_proj,0.175,0.2727,1.0,o_proj,17
model.layers.29.self_attn.q_proj,0.475,0.0477,0.7459,q_proj,1047
model.layers.29.self_attn.v_proj,0.175,0.0449,0.8429,v_proj,210
model.layers.3.mlp.down_proj,0.0909,0.1529,0.9775,down_proj,488
model.layers.3.mlp.gate_proj,0.3,0.1393,0.584,gate_proj,601
model.layers.3.mlp.up_proj,0.3,0.1207,0.5935,up_proj,428
model.layers.3.self_attn.k_proj,0.55,0.1039,0.8827,k_proj,503
model.layers.3.self_attn.o_proj,0.025,0.1008,0.7372,o_proj,137
model.layers.3.self_attn.q_proj,0.425,0.0835,0.9104,q_proj,469
model.layers.3.self_attn.v_proj,0.25,0.1429,1.0,v_proj,34
model.layers.30.mlp.down_proj,0.1818,0.0937,1.0,down_proj,95
model.layers.30.mlp.gate_proj,0.25,0.1183,0.6792,gate_proj,212
model.layers.30.mlp.up_proj,0.275,0.1081,0.7472,up_proj,178
model.layers.30.self_attn.k_proj,0.6,0.1834,0.8648,k_proj,1028
model.layers.30.self_attn.o_proj,0.025,0.0,1.0,o_proj,10
model.layers.30.self_attn.q_proj,0.475,0.0974,0.9572,q_proj,491
model.layers.30.self_attn.v_proj,0.125,0.0532,1.0,v_proj,40
model.layers.31.mlp.down_proj,0.2378,0.1288,0.8584,down_proj,791
model.layers.31.mlp.gate_proj,0.15,0.0615,0.3333,gate_proj,336
model.layers.31.mlp.up_proj,0.175,0.0894,0.6471,up_proj,187
model.layers.31.self_attn.k_proj,0.425,0.1535,0.8454,k_proj,938
model.layers.31.self_attn.o_proj,0.3,0.1471,0.6,o_proj,315
model.layers.31.self_attn.q_proj,0.425,0.06,0.9103,q_proj,301
model.layers.31.self_attn.v_proj,0.3,0.0915,0.9118,v_proj,136
model.layers.4.mlp.down_proj,0.021,0.1551,0.8563,down_proj,529
model.layers.4.mlp.gate_proj,0.35,0.0886,0.4817,gate_proj,1090
model.layers.4.mlp.up_proj,0.15,0.0709,0.5896,up_proj,636
model.layers.4.self_attn.k_proj,0.45,0.2469,0.5561,k_proj,1327
model.layers.4.self_attn.o_proj,0.2,0.1231,0.4687,o_proj,367
model.layers.4.self_attn.q_proj,0.475,0.1355,0.5872,q_proj,1267
model.layers.4.self_attn.v_proj,0.275,0.1296,1.0,v_proj,42
model.layers.5.mlp.down_proj,0.035,0.2255,1.0,down_proj,345
model.layers.5.mlp.gate_proj,0.45,0.1584,0.6737,gate_proj,472
model.layers.5.mlp.up_proj,0.325,0.2023,0.687,up_proj,230
model.layers.5.self_attn.k_proj,0.225,0.0714,0.2262,k_proj,5375
model.layers.5.self_attn.o_proj,0.3,0.2289,1.0,o_proj,114
model.layers.5.self_attn.q_proj,0.375,0.0506,0.6061,q_proj,1084
model.layers.5.self_attn.v_proj,0.175,0.1774,1.0,v_proj,50
model.layers.6.mlp.down_proj,0.035,0.1932,1.0,down_proj,209
model.layers.6.mlp.gate_proj,0.45,0.1549,0.7003,gate_proj,397
model.layers.6.mlp.up_proj,0.475,0.2081,0.657,up_proj,242
model.layers.6.self_attn.k_proj,0.675,0.2248,0.8191,k_proj,503
model.layers.6.self_attn.o_proj,0.45,0.28,1.0,o_proj,53
model.layers.6.self_attn.q_proj,0.55,0.145,0.9243,q_proj,423
model.layers.6.self_attn.v_proj,0.2,0.4375,1.0,v_proj,26
model.layers.7.mlp.down_proj,0.042,0.2053,1.0,down_proj,232
model.layers.7.mlp.gate_proj,0.55,0.1161,0.7586,gate_proj,348
model.layers.7.mlp.up_proj,0.5,0.2054,0.8315,up_proj,178
model.layers.7.self_attn.k_proj,0.65,0.1981,0.8217,k_proj,471
model.layers.7.self_attn.o_proj,0.225,0.1576,0.7484,o_proj,159
model.layers.7.self_attn.q_proj,0.675,0.1624,0.9402,q_proj,468
model.layers.7.self_attn.v_proj,0.175,0.3774,1.0,v_proj,31
model.layers.8.mlp.down_proj,0.035,0.1741,1.0,down_proj,168
model.layers.8.mlp.gate_proj,0.4,0.0867,0.6794,gate_proj,340
model.layers.8.mlp.up_proj,0.425,0.1379,0.8794,up_proj,141
model.layers.8.self_attn.k_proj,0.675,0.1963,0.8016,k_proj,640
model.layers.8.self_attn.o_proj,0.35,0.1447,0.95,o_proj,100
model.layers.8.self_attn.q_proj,0.65,0.1513,0.8124,q_proj,533
model.layers.8.self_attn.v_proj,0.225,0.2258,1.0,v_proj,22
model.layers.9.mlp.down_proj,0.049,0.1833,1.0,down_proj,169
model.layers.9.mlp.gate_proj,0.4,0.1404,0.699,gate_proj,299
model.layers.9.mlp.up_proj,0.45,0.1465,0.7294,up_proj,218
model.layers.9.self_attn.k_proj,0.775,0.2769,0.9262,k_proj,650
model.layers.9.self_attn.o_proj,0.375,0.1657,0.92,o_proj,125
model.layers.9.self_attn.q_proj,0.725,0.2384,0.9685,q_proj,794
model.layers.9.self_attn.v_proj,0.175,0.2182,1.0,v_proj,22
