module,col_conc_top1pct,act_overlap_top1pct,selected,proj
model.layers.0.mlp.down_proj,0.9358,0.1087,2150,down_proj
model.layers.0.mlp.gate_proj,0.7613,0.3137,243,gate_proj
model.layers.0.mlp.up_proj,0.799,0.2745,194,up_proj
model.layers.0.self_attn.k_proj,1.0,0.2941,186,k_proj
model.layers.0.self_attn.o_proj,0.3532,0.4314,4779,o_proj
model.layers.0.self_attn.q_proj,1.0,0.1765,72,q_proj
model.layers.0.self_attn.v_proj,1.0,0.4118,160,v_proj
model.layers.1.mlp.down_proj,0.929,0.4058,1028,down_proj
model.layers.1.mlp.gate_proj,0.6493,0.6275,1209,gate_proj
model.layers.1.mlp.up_proj,0.6252,0.5882,763,up_proj
model.layers.1.self_attn.k_proj,1.0,0.1961,28,k_proj
model.layers.1.self_attn.o_proj,0.5155,0.3725,710,o_proj
model.layers.1.self_attn.q_proj,1.0,0.1373,19,q_proj
model.layers.1.self_attn.v_proj,0.8478,0.451,289,v_proj
model.layers.10.mlp.down_proj,0.7361,0.029,3971,down_proj
model.layers.10.mlp.gate_proj,0.4022,0.3922,2591,gate_proj
model.layers.10.mlp.up_proj,0.451,0.3137,898,up_proj
model.layers.10.self_attn.k_proj,0.8372,0.6078,786,k_proj
model.layers.10.self_attn.o_proj,0.4587,0.0784,606,o_proj
model.layers.10.self_attn.q_proj,0.9009,0.5686,676,q_proj
model.layers.10.self_attn.v_proj,0.6861,0.4118,223,v_proj
model.layers.11.mlp.down_proj,0.8506,0.029,1158,down_proj
model.layers.11.mlp.gate_proj,0.7897,0.3137,2872,gate_proj
model.layers.11.mlp.up_proj,0.497,0.3529,499,up_proj
model.layers.11.self_attn.k_proj,0.7752,0.5686,1379,k_proj
model.layers.11.self_attn.o_proj,0.6376,0.1569,734,o_proj
model.layers.11.self_attn.q_proj,0.7206,0.5686,1292,q_proj
model.layers.11.self_attn.v_proj,0.6164,0.5882,696,v_proj
model.layers.12.mlp.down_proj,0.9174,0.0507,1913,down_proj
model.layers.12.mlp.gate_proj,0.5389,0.3333,1041,gate_proj
model.layers.12.mlp.up_proj,0.4141,0.3333,553,up_proj
model.layers.12.self_attn.k_proj,0.6835,0.5098,1109,k_proj
model.layers.12.self_attn.o_proj,0.6446,0.0784,453,o_proj
model.layers.12.self_attn.q_proj,0.7996,0.6078,1018,q_proj
model.layers.12.self_attn.v_proj,0.8732,0.3333,142,v_proj
model.layers.13.mlp.down_proj,0.895,0.0145,2648,down_proj
model.layers.13.mlp.gate_proj,0.5761,0.3725,1472,gate_proj
model.layers.13.mlp.up_proj,0.3916,0.3137,687,up_proj
model.layers.13.self_attn.k_proj,0.6596,0.549,1889,k_proj
model.layers.13.self_attn.o_proj,0.4346,0.1176,1583,o_proj
model.layers.13.self_attn.q_proj,0.735,0.6078,1532,q_proj
model.layers.13.self_attn.v_proj,0.7371,0.2549,232,v_proj
model.layers.14.mlp.down_proj,0.8658,0.0435,2884,down_proj
model.layers.14.mlp.gate_proj,0.5515,0.4118,2020,gate_proj
model.layers.14.mlp.up_proj,0.4289,0.3333,963,up_proj
model.layers.14.self_attn.k_proj,0.6504,0.4706,1696,k_proj
model.layers.14.self_attn.o_proj,0.5633,0.1176,545,o_proj
model.layers.14.self_attn.q_proj,0.7061,0.3922,1344,q_proj
model.layers.14.self_attn.v_proj,0.8628,0.4314,226,v_proj
model.layers.15.mlp.down_proj,0.933,0.0797,4271,down_proj
model.layers.15.mlp.gate_proj,0.5153,0.4706,1999,gate_proj
model.layers.15.mlp.up_proj,0.3481,0.3725,1221,up_proj
model.layers.15.self_attn.k_proj,0.8475,0.6078,1416,k_proj
model.layers.15.self_attn.o_proj,0.5975,0.098,564,o_proj
model.layers.15.self_attn.q_proj,0.9074,0.549,907,q_proj
model.layers.15.self_attn.v_proj,0.6321,0.2745,193,v_proj
model.layers.16.mlp.down_proj,0.8542,0.0797,4884,down_proj
model.layers.16.mlp.gate_proj,0.4913,0.5294,3554,gate_proj
model.layers.16.mlp.up_proj,0.4011,0.4314,2002,up_proj
model.layers.16.self_attn.k_proj,0.7495,0.5686,1649,k_proj
model.layers.16.self_attn.o_proj,0.3667,0.0784,1628,o_proj
model.layers.16.self_attn.q_proj,0.9397,0.5882,1011,q_proj
model.layers.16.self_attn.v_proj,0.7824,0.4118,432,v_proj
model.layers.17.mlp.down_proj,0.8181,0.0145,4223,down_proj
model.layers.17.mlp.gate_proj,0.4786,0.5098,3665,gate_proj
model.layers.17.mlp.up_proj,0.4018,0.4314,1914,up_proj
model.layers.17.self_attn.k_proj,0.6276,0.5882,2578,k_proj
model.layers.17.self_attn.o_proj,0.5621,0.2353,1619,o_proj
model.layers.17.self_attn.q_proj,0.8321,0.6471,1840,q_proj
model.layers.17.self_attn.v_proj,0.5696,0.4118,546,v_proj
model.layers.18.mlp.down_proj,0.7843,0.0507,4706,down_proj
model.layers.18.mlp.gate_proj,0.4551,0.5686,4944,gate_proj
model.layers.18.mlp.up_proj,0.3895,0.4902,2788,up_proj
model.layers.18.self_attn.k_proj,0.5753,0.6078,2557,k_proj
model.layers.18.self_attn.o_proj,0.4244,0.2157,3228,o_proj
model.layers.18.self_attn.q_proj,0.8068,0.6078,1734,q_proj
model.layers.18.self_attn.v_proj,0.3942,0.3333,1266,v_proj
model.layers.19.mlp.down_proj,0.7539,0.087,6210,down_proj
model.layers.19.mlp.gate_proj,0.473,0.6471,5220,gate_proj
model.layers.19.mlp.up_proj,0.2934,0.451,3783,up_proj
model.layers.19.self_attn.k_proj,0.4931,0.5686,3622,k_proj
model.layers.19.self_attn.o_proj,0.5113,0.2941,3487,o_proj
model.layers.19.self_attn.q_proj,0.6203,0.5882,3058,q_proj
model.layers.19.self_attn.v_proj,0.3291,0.451,2422,v_proj
model.layers.2.mlp.down_proj,0.769,0.2826,1974,down_proj
model.layers.2.mlp.gate_proj,0.8091,0.6667,2368,gate_proj
model.layers.2.mlp.up_proj,0.7536,0.5686,698,up_proj
model.layers.2.self_attn.k_proj,1.0,0.5686,135,k_proj
model.layers.2.self_attn.o_proj,0.4824,0.1176,539,o_proj
model.layers.2.self_attn.q_proj,1.0,0.3725,108,q_proj
model.layers.2.self_attn.v_proj,1.0,0.4902,88,v_proj
model.layers.20.mlp.down_proj,0.6937,0.1087,7693,down_proj
model.layers.20.mlp.gate_proj,0.604,0.6275,4987,gate_proj
model.layers.20.mlp.up_proj,0.353,0.4706,3694,up_proj
model.layers.20.self_attn.k_proj,0.4278,0.6078,4577,k_proj
model.layers.20.self_attn.o_proj,0.5441,0.2549,3586,o_proj
model.layers.20.self_attn.q_proj,0.6223,0.6078,3987,q_proj
model.layers.20.self_attn.v_proj,0.4763,0.3922,1541,v_proj
model.layers.21.mlp.down_proj,0.7104,0.0435,6976,down_proj
model.layers.21.mlp.gate_proj,0.5233,0.5294,5737,gate_proj
model.layers.21.mlp.up_proj,0.3021,0.5098,4373,up_proj
model.layers.21.self_attn.k_proj,0.465,0.6471,3772,k_proj
model.layers.21.self_attn.o_proj,0.4327,0.2745,6700,o_proj
model.layers.21.self_attn.q_proj,0.7277,0.6275,2505,q_proj
model.layers.21.self_attn.v_proj,0.3698,0.3922,2093,v_proj
model.layers.22.mlp.down_proj,0.6963,0.0507,5687,down_proj
model.layers.22.mlp.gate_proj,0.4335,0.5294,6501,gate_proj
model.layers.22.mlp.up_proj,0.3225,0.4706,3647,up_proj
model.layers.22.self_attn.k_proj,0.6431,0.6863,3060,k_proj
model.layers.22.self_attn.o_proj,0.3697,0.1176,4512,o_proj
model.layers.22.self_attn.q_proj,0.7483,0.7059,2722,q_proj
model.layers.22.self_attn.v_proj,0.1966,0.1765,4084,v_proj
model.layers.23.mlp.down_proj,0.7033,0.0507,7361,down_proj
model.layers.23.mlp.gate_proj,0.3382,0.4706,9726,gate_proj
model.layers.23.mlp.up_proj,0.2402,0.4902,5850,up_proj
model.layers.23.self_attn.k_proj,0.4515,0.7647,5369,k_proj
model.layers.23.self_attn.o_proj,0.383,0.1373,7695,o_proj
model.layers.23.self_attn.q_proj,0.6409,0.6275,3562,q_proj
model.layers.23.self_attn.v_proj,0.0966,0.1373,11461,v_proj
model.layers.24.mlp.down_proj,0.8687,0.087,8365,down_proj
model.layers.24.mlp.gate_proj,0.3135,0.5294,7496,gate_proj
model.layers.24.mlp.up_proj,0.2575,0.5098,4898,up_proj
model.layers.24.self_attn.k_proj,0.5839,0.6471,4088,k_proj
model.layers.24.self_attn.o_proj,0.388,0.2941,4209,o_proj
model.layers.24.self_attn.q_proj,0.6022,0.6275,3718,q_proj
model.layers.24.self_attn.v_proj,0.4903,0.549,1034,v_proj
model.layers.25.mlp.down_proj,0.81,0.058,7532,down_proj
model.layers.25.mlp.gate_proj,0.3634,0.4902,6731,gate_proj
model.layers.25.mlp.up_proj,0.2056,0.4902,5482,up_proj
model.layers.25.self_attn.k_proj,0.4509,0.7843,4289,k_proj
model.layers.25.self_attn.o_proj,0.3961,0.1961,2744,o_proj
model.layers.25.self_attn.q_proj,0.5656,0.6667,3315,q_proj
model.layers.25.self_attn.v_proj,0.3948,0.3725,2404,v_proj
model.layers.26.mlp.down_proj,0.6754,0.0435,5167,down_proj
model.layers.26.mlp.gate_proj,0.3443,0.549,7086,gate_proj
model.layers.26.mlp.up_proj,0.2179,0.5294,5356,up_proj
model.layers.26.self_attn.k_proj,0.7298,0.6863,2169,k_proj
model.layers.26.self_attn.o_proj,0.6332,0.549,3841,o_proj
model.layers.26.self_attn.q_proj,0.6841,0.6471,2203,q_proj
model.layers.26.self_attn.v_proj,0.4779,0.4314,724,v_proj
model.layers.27.mlp.down_proj,0.6998,0.058,6362,down_proj
model.layers.27.mlp.gate_proj,0.3382,0.6078,8268,gate_proj
model.layers.27.mlp.up_proj,0.2205,0.5098,5977,up_proj
model.layers.27.self_attn.k_proj,0.7513,0.7255,1922,k_proj
model.layers.27.self_attn.o_proj,0.59,0.2157,3683,o_proj
model.layers.27.self_attn.q_proj,0.6929,0.6863,2221,q_proj
model.layers.27.self_attn.v_proj,0.4642,0.5294,1230,v_proj
model.layers.28.mlp.down_proj,0.6083,0.0725,7608,down_proj
model.layers.28.mlp.gate_proj,0.375,0.6078,7168,gate_proj
model.layers.28.mlp.up_proj,0.3524,0.5686,4907,up_proj
model.layers.28.self_attn.k_proj,0.7377,0.7059,1998,k_proj
model.layers.28.self_attn.o_proj,0.2882,0.1373,6673,o_proj
model.layers.28.self_attn.q_proj,0.7728,0.7255,1994,q_proj
model.layers.28.self_attn.v_proj,0.2329,0.3922,2808,v_proj
model.layers.29.mlp.down_proj,0.6122,0.0435,7137,down_proj
model.layers.29.mlp.gate_proj,0.2828,0.6275,8664,gate_proj
model.layers.29.mlp.up_proj,0.2366,0.6471,5456,up_proj
model.layers.29.self_attn.k_proj,0.4404,0.7059,5738,k_proj
model.layers.29.self_attn.o_proj,0.4426,0.1176,2594,o_proj
model.layers.29.self_attn.q_proj,0.5123,0.6471,4374,q_proj
model.layers.29.self_attn.v_proj,0.3388,0.5294,1753,v_proj
model.layers.3.mlp.down_proj,0.8959,0.1812,2738,down_proj
model.layers.3.mlp.gate_proj,0.7958,0.6863,2253,gate_proj
model.layers.3.mlp.up_proj,0.7331,0.5098,356,up_proj
model.layers.3.self_attn.k_proj,0.8237,0.4706,295,k_proj
model.layers.3.self_attn.o_proj,0.6733,0.1961,453,o_proj
model.layers.3.self_attn.q_proj,0.8519,0.2941,162,q_proj
model.layers.3.self_attn.v_proj,0.7448,0.2941,145,v_proj
model.layers.30.mlp.down_proj,0.6723,0.0217,5447,down_proj
model.layers.30.mlp.gate_proj,0.3611,0.5686,6131,gate_proj
model.layers.30.mlp.up_proj,0.275,0.6275,4851,up_proj
model.layers.30.self_attn.k_proj,0.7852,0.7647,2188,k_proj
model.layers.30.self_attn.o_proj,0.325,0.1569,3095,o_proj
model.layers.30.self_attn.q_proj,0.8466,0.6667,1610,q_proj
model.layers.30.self_attn.v_proj,0.2891,0.4706,1515,v_proj
model.layers.31.mlp.down_proj,0.7377,0.0797,5845,down_proj
model.layers.31.mlp.gate_proj,0.3383,0.4902,6976,gate_proj
model.layers.31.mlp.up_proj,0.3289,0.5686,4257,up_proj
model.layers.31.self_attn.k_proj,0.8182,0.7647,1738,k_proj
model.layers.31.self_attn.o_proj,0.3544,0.0588,1233,o_proj
model.layers.31.self_attn.q_proj,0.8553,0.6863,1147,q_proj
model.layers.31.self_attn.v_proj,0.5654,0.5686,787,v_proj
model.layers.32.mlp.down_proj,0.7588,0.029,5576,down_proj
model.layers.32.mlp.gate_proj,0.3479,0.451,5646,gate_proj
model.layers.32.mlp.up_proj,0.3608,0.549,2747,up_proj
model.layers.32.self_attn.k_proj,0.6168,0.6667,2685,k_proj
model.layers.32.self_attn.o_proj,0.6389,0.0784,360,o_proj
model.layers.32.self_attn.q_proj,0.5815,0.6275,2287,q_proj
model.layers.32.self_attn.v_proj,0.443,0.1373,2569,v_proj
model.layers.33.mlp.down_proj,0.7177,0.1087,7425,down_proj
model.layers.33.mlp.gate_proj,0.3839,0.4902,6809,gate_proj
model.layers.33.mlp.up_proj,0.3183,0.4902,4323,up_proj
model.layers.33.self_attn.k_proj,0.8357,0.7059,1345,k_proj
model.layers.33.self_attn.o_proj,0.5323,0.1961,558,o_proj
model.layers.33.self_attn.q_proj,0.8736,0.7059,1234,q_proj
model.layers.33.self_attn.v_proj,0.624,0.5098,391,v_proj
model.layers.34.mlp.down_proj,0.755,0.087,5298,down_proj
model.layers.34.mlp.gate_proj,0.3892,0.3922,5437,gate_proj
model.layers.34.mlp.up_proj,0.3668,0.4902,3075,up_proj
model.layers.34.self_attn.k_proj,0.5854,0.6667,2417,k_proj
model.layers.34.self_attn.o_proj,0.408,0.0588,549,o_proj
model.layers.34.self_attn.q_proj,0.7647,0.7647,1789,q_proj
model.layers.34.self_attn.v_proj,0.4147,0.2157,1746,v_proj
model.layers.35.mlp.down_proj,0.7405,0.0797,4008,down_proj
model.layers.35.mlp.gate_proj,0.3862,0.4706,5031,gate_proj
model.layers.35.mlp.up_proj,0.3237,0.4902,3893,up_proj
model.layers.35.self_attn.k_proj,0.6667,0.7059,2151,k_proj
model.layers.35.self_attn.o_proj,0.3275,0.1569,1985,o_proj
model.layers.35.self_attn.q_proj,0.8409,0.6471,1716,q_proj
model.layers.35.self_attn.v_proj,0.5757,0.2941,2689,v_proj
model.layers.36.mlp.down_proj,0.7803,0.0797,4460,down_proj
model.layers.36.mlp.gate_proj,0.3236,0.5294,5540,gate_proj
model.layers.36.mlp.up_proj,0.2949,0.5098,3560,up_proj
model.layers.36.self_attn.k_proj,0.3912,0.6078,4233,k_proj
model.layers.36.self_attn.o_proj,0.3822,0.0,968,o_proj
model.layers.36.self_attn.q_proj,0.5964,0.6078,2827,q_proj
model.layers.36.self_attn.v_proj,0.4564,0.2745,3398,v_proj
model.layers.37.mlp.down_proj,0.8819,0.087,5180,down_proj
model.layers.37.mlp.gate_proj,0.3546,0.6471,4493,gate_proj
model.layers.37.mlp.up_proj,0.2385,0.6078,3707,up_proj
model.layers.37.self_attn.k_proj,0.3925,0.4902,4275,k_proj
model.layers.37.self_attn.o_proj,0.5473,0.0588,866,o_proj
model.layers.37.self_attn.q_proj,0.5604,0.4902,3510,q_proj
model.layers.37.self_attn.v_proj,0.487,0.1765,4277,v_proj
model.layers.38.mlp.down_proj,0.8641,0.087,2244,down_proj
model.layers.38.mlp.gate_proj,0.364,0.5882,3063,gate_proj
model.layers.38.mlp.up_proj,0.3138,0.5882,1931,up_proj
model.layers.38.self_attn.k_proj,0.7449,0.5294,1458,k_proj
model.layers.38.self_attn.o_proj,0.5679,0.098,287,o_proj
model.layers.38.self_attn.q_proj,0.9377,0.6078,835,q_proj
model.layers.38.self_attn.v_proj,0.5248,0.2745,2096,v_proj
model.layers.39.mlp.down_proj,0.8641,0.029,2149,down_proj
model.layers.39.mlp.gate_proj,0.3988,0.6078,3047,gate_proj
model.layers.39.mlp.up_proj,0.2926,0.5686,2228,up_proj
model.layers.39.self_attn.k_proj,0.7466,0.5686,1326,k_proj
model.layers.39.self_attn.o_proj,0.5297,0.0,993,o_proj
model.layers.39.self_attn.q_proj,0.8095,0.4902,1370,q_proj
model.layers.39.self_attn.v_proj,0.6287,0.2157,1441,v_proj
model.layers.4.mlp.down_proj,0.915,0.0797,6210,down_proj
model.layers.4.mlp.gate_proj,0.7679,0.6667,2999,gate_proj
model.layers.4.mlp.up_proj,0.7542,0.4902,655,up_proj
model.layers.4.self_attn.k_proj,1.0,0.549,213,k_proj
model.layers.4.self_attn.o_proj,0.4922,0.0196,1410,o_proj
model.layers.4.self_attn.q_proj,1.0,0.2941,93,q_proj
model.layers.4.self_attn.v_proj,0.6911,0.1961,314,v_proj
model.layers.40.mlp.down_proj,0.9304,0.0797,2283,down_proj
model.layers.40.mlp.gate_proj,0.3311,0.6078,3174,gate_proj
model.layers.40.mlp.up_proj,0.3463,0.5882,2001,up_proj
model.layers.40.self_attn.k_proj,0.6622,0.4314,1871,k_proj
model.layers.40.self_attn.o_proj,0.6384,0.0,354,o_proj
model.layers.40.self_attn.q_proj,0.8679,0.4118,1363,q_proj
model.layers.40.self_attn.v_proj,0.567,0.1961,1979,v_proj
model.layers.41.mlp.down_proj,0.9437,0.0435,1582,down_proj
model.layers.41.mlp.gate_proj,0.3703,0.6275,2582,gate_proj
model.layers.41.mlp.up_proj,0.4918,0.549,1102,up_proj
model.layers.41.self_attn.k_proj,0.3832,0.3529,2735,k_proj
model.layers.41.self_attn.o_proj,0.8586,0.098,99,o_proj
model.layers.41.self_attn.q_proj,0.7647,0.4314,1432,q_proj
model.layers.41.self_attn.v_proj,0.5106,0.2157,2683,v_proj
model.layers.42.mlp.down_proj,0.9556,0.1304,1868,down_proj
model.layers.42.mlp.gate_proj,0.3339,0.5686,3414,gate_proj
model.layers.42.mlp.up_proj,0.2922,0.6275,2847,up_proj
model.layers.42.self_attn.k_proj,0.7572,0.4118,1071,k_proj
model.layers.42.self_attn.o_proj,0.4889,0.0784,315,o_proj
model.layers.42.self_attn.q_proj,0.9193,0.3922,843,q_proj
model.layers.42.self_attn.v_proj,0.6011,0.2745,1429,v_proj
model.layers.43.mlp.down_proj,0.9218,0.1014,1663,down_proj
model.layers.43.mlp.gate_proj,0.2328,0.6863,6181,gate_proj
model.layers.43.mlp.up_proj,0.2239,0.6275,4551,up_proj
model.layers.43.self_attn.k_proj,0.6013,0.4314,2290,k_proj
model.layers.43.self_attn.o_proj,1.0,0.0784,41,o_proj
model.layers.43.self_attn.q_proj,0.8432,0.4314,1263,q_proj
model.layers.43.self_attn.v_proj,0.5068,0.2353,3033,v_proj
model.layers.44.mlp.down_proj,0.9228,0.1159,3083,down_proj
model.layers.44.mlp.gate_proj,0.3323,0.6863,4842,gate_proj
model.layers.44.mlp.up_proj,0.3356,0.6471,3632,up_proj
model.layers.44.self_attn.k_proj,0.6763,0.451,2218,k_proj
model.layers.44.self_attn.o_proj,0.4651,0.0784,716,o_proj
model.layers.44.self_attn.q_proj,0.7954,0.4118,2234,q_proj
model.layers.44.self_attn.v_proj,0.4892,0.2941,5200,v_proj
model.layers.45.mlp.down_proj,0.878,0.1594,2492,down_proj
model.layers.45.mlp.gate_proj,0.3366,0.6471,3827,gate_proj
model.layers.45.mlp.up_proj,0.3902,0.6863,2804,up_proj
model.layers.45.self_attn.k_proj,0.1999,0.2941,10405,k_proj
model.layers.45.self_attn.o_proj,0.4005,0.0392,809,o_proj
model.layers.45.self_attn.q_proj,0.3174,0.3137,7000,q_proj
model.layers.45.self_attn.v_proj,0.2813,0.2745,11278,v_proj
model.layers.46.mlp.down_proj,0.7257,0.3551,6220,down_proj
model.layers.46.mlp.gate_proj,0.3198,0.6863,4903,gate_proj
model.layers.46.mlp.up_proj,0.2855,0.6275,5598,up_proj
model.layers.46.self_attn.k_proj,0.8007,0.3529,1159,k_proj
model.layers.46.self_attn.o_proj,0.25,0.098,1340,o_proj
model.layers.46.self_attn.q_proj,0.8647,0.3137,1109,q_proj
model.layers.46.self_attn.v_proj,0.4137,0.1765,6729,v_proj
model.layers.47.mlp.down_proj,0.5254,0.4638,10910,down_proj
model.layers.47.mlp.gate_proj,0.3879,0.549,3715,gate_proj
model.layers.47.mlp.up_proj,0.2592,0.5882,5892,up_proj
model.layers.47.self_attn.k_proj,0.5934,0.3333,2457,k_proj
model.layers.47.self_attn.o_proj,0.1348,0.0,3532,o_proj
model.layers.47.self_attn.q_proj,0.7512,0.2549,1941,q_proj
model.layers.47.self_attn.v_proj,0.4992,0.3333,5936,v_proj
model.layers.5.mlp.down_proj,0.9183,0.1014,5961,down_proj
model.layers.5.mlp.gate_proj,0.7562,0.6275,3683,gate_proj
model.layers.5.mlp.up_proj,0.6555,0.549,746,up_proj
model.layers.5.self_attn.k_proj,0.8296,0.4902,722,k_proj
model.layers.5.self_attn.o_proj,0.5634,0.0784,804,o_proj
model.layers.5.self_attn.q_proj,0.9695,0.3725,361,q_proj
model.layers.5.self_attn.v_proj,0.4874,0.2353,1311,v_proj
model.layers.6.mlp.down_proj,0.8204,0.058,4927,down_proj
model.layers.6.mlp.gate_proj,0.7655,0.6471,4696,gate_proj
model.layers.6.mlp.up_proj,0.5877,0.5294,1055,up_proj
model.layers.6.self_attn.k_proj,0.8569,0.5294,650,k_proj
model.layers.6.self_attn.o_proj,0.5744,0.0784,578,o_proj
model.layers.6.self_attn.q_proj,0.7997,0.5098,574,q_proj
model.layers.6.self_attn.v_proj,0.8976,0.4902,127,v_proj
model.layers.7.mlp.down_proj,0.7764,0.0435,2902,down_proj
model.layers.7.mlp.gate_proj,0.7943,0.6078,7733,gate_proj
model.layers.7.mlp.up_proj,0.699,0.4902,784,up_proj
model.layers.7.self_attn.k_proj,0.9282,0.5882,515,k_proj
model.layers.7.self_attn.o_proj,0.5054,0.0784,467,o_proj
model.layers.7.self_attn.q_proj,0.9524,0.5294,504,q_proj
model.layers.7.self_attn.v_proj,0.9806,0.3529,103,v_proj
model.layers.8.mlp.down_proj,0.8339,0.0435,3727,down_proj
model.layers.8.mlp.gate_proj,0.7998,0.5882,8077,gate_proj
model.layers.8.mlp.up_proj,0.4265,0.549,1149,up_proj
model.layers.8.self_attn.k_proj,0.6443,0.549,1847,k_proj
model.layers.8.self_attn.o_proj,0.6065,0.1569,1108,o_proj
model.layers.8.self_attn.q_proj,0.7751,0.4902,1387,q_proj
model.layers.8.self_attn.v_proj,0.8007,0.3725,281,v_proj
model.layers.9.mlp.down_proj,0.793,0.029,3237,down_proj
model.layers.9.mlp.gate_proj,0.5225,0.3333,1311,gate_proj
model.layers.9.mlp.up_proj,0.4413,0.3333,562,up_proj
model.layers.9.self_attn.k_proj,0.8147,0.6078,896,k_proj
model.layers.9.self_attn.o_proj,0.5868,0.0392,634,o_proj
model.layers.9.self_attn.q_proj,0.8881,0.6275,715,q_proj
model.layers.9.self_attn.v_proj,0.6701,0.3529,194,v_proj
