tag,avg4,prompt_strict,inst_strict,prompt_loose,inst_loose,mmlu,ppl,gsm8k,source
attn_all,0.7095,0.6488,0.735,0.6858,0.7686,,,,runs_archive/scores\scores_attn_all.csv
awq3l_asym_none,0.6626,0.597,0.7026,0.6266,0.7242,,,,runs_archive/scores\scores_awq3l_asym_none.csv
awq3l_none,0.5973,0.5268,0.6283,0.5712,0.6631,,,,runs_archive/scores\scores_awq3l_none.csv
awq3q14_asym_none,0.7546,0.7079,0.7782,0.7338,0.7986,,,,runs_archive/scores\scores_awq3q14_asym_none.csv
awq3q14_none,0.6777,0.6137,0.711,0.6451,0.741,,,,runs_archive/scores\scores_awq3q14_none.csv
baseline_full,0.7652,0.7172,0.7938,0.7394,0.8106,,,,runs_archive/scores\scores_baseline_full.csv
blind_falcon3_10b_gptq3,0.6997,0.634,0.7278,0.671,0.7662,,,,runs\scores_blind_falcon3_10b_gptq3.csv
blind_falcon3_10b_rtn3,0.6089,0.5434,0.6415,0.5767,0.6739,,,,runs\scores_blind_falcon3_10b_rtn3.csv
blind_granite31_8b_gptq3,0.5263,0.4418,0.5683,0.4861,0.6091,,,,runs\scores_blind_granite31_8b_gptq3.csv
blind_granite31_8b_rtn3,0.4461,0.3604,0.4904,0.4048,0.5288,,,,runs\scores_blind_granite31_8b_rtn3.csv
blind_hermes2pro_l3_8b_gptq3,0.3327,0.2643,0.3777,0.2847,0.4041,,,,runs\scores_blind_hermes2pro_l3_8b_gptq3.csv
blind_hermes2pro_l3_8b_rtn3,0.3697,0.2902,0.4137,0.3253,0.4496,,,,runs\scores_blind_hermes2pro_l3_8b_rtn3.csv
blind_hermes3_8b_gptq3,0.3063,0.2237,0.3441,0.2643,0.3933,,,,runs\scores_blind_hermes3_8b_gptq3.csv
blind_hermes3_8b_rtn3,0.339,0.2736,0.3753,0.2957,0.4113,,,,runs\scores_blind_hermes3_8b_rtn3.csv
blind_ministral_8b_gptq3,0.5209,0.4547,0.5612,0.4824,0.5851,,,,runs\scores_blind_ministral_8b_gptq3.csv
blind_ministral_8b_rtn3,0.4929,0.4288,0.5324,0.4529,0.5576,,,,runs\scores_blind_ministral_8b_rtn3.csv
blind_mistral_7b_v01_gptq3,0.4445,0.3826,0.4784,0.4085,0.5084,,,,runs\scores_blind_mistral_7b_v01_gptq3.csv
blind_mistral_7b_v01_rtn3,0.4301,0.3641,0.4604,0.3993,0.4964,,,,runs\scores_blind_mistral_7b_v01_rtn3.csv
blind_qwen25_0p5b_gptq3,0.167,0.1054,0.2086,0.1238,0.2302,,,,runs\scores_blind_qwen25_0p5b_gptq3.csv
blind_qwen25_0p5b_rtn3,0.164,0.1035,0.1966,0.1294,0.2266,,,,runs\scores_blind_qwen25_0p5b_rtn3.csv
blind_qwen25_1p5b_gptq3,0.2537,0.1701,0.2974,0.207,0.3405,,,,runs\scores_blind_qwen25_1p5b_gptq3.csv
blind_qwen25_1p5b_rtn3,0.1627,0.098,0.1966,0.1201,0.2362,,,,runs\scores_blind_qwen25_1p5b_rtn3.csv
blind_qwen2_7b_gptq3,0.5036,0.414,0.5432,0.4695,0.5875,,,,runs\scores_blind_qwen2_7b_gptq3.csv
blind_qwen2_7b_rtn3,0.3626,0.2865,0.4113,0.3161,0.4365,,,,runs\scores_blind_qwen2_7b_rtn3.csv
blind_qwen3_14b_gptq3,0.4869,0.3882,0.5348,0.4418,0.5827,,,,runs\scores_blind_qwen3_14b_gptq3.csv
blind_qwen3_14b_rtn3,0.4183,0.3364,0.4736,0.3678,0.4952,,,,runs\scores_blind_qwen3_14b_rtn3.csv
blind_qwen3_4b_gptq3,0.3158,0.2237,0.3681,0.2625,0.4089,,,,runs\scores_blind_qwen3_4b_gptq3.csv
blind_qwen3_4b_rtn3,0.2554,0.1479,0.2578,0.2514,0.3645,,,,runs\scores_blind_qwen3_4b_rtn3.csv
blind_qwen3_8b_gptq3,0.4015,0.3235,0.4604,0.3401,0.482,,,,runs\scores_blind_qwen3_8b_gptq3.csv
blind_qwen3_8b_rtn3,0.3322,0.2421,0.3825,0.2847,0.4197,,,,runs\scores_blind_qwen3_8b_rtn3.csv
blind_r1_llama_8b_gptq3,0.335,0.2495,0.3885,0.281,0.4209,,,,runs\scores_blind_r1_llama_8b_gptq3.csv
blind_r1_llama_8b_rtn3,0.295,0.2144,0.3597,0.2292,0.3765,,,,runs\scores_blind_r1_llama_8b_rtn3.csv
blind_r1_qwen_14b_gptq3,0.4047,0.3235,0.4628,0.3494,0.4832,,,,runs\scores_blind_r1_qwen_14b_gptq3.csv
blind_r1_qwen_14b_rtn3,0.42,0.342,0.4724,0.3678,0.4976,,,,runs\scores_blind_r1_qwen_14b_rtn3.csv
blind_smollm3_3b_gptq3,0.3536,0.2625,0.4053,0.3031,0.4436,,,,runs\scores_blind_smollm3_3b_gptq3.csv
blind_smollm3_3b_rtn3,0.3052,0.2274,0.3621,0.2477,0.3837,,,,runs\scores_blind_smollm3_3b_rtn3.csv
blind_tulu3_8b_gptq3,0.7253,0.6654,0.7626,0.6913,0.7818,,,,runs\scores_blind_tulu3_8b_gptq3.csv
blind_tulu3_8b_rtn3,0.6365,0.5712,0.6727,0.6044,0.6978,,,,runs\scores_blind_tulu3_8b_rtn3.csv
cens_f3_7b_fp16,0.7702,0.7209,0.7962,0.7449,0.8189,,,,runs_archive/scores\scores_cens_f3_7b_fp16.csv
cens_f3_7b_gptq3,0.6707,0.5952,0.6942,0.6525,0.741,,,,runs_archive/scores\scores_cens_f3_7b_gptq3.csv
cens_f3_7b_rtn3,0.6079,0.549,0.6367,0.5804,0.6655,,,,runs_archive/scores\scores_cens_f3_7b_rtn3.csv
cens_g2_2b_fp16,0.583,0.5194,0.6187,0.549,0.6451,,,,runs_archive/scores\scores_cens_g2_2b_fp16.csv
cens_g2_2b_gptq3,0.5043,0.4325,0.5432,0.4695,0.5719,,,,runs_archive/scores\scores_cens_g2_2b_gptq3.csv
cens_g2_2b_rtn3,0.385,0.2976,0.4353,0.3346,0.4724,,,,runs_archive/scores\scores_cens_g2_2b_rtn3.csv
cens_g2_9b_fp16,0.7667,0.7172,0.7998,0.7357,0.8141,,,,runs_archive/scores\scores_cens_g2_9b_fp16.csv
cens_g2_9b_gptq3,0.7249,0.6728,0.7614,0.6895,0.7758,,,,runs_archive/scores\scores_cens_g2_9b_gptq3.csv
cens_g2_9b_rtn3,0.7109,0.658,0.741,0.6821,0.7626,,,,runs_archive/scores\scores_cens_g2_9b_rtn3.csv
cens_l32_1b_fp16,0.5263,0.4455,0.5731,0.4824,0.6043,,,,runs_archive/scores\scores_cens_l32_1b_fp16.csv
cens_l32_1b_gptq3,0.3086,0.2311,0.3597,0.2551,0.3885,,,,runs_archive/scores\scores_cens_l32_1b_gptq3.csv
cens_l32_1b_rtn3,0.2587,0.1793,0.2914,0.22,0.3441,,,,runs_archive/scores\scores_cens_l32_1b_rtn3.csv
cens_l32_3b_fp16,0.7497,0.6802,0.7782,0.7264,0.8141,,,,runs_archive/scores\scores_cens_l32_3b_fp16.csv
cens_l32_3b_gptq3,0.5765,0.4824,0.6151,0.5453,0.6631,,,,runs_archive/scores\scores_cens_l32_3b_gptq3.csv
cens_l3_8b_fp16,0.7579,0.6876,0.7722,0.7505,0.8213,,,,runs_archive/scores\scores_cens_l3_8b_fp16.csv
cens_l3_8b_gptq3,0.611,0.5102,0.6319,0.597,0.705,,,,runs_archive/scores\scores_cens_l3_8b_gptq3.csv
cens_m7v02_fp16,0.5687,0.4935,0.6055,0.5342,0.6415,,,,runs_archive/scores\scores_cens_m7v02_fp16.csv
cens_m7v02_gptq3,0.4929,0.4011,0.5288,0.4603,0.5815,,,,runs_archive/scores\scores_cens_m7v02_gptq3.csv
cens_m7v02_rtn3,0.4404,0.3549,0.4736,0.403,0.53,,,,runs_archive/scores\scores_cens_m7v02_rtn3.csv
cens_nemo_12b_fp16,0.6513,0.573,0.6763,0.6303,0.7254,,,,runs_archive/scores\scores_cens_nemo_12b_fp16.csv
cens_nemo_12b_gptq3,0.4763,0.3937,0.5108,0.4418,0.5588,,,,runs_archive/scores\scores_cens_nemo_12b_gptq3.csv
cens_olmo_7b_fp16,0.7504,0.6932,0.7758,0.7283,0.8046,,,,runs_archive/scores\scores_cens_olmo_7b_fp16.csv
cens_olmo_7b_gptq3,0.6876,0.6174,0.7194,0.658,0.7554,,,,runs_archive/scores\scores_cens_olmo_7b_gptq3.csv
cens_q25_3b_fp16,0.658,0.5952,0.6859,0.634,0.717,,,,runs_archive/scores\scores_cens_q25_3b_fp16.csv
cens_q25_3b_gptq3,0.4106,0.3309,0.4532,0.3678,0.4904,,,,runs_archive/scores\scores_cens_q25_3b_gptq3.csv
cens_sm_1p7b_fp16,0.5434,0.4713,0.5851,0.5009,0.6163,,,,runs_archive/scores\scores_cens_sm_1p7b_fp16.csv
cens_sm_1p7b_gptq3,0.2045,0.1479,0.2506,0.1534,0.2662,,,,runs_archive/scores\scores_cens_sm_1p7b_gptq3.csv
cens_sm_1p7b_rtn3,0.1847,0.1183,0.2266,0.1386,0.2554,,,,runs_archive/scores\scores_cens_sm_1p7b_rtn3.csv
cens_yi_9b_fp16,0.5937,0.5009,0.6271,0.5656,0.6811,,,,runs_archive/scores\scores_cens_yi_9b_fp16.csv
cens_yi_9b_gptq3,0.4426,0.3586,0.4856,0.4011,0.5252,,,,runs_archive/scores\scores_cens_yi_9b_gptq3.csv
f_f3_c4win,0.6817,0.6174,0.711,0.6562,0.7422,,,,runs\scores_f_f3_c4win.csv
f_f3_gptq4,0.7535,0.6932,0.7794,0.732,0.8094,,,,runs\scores_f_f3_gptq4.csv
f_f3_gwtn,0.6791,0.6044,0.7038,0.6599,0.7482,,,,runs\scores_f_f3_gwtn.csv
f_f3_none,0.6721,0.61,0.7002,0.647,0.7314,,,,runs\scores_f_f3_none.csv
f_g29_c4win,0.7128,0.6562,0.7518,0.6747,0.7686,,,,runs\scores_f_g29_c4win.csv
f_g29_gptq4,0.7544,0.7006,0.7854,0.7246,0.807,,,,runs\scores_f_g29_gptq4.csv
f_g29_gwtn,0.6645,0.6007,0.705,0.6266,0.7254,,,,runs\scores_f_g29_gwtn.csv
f_g29_none,0.7116,0.6562,0.7506,0.6747,0.765,,,,runs\scores_f_g29_none.csv
f_granite_c4win,0.5918,0.5139,0.6259,0.5619,0.6655,,,,runs\scores_f_granite_c4win.csv
f_granite_gptq4,0.6858,0.6174,0.711,0.6617,0.753,,,,runs\scores_f_granite_gptq4.csv
f_granite_gwtn,0.542,0.464,0.5683,0.5194,0.6163,,,,runs\scores_f_granite_gwtn.csv
f_granite_none,0.5537,0.4566,0.5695,0.5434,0.6451,,,,runs\scores_f_granite_none.csv
f_hermes3_c4win,0.4074,0.3124,0.4484,0.3641,0.5048,,,,runs\scores_f_hermes3_c4win.csv
f_hermes3_gptq4,0.5304,0.464,0.5671,0.4898,0.6007,,,,runs\scores_f_hermes3_gptq4.csv
f_hermes3_gptq4_gwtn,0.5892,0.5157,0.6211,0.5582,0.6619,,,,runs\scores_f_hermes3_gptq4_gwtn.csv
f_hermes3_gwtn,0.415,0.3346,0.4592,0.3697,0.4964,,,,runs\scores_f_hermes3_gwtn.csv
f_hermes3_none,0.2758,0.1959,0.3189,0.2311,0.3573,,,,runs\scores_f_hermes3_none.csv
f_l32_c4win,0.5656,0.488,0.5995,0.5323,0.6427,,,,runs\scores_f_l32_c4win.csv
f_l32_gptq4,0.685,0.6155,0.7146,0.658,0.7518,,,,runs\scores_f_l32_gptq4.csv
f_l32_gwtn,0.5645,0.4769,0.5971,0.5379,0.6463,,,,runs\scores_f_l32_gwtn.csv
f_l32_none,0.5746,0.4861,0.6055,0.5508,0.6559,,,,runs\scores_f_l32_none.csv
f_l3_c4win,0.6438,0.5416,0.6499,0.6451,0.7386,,,,runs\scores_f_l3_c4win.csv
f_l3_gptq4,0.7201,0.6377,0.7374,0.7116,0.7938,,,,runs\scores_f_l3_gptq4.csv
f_l3_gwtn,0.5956,0.4898,0.6067,0.5915,0.6942,,,,runs\scores_f_l3_gwtn.csv
f_l3_none,0.6515,0.5582,0.6727,0.6377,0.7374,,,,runs\scores_f_l3_none.csv
f_l_awq,0.6228,0.5416,0.6511,0.6007,0.6978,,,,runs\scores_f_l_awq.csv
f_l_c4chat,0.6438,0.573,0.6751,0.6137,0.7134,,,,runs\scores_f_l_c4chat.csv
f_l_c4win,0.6446,0.5712,0.6739,0.6174,0.7158,,,,runs\scores_f_l_c4win.csv
f_l_c4win_gwtn,0.643,0.5693,0.6715,0.6155,0.7158,,,,runs\scores_f_l_c4win_gwtn.csv
f_l_damp0p2,0.1689,0.1128,0.2218,0.1146,0.2266,,,,runs\scores_f_l_damp0p2.csv
f_l_damp5,0.6615,0.5915,0.699,0.6266,0.729,0.5432,20.96,,runs\scores_f_l_damp5.csv
f_l_early,0.1384,0.0758,0.1918,0.0832,0.2026,,,,runs\scores_f_l_early.csv
f_l_gptq4,0.7556,0.695,0.7842,0.7301,0.8129,0.6593,9.691,,runs\scores_f_l_gptq4.csv
f_l_gptq4_gwtn,0.7624,0.7043,0.7878,0.7412,0.8165,,,,runs\scores_f_l_gptq4_gwtn.csv
f_l_gptq4_pile,0.7642,0.6969,0.7854,0.7486,0.8261,,,,runs\scores_f_l_gptq4_pile.csv
f_l_gw,0.3289,0.2514,0.3729,0.2847,0.4065,,,,runs\scores_f_l_gw.csv
f_l_gwcap,0.1603,0.1017,0.2038,0.1128,0.223,,,,runs\scores_f_l_gwcap.csv
f_l_gwtn,0.6377,0.5638,0.6691,0.6081,0.7098,0.5139,12.416,,runs\scores_f_l_gwtn.csv
f_l_gwtn_cs1,0.6689,0.6007,0.693,0.647,0.735,,,,runs\scores_f_l_gwtn_cs1.csv
f_l_none,0.1549,0.1035,0.1966,0.1109,0.2086,0.524,22.404,,runs\scores_f_l_none.csv
f_l_pile,0.6178,0.5453,0.6523,0.5841,0.6894,,,,runs\scores_f_l_pile.csv
f_l_pile_gw,0.1398,0.085,0.1918,0.0869,0.1954,,,,runs\scores_f_l_pile_gw.csv
f_l_pile_gwtn,0.6259,0.5453,0.6583,0.5952,0.705,,,,runs\scores_f_l_pile_gwtn.csv
f_l_pile_gwtn_cs1,0.6258,0.549,0.6559,0.597,0.7014,,,,runs\scores_f_l_pile_gwtn_cs1.csv
f_l_rot,0.6483,0.5749,0.6882,0.6118,0.7182,,,,runs\scores_f_l_rot.csv
f_l_rtn01down,0.6321,0.5601,0.6667,0.6026,0.699,0.5559,9.948,,runs\scores_f_l_rtn01down.csv
f_l_rtn3,,,,,,0.4156,15.471,,runs\general_f_l_rtn3.csv
f_l_tnorm,0.6364,0.5582,0.6583,0.6155,0.7134,,,,runs\scores_f_l_tnorm.csv
f_l_ultrachat,0.6729,0.597,0.705,0.6414,0.7482,,,,runs\scores_f_l_ultrachat.csv
f_l_wiki,0.5637,0.475,0.6043,0.5231,0.6523,,,,runs\scores_f_l_wiki.csv
f_m7_c4win,0.1866,0.1257,0.2482,0.1257,0.247,,,,runs\scores_f_m7_c4win.csv
f_m7_c4win_gw,0.4754,0.3937,0.506,0.4455,0.5564,,,,runs\scores_f_m7_c4win_gw.csv
f_m7_c4win_gwtn,0.4334,0.3549,0.4676,0.3919,0.5192,,,,runs\scores_f_m7_c4win_gwtn.csv
f_m7_c4win_gwtn_cs1,0.4235,0.3494,0.4544,0.39,0.5,,,,runs\scores_f_m7_c4win_gwtn_cs1.csv
f_m7_c4win_tnorm,0.1885,0.1275,0.2494,0.1275,0.2494,,,,runs\scores_f_m7_c4win_tnorm.csv
f_m7_gptq4,0.4731,0.39,0.5084,0.4399,0.554,,,,runs\scores_f_m7_gptq4.csv
f_m7_gptq4_gwtn,0.5361,0.4473,0.5743,0.4991,0.6235,,,,runs\scores_f_m7_gptq4_gwtn.csv
f_m7_gwtn,0.4146,0.3383,0.4676,0.3586,0.494,,,,runs\scores_f_m7_gwtn.csv
f_m7_none,0.4534,0.3567,0.4856,0.427,0.5444,,,,runs\scores_f_m7_none.csv
f_ministral_c4win,0.5016,0.4325,0.5396,0.4658,0.5683,,,,runs\scores_f_ministral_c4win.csv
f_ministral_gptq4,0.5772,0.4991,0.6091,0.5471,0.6535,,,,runs\scores_f_ministral_gptq4.csv
f_ministral_gwtn,0.503,0.4233,0.5432,0.4603,0.5851,,,,runs\scores_f_ministral_gwtn.csv
f_ministral_none,0.4812,0.4048,0.5264,0.4362,0.5576,,,,runs\scores_f_ministral_none.csv
f_nemo_c4win,0.515,0.4344,0.548,0.4843,0.5935,,,,runs\scores_f_nemo_c4win.csv
f_nemo_gptq4,0.6184,0.5453,0.6463,0.5915,0.6906,,,,runs\scores_f_nemo_gptq4.csv
f_nemo_gw,0.541,0.4603,0.5779,0.5083,0.6175,,,,runs\scores_f_nemo_gw.csv
f_nemo_gwtn,0.5402,0.4566,0.5743,0.5065,0.6235,,,,runs\scores_f_nemo_gwtn.csv
f_nemo_none,0.4783,0.3937,0.5228,0.4344,0.5624,,,,runs\scores_f_nemo_none.csv
f_nemo_tnorm,0.5369,0.4492,0.5695,0.5065,0.6223,,,,runs\scores_f_nemo_tnorm.csv
f_q14_awq,0.7185,0.6562,0.7386,0.7024,0.777,,,,runs\scores_f_q14_awq.csv
f_q14_c4chat,0.7736,0.7227,0.7938,0.7579,0.8201,,,,runs\scores_f_q14_c4chat.csv
f_q14_c4win,0.7661,0.7116,0.7878,0.7486,0.8165,,,,runs\scores_f_q14_c4win.csv
f_q14_damp0p1,0.4821,0.3882,0.5168,0.4529,0.5707,,,,runs\scores_f_q14_damp0p1.csv
f_q14_damp5,0.7703,0.719,0.7914,0.7505,0.8201,0.7437,7.574,,runs\scores_f_q14_damp5.csv
f_q14_gptq4,0.8085,0.7689,0.8261,0.7911,0.8477,0.7873,6.202,,runs\scores_f_q14_gptq4.csv
f_q14_gw,0.5802,0.4991,0.6067,0.5545,0.6607,,,,runs\scores_f_q14_gw.csv
f_q14_gwtn,0.7358,0.6654,0.7566,0.7227,0.7986,0.7269,7.803,,runs\scores_f_q14_gwtn.csv
f_q14_gwtn_cs1,0.7299,0.6673,0.7554,0.7079,0.789,,,,runs\scores_f_q14_gwtn_cs1.csv
f_q14_l4down,0.768,0.7153,0.7794,0.7597,0.8177,0.7279,7.807,,runs\scores_f_q14_l4down.csv
f_q14_none,0.4256,0.3327,0.4664,0.3863,0.5168,0.7391,7.655,,runs\scores_f_q14_none.csv
f_q14_pile,0.2711,0.2033,0.3273,0.2107,0.3429,,,,runs\scores_f_q14_pile.csv
f_q14_pile_gwtn,0.782,0.7301,0.7938,0.7745,0.8297,,,,runs\scores_f_q14_pile_gwtn.csv
f_q14_rot,0.7092,0.6543,0.7398,0.6802,0.7626,,,,runs\scores_f_q14_rot.csv
f_q14_rtn3,,,,,,0.6983,9.264,,runs\general_f_q14_rtn3.csv
f_q14_tnorm,0.7583,0.695,0.771,0.7505,0.8165,,,,runs\scores_f_q14_tnorm.csv
f_q14_ultrachat,0.7704,0.7172,0.795,0.7505,0.8189,,,,runs\scores_f_q14_ultrachat.csv
f_q14_wiki,0.2192,0.1608,0.2722,0.1645,0.2794,,,,runs\scores_f_q14_wiki.csv
f_q32_c4win,0.7913,0.7338,0.8141,0.7745,0.8429,,,,runs\scores_f_q32_c4win.csv
f_q32_gptq4,0.8393,0.8022,0.8633,0.8152,0.8765,,,,runs\scores_f_q32_gptq4.csv
f_q32_gptq4_gwtn,0.8294,0.7819,0.8477,0.8152,0.8729,,,,runs\scores_f_q32_gptq4_gwtn.csv
f_q32_gwtn,0.7914,0.7412,0.8141,0.7708,0.8393,,,,runs\scores_f_q32_gwtn.csv
f_q32_none,0.7841,0.7264,0.8034,0.7671,0.8393,,,,runs\scores_f_q32_none.csv
f_q3_c4win,0.4311,0.342,0.4664,0.3956,0.5204,,,,runs\scores_f_q3_c4win.csv
f_q3_gptq4,0.6213,0.549,0.6523,0.5933,0.6906,,,,runs\scores_f_q3_gptq4.csv
f_q3_gwtn,0.46,0.3845,0.488,0.4362,0.5312,,,,runs\scores_f_q3_gwtn.csv
f_q3_none,0.4398,0.3623,0.4712,0.4067,0.5192,,,,runs\scores_f_q3_none.csv
f_q7_c4win,0.6742,0.6155,0.7014,0.6506,0.729,,,,runs\scores_f_q7_c4win.csv
f_q7_gptq4,0.7672,0.7172,0.7902,0.7449,0.8165,,,,runs\scores_f_q7_gptq4.csv
f_q7_gwtn,0.6294,0.5601,0.6619,0.5989,0.6966,,,,runs\scores_f_q7_gwtn.csv
f_q7_none,0.666,0.5915,0.6906,0.647,0.735,,,,runs\scores_f_q7_none.csv
f_qwen3_14b_c4win,0.4457,0.3494,0.5036,0.3937,0.536,,,,runs\scores_f_qwen3_14b_c4win.csv
f_qwen3_14b_gptq4,0.4658,0.3715,0.5264,0.4067,0.5588,,,,runs\scores_f_qwen3_14b_gptq4.csv
f_qwen3_14b_gptq4_gwtn,0.4826,0.3956,0.5468,0.4196,0.5683,,,,runs\scores_f_qwen3_14b_gptq4_gwtn.csv
f_qwen3_14b_gwtn,0.481,0.3882,0.5276,0.4362,0.5719,,,,runs\scores_f_qwen3_14b_gwtn.csv
f_qwen3_14b_none,0.5045,0.414,0.554,0.4566,0.5935,,,,runs\scores_f_qwen3_14b_none.csv
f_qwen3_8b_c4win,0.3919,0.3142,0.4556,0.329,0.4688,,,,runs\scores_f_qwen3_8b_c4win.csv
f_qwen3_8b_gptq4,0.4165,0.3364,0.4808,0.3549,0.494,,,,runs\scores_f_qwen3_8b_gptq4.csv
f_qwen3_8b_gwtn,0.3859,0.3087,0.4436,0.3272,0.464,,,,runs\scores_f_qwen3_8b_gwtn.csv
f_qwen3_8b_none,0.3921,0.3124,0.4544,0.329,0.4724,,,,runs\scores_f_qwen3_8b_none.csv
f_sm_c4win,0.2386,0.1756,0.2758,0.1996,0.3034,,,,runs\scores_f_sm_c4win.csv
f_sm_gptq4,0.5514,0.4861,0.5875,0.5157,0.6163,,,,runs\scores_f_sm_gptq4.csv
f_sm_gwtn,0.322,0.2458,0.3729,0.2699,0.3993,,,,runs\scores_f_sm_gwtn.csv
f_sm_none,0.2449,0.1701,0.2866,0.2015,0.3213,,,,runs\scores_f_sm_none.csv
f_tp_l_c4_c4winles,0.1518,0.0813,0.1847,0.1109,0.2302,,,,runs\scores_f_tp_l_c4_c4winles.csv
f_tp_l_c4win_les,0.174,0.1054,0.211,0.1349,0.2446,,,,runs\scores_f_tp_l_c4win_les.csv
f_tp_l_fp16_les,0.7638,0.7061,0.7878,0.7412,0.8201,,,,runs\scores_f_tp_l_fp16_les.csv
f_tp_l_rtn_les,0.5282,0.4418,0.5659,0.4898,0.6151,,,,runs\scores_f_tp_l_rtn_les.csv
f_tp_q14_fp16_les,0.6371,0.5693,0.6727,0.6026,0.7038,,,,runs\scores_f_tp_q14_fp16_les.csv
f_tulu3_c4win,0.725,0.6562,0.753,0.7006,0.7902,,,,runs\scores_f_tulu3_c4win.csv
f_tulu3_gptq4,0.8271,0.7837,0.8465,0.8078,0.8705,,,,runs\scores_f_tulu3_gptq4.csv
f_tulu3_gwtn,0.6726,0.6081,0.7014,0.647,0.7338,,,,runs\scores_f_tulu3_gwtn.csv
f_tulu3_none,0.7263,0.6636,0.7614,0.695,0.7854,,,,runs\scores_f_tulu3_none.csv
gen_fp16,,,,,,0.7421,7.458,,runs_archive/scores\general_gen_fp16.csv
gen_gptq3,,,,,,0.6544,9.631,,runs_archive/scores\general_gen_gptq3.csv
gen_l32_fp16,,,,,,0.6071,11.05,,runs_archive/scores\general_gen_l32_fp16.csv
gen_l32_none,,,,,,0.5075,1748.89,,runs_archive/scores\general_gen_l32_none.csv
gen_l3_fp16,,,,,,0.666,8.289,,runs_archive/scores\general_gen_l3_fp16.csv
gen_l3_none,,,,,,0.5668,17.372,,runs_archive/scores\general_gen_l3_none.csv
gen_l_awq,,,,,,0.5036,12.101,,runs_archive/scores\general_gen_l_awq.csv
gen_l_damp0p01,,,,,,0.5513,21.79,,runs_archive/scores\general_gen_l_damp0p01.csv
gen_l_damp0p2,,,,,,0.5463,81.843,,runs_archive/scores\general_gen_l_damp0p2.csv
gen_l_damp1,,,,,,0.559,85.84,,runs_archive/scores\general_gen_l_damp1.csv
gen_l_damp5,,,,,,0.5325,22.99,,runs_archive/scores\general_gen_l_damp5.csv
gen_llama_fp16,,,,,,0.6826,7.217,,runs_archive/scores\general_gen_llama_fp16.csv
gen_m24_fp16,,,,,,0.8073,5.635,,runs_archive/scores\general_gen_m24_fp16.csv
gen_m24_none,,,,,,0.7556,6.606,,runs_archive/scores\general_gen_m24_none.csv
gen_mistral_fp16,,,,,,0.6178,5.496,,runs_archive/scores\general_gen_mistral_fp16.csv
gen_mistral_none,,,,,,0.5706,6.589,,runs_archive/scores\general_gen_mistral_none.csv
gen_nemo_fp16,,,,,,0.6846,6.094,,runs_archive/scores\general_gen_nemo_fp16.csv
gen_nemo_none,,,,,,0.5828,9.056,,runs_archive/scores\general_gen_nemo_none.csv
gen_q14_awq,,,,,,0.7201,8.677,,runs_archive/scores\general_gen_q14_awq.csv
gen_q14_damp5,,,,,,0.7447,7.624,,runs_archive/scores\general_gen_q14_damp5.csv
gen_q14_fp16,,,,,,0.7993,5.696,,runs_archive/scores\general_gen_q14_fp16.csv
gen_q14_none,,,,,,0.7349,7.713,,runs_archive/scores\general_gen_q14_none.csv
gen_q14_none_cs1,,,,,,0.7367,7.739,,runs_archive/scores\general_gen_q14_none_cs1.csv
gen_q14_tacq,,,,,,0.7407,7.683,,runs_archive/scores\general_gen_q14_tacq.csv
gen_q32_fp16,,,,,,0.8326,5.322,,runs_archive/scores\general_gen_q32_fp16.csv
gen_q32_none,,,,,,0.7897,7.096,,runs_archive/scores\general_gen_q32_none.csv
gen_q3_fp16,,,,,,0.6637,8.556,,runs_archive/scores\general_gen_q3_fp16.csv
gen_q3_none,,,,,,0.5313,11.962,,runs_archive/scores\general_gen_q3_none.csv
gen_v2heads32,,,,,,0.6691,9.442,,runs_archive/scores\general_gen_v2heads32.csv
gen_v2l_none,,,,,,0.5608,59.237,,runs_archive/scores\general_gen_v2l_none.csv
gen_v2l_tacq,,,,,,0.5882,9.64,,runs_archive/scores\general_gen_v2l_tacq.csv
gen_v2none,,,,,,0.6668,9.705,,runs_archive/scores\general_gen_v2none.csv
gen_v2tacq,,,,,,0.6683,9.349,,runs_archive/scores\general_gen_v2tacq.csv
gen_yi_fp16,,,,,,0.2295,6.113,,runs_archive/scores\general_gen_yi_fp16.csv
gen_yi_none,,,,,,0.2295,9.416,,runs_archive/scores\general_gen_yi_none.csv
gptaq3_llama,0.1499,0.098,0.1894,0.1072,0.205,,,,runs_archive/scores\scores_gptaq3_llama.csv
gptaq3_q14,0.7515,0.6969,0.7758,0.7301,0.8034,,,,runs_archive/scores\scores_gptaq3_q14.csv
gptq3_llama_damp0p99_packed,0.168,0.1072,0.2254,0.1091,0.2302,,,,runs_archive/scores\scores_gptq3_llama_damp0p99_packed.csv
gptq3_q14_damp0p99_packed,0.7687,0.7172,0.7926,0.7486,0.8165,,,,runs_archive/scores\scores_gptq3_q14_damp0p99_packed.csv
gsm_f_l_damp5,,,,,,,,0.6035,runs/scores_gsm8k.csv
gsm_f_l_gptq4,,,,,,,,0.8158,runs/scores_gsm8k.csv
gsm_f_l_gwtn,,,,,,,,0.5481,runs/scores_gsm8k.csv
gsm_f_l_none,,,,,,,,0.0083,runs/scores_gsm8k.csv
gsm_f_l_rtn01down,,,,,,,,0.6315,runs/scores_gsm8k.csv
gsm_f_q14_damp5,,,,,,,,0.8795,runs/scores_gsm8k.csv
gsm_f_q14_gptq4,,,,,,,,0.9325,runs/scores_gsm8k.csv
gsm_f_q14_gwtn,,,,,,,,0.8772,runs/scores_gsm8k.csv
gsm_f_q14_l4down,,,,,,,,0.8886,runs/scores_gsm8k.csv
gsm_f_q14_none,,,,,,,,0.1729,runs/scores_gsm8k.csv
gsm_llama_awq,,,,,,,,0.4246,runs_archive/scores\scores_gsm8k_archive_2026-09-10.csv
gsm_llama_damp5,,,,,,,,0.583,runs_archive/scores\scores_gsm8k_archive_2026-09-10.csv
gsm_llama_fp16,,,,,,,,0.8431,runs_archive/scores\scores_gsm8k_archive_2026-09-10.csv
gsm_llama_none,,,,,,,,0.0015,runs_archive/scores\scores_gsm8k_archive_2026-09-10.csv
gsm_llama_tacq,,,,,,,,0.6164,runs_archive/scores\scores_gsm8k_archive_2026-09-10.csv
gsm_q14_awq,,,,,,,,0.8393,runs_archive/scores\scores_gsm8k_archive_2026-09-10.csv
gsm_q14_damp5,,,,,,,,0.8923,runs_archive/scores\scores_gsm8k_archive_2026-09-10.csv
gsm_q14_fp16,,,,,,,,0.9257,runs_archive/scores\scores_gsm8k_archive_2026-09-10.csv
gsm_q14_none,,,,,,,,0.1289,runs_archive/scores\scores_gsm8k_archive_2026-09-10.csv
gsm_q14_tacq,,,,,,,,0.8939,runs_archive/scores\scores_gsm8k_archive_2026-09-10.csv
gsm_qwen_fp16,,,,,,,,0.9007,runs_archive/scores\scores_gsm8k_archive_2026-09-10.csv
gsm_qwen_gptq3,,,,,,,,0.7953,runs_archive/scores\scores_gsm8k_archive_2026-09-10.csv
gsm_qwen_tacq,,,,,,,,0.8385,runs_archive/scores\scores_gsm8k_archive_2026-09-10.csv
gsm_qwen_v2none,,,,,,,,0.7779,runs_archive/scores\scores_gsm8k_archive_2026-09-10.csv
gt_f3_gwtn,0.6287,0.5582,0.6523,0.6063,0.6978,,,,runs\scores_gt_f3_gwtn.csv
gt_f3_gwtn_pile,0.6886,0.6266,0.7122,0.6636,0.7518,,,,runs\scores_gt_f3_gwtn_pile.csv
gt_g29_gwtn,0.6991,0.6433,0.7374,0.6617,0.7542,,,,runs\scores_gt_g29_gwtn.csv
gt_granite_gwtn,0.5745,0.4972,0.6091,0.5416,0.6499,,,,runs\scores_gt_granite_gwtn.csv
gt_hermes3_gwtn,0.3977,0.3216,0.44,0.353,0.476,,,,runs\scores_gt_hermes3_gwtn.csv
gt_hermes3_gwtn_pile,0.4241,0.3457,0.4712,0.3771,0.5024,,,,runs\scores_gt_hermes3_gwtn_pile.csv
gt_l32_gwtn,0.5694,0.4843,0.6043,0.5379,0.6511,,,,runs\scores_gt_l32_gwtn.csv
gt_l3_gwtn,0.5753,0.4732,0.5791,0.5749,0.6739,,,,runs\scores_gt_l3_gwtn.csv
gt_m7_gwtn,0.4052,0.3105,0.4424,0.3678,0.5,,,,runs\scores_gt_m7_gwtn.csv
gt_ministral_gwtn,0.4778,0.4011,0.5168,0.4418,0.5516,,,,runs\scores_gt_ministral_gwtn.csv
gt_nemo_gwtn_pile,0.5097,0.427,0.5432,0.4787,0.5899,,,,runs\scores_gt_nemo_gwtn_pile.csv
gt_q32_gwtn,0.7727,0.719,0.7938,0.7542,0.8237,,,,runs\scores_gt_q32_gwtn.csv
gt_q3_gwtn,0.4104,0.3346,0.4448,0.3752,0.4868,,,,runs\scores_gt_q3_gwtn.csv
gt_q7_gwtn,0.6545,0.5896,0.6823,0.6266,0.7194,,,,runs\scores_gt_q7_gwtn.csv
gt_q7_gwtn_pile,0.7016,0.6433,0.7302,0.6728,0.7602,,,,runs\scores_gt_q7_gwtn_pile.csv
gt_qwen3_14b_gwtn,0.5071,0.3919,0.542,0.4806,0.6139,,,,runs\scores_gt_qwen3_14b_gwtn.csv
gt_qwen3_8b_gwtn,0.376,0.2976,0.4353,0.3179,0.4532,,,,runs\scores_gt_qwen3_8b_gwtn.csv
gt_sm_gwtn,0.2701,0.1996,0.3141,0.2237,0.3429,,,,runs\scores_gt_sm_gwtn.csv
gt_sm_gwtn_pile,0.2841,0.2033,0.3321,0.2366,0.3645,,,,runs\scores_gt_sm_gwtn_pile.csv
gt_tulu3_gwtn,0.6459,0.5693,0.6763,0.6211,0.717,,,,runs\scores_gt_tulu3_gwtn.csv
gt_tulu3_gwtn_pile,0.6862,0.6174,0.7218,0.6562,0.7494,,,,runs\scores_gt_tulu3_gwtn_pile.csv
h_hermes3_damp0p01,0.3699,0.2699,0.4185,0.3235,0.4676,,,,runs\scores_h_hermes3_damp0p01.csv
h_hermes3_gm1,0.2009,0.1201,0.2434,0.1534,0.2866,,,,runs\scores_h_hermes3_gm1.csv
h_hermes3_rtn_gm1,0.1495,0.085,0.1942,0.1017,0.217,,,,runs\scores_h_hermes3_rtn_gm1.csv
h_m7_damp0p01,0.4187,0.3198,0.4568,0.3863,0.512,,,,runs\scores_h_m7_damp0p01.csv
h_m7_gm1,0.2952,0.2144,0.3465,0.2458,0.3741,,,,runs\scores_h_m7_gm1.csv
h_m7_rtn_gm1,0.182,0.1128,0.2434,0.1201,0.2518,,,,runs\scores_h_m7_rtn_gm1.csv
h_ministral_damp0p01,0.5199,0.4455,0.5576,0.4806,0.5959,,,,runs\scores_h_ministral_damp0p01.csv
h_ministral_gm1,0.3765,0.2902,0.4376,0.3142,0.464,,,,runs\scores_h_ministral_gm1.csv
h_ministral_rtn_gm1,0.3307,0.2532,0.3669,0.2902,0.4125,,,,runs\scores_h_ministral_rtn_gm1.csv
h_nemo_damp0p01,0.3782,0.2939,0.4221,0.3327,0.464,,,,runs\scores_h_nemo_damp0p01.csv
h_nemo_gm1,0.2381,0.1682,0.2698,0.2015,0.3129,,,,runs\scores_h_nemo_gm1.csv
h_nemo_rtn,0.2853,0.2052,0.3261,0.244,0.3657,,,,runs\scores_h_nemo_rtn.csv
h_nemo_rtn_gm1,0.1816,0.1146,0.223,0.1368,0.2518,,,,runs\scores_h_nemo_rtn_gm1.csv
h_q32_damp0p01,0.7646,0.7079,0.7878,0.7449,0.8177,,,,runs\scores_h_q32_damp0p01.csv
h_q32_gm1,0.5834,0.488,0.6055,0.5675,0.6727,,,,runs\scores_h_q32_gm1.csv
h_q32_rtn,0.774,0.719,0.8034,0.7486,0.8249,,,,runs\scores_h_q32_rtn.csv
h_q32_rtn_gm1,0.1751,0.1109,0.2266,0.122,0.241,,,,runs\scores_h_q32_rtn_gm1.csv
h_qwen3_14b_damp0p01,0.4845,0.39,0.5276,0.4473,0.5731,,,,runs\scores_h_qwen3_14b_damp0p01.csv
h_qwen3_14b_gm1,0.3016,0.2163,0.3369,0.2625,0.3909,,,,runs\scores_h_qwen3_14b_gm1.csv
h_qwen3_14b_rtn_gm1,0.1622,0.1091,0.199,0.1201,0.2206,,,,runs\scores_h_qwen3_14b_rtn_gm1.csv
held_falcon3_10b_gwtn,0.6729,0.6044,0.7002,0.6506,0.7362,,,,runs\scores_held_falcon3_10b_gwtn.csv
held_hermes2pro_l3_8b_gwtn,0.4096,0.3161,0.4508,0.3715,0.5,,,,runs\scores_held_hermes2pro_l3_8b_gwtn.csv
held_mistral_7b_v01_gwtn,0.4367,0.3697,0.47,0.3974,0.5096,,,,runs\scores_held_mistral_7b_v01_gwtn.csv
held_qwen25_0p5b_gwtn,0.1858,0.1238,0.2218,0.1423,0.2554,,,,runs\scores_held_qwen25_0p5b_gwtn.csv
held_qwen25_1p5b_gwtn,0.278,0.1996,0.3333,0.2181,0.3609,,,,runs\scores_held_qwen25_1p5b_gwtn.csv
held_qwen2_7b_gwtn,0.5024,0.4288,0.542,0.4621,0.5767,,,,runs\scores_held_qwen2_7b_gwtn.csv
held_qwen3_4b_gwtn,0.3458,0.2717,0.4005,0.2902,0.4209,,,,runs\scores_held_qwen3_4b_gwtn.csv
held_r1_llama_8b_gwtn,0.3684,0.2865,0.4221,0.3142,0.4508,,,,runs\scores_held_r1_llama_8b_gwtn.csv
held_r1_qwen_14b_gwtn,0.3925,0.3124,0.4556,0.3272,0.4748,,,,runs\scores_held_r1_qwen_14b_gwtn.csv
held_smollm3_3b_gwtn,0.3761,0.2717,0.4149,0.342,0.476,,,,runs\scores_held_smollm3_3b_gwtn.csv
inj_f3_b1,0.7249,0.6673,0.753,0.695,0.7842,,,,runs\scores_inj_f3_b1.csv
inj_f3_b2,0.6831,0.6229,0.7098,0.6562,0.7434,,,,runs\scores_inj_f3_b2.csv
inj_f3_b4,0.6581,0.5933,0.6847,0.6303,0.7242,,,,runs\scores_inj_f3_b4.csv
inj_f3_b8,0.6843,0.6303,0.7146,0.6525,0.7398,,,,runs\scores_inj_f3_b8.csv
inj_g29_b1,0.7868,0.7394,0.8141,0.7616,0.8321,,,,runs\scores_inj_g29_b1.csv
inj_g29_b2,0.6933,0.6359,0.7266,0.6636,0.747,,,,runs\scores_inj_g29_b2.csv
inj_g29_b4,0.6941,0.6359,0.7302,0.6599,0.7506,,,,runs\scores_inj_g29_b4.csv
inj_g29_b8,0.6993,0.6433,0.7338,0.6673,0.753,,,,runs\scores_inj_g29_b8.csv
inj_hermes3_b1,0.5988,0.5268,0.6367,0.5601,0.6715,,,,runs\scores_inj_hermes3_b1.csv
inj_hermes3_b2,0.6103,0.536,0.6439,0.5804,0.6811,,,,runs\scores_inj_hermes3_b2.csv
inj_hermes3_b4,0.5715,0.5046,0.6043,0.5342,0.6427,,,,runs\scores_inj_hermes3_b4.csv
inj_hermes3_b8,0.4322,0.3567,0.4724,0.39,0.5096,,,,runs\scores_inj_hermes3_b8.csv
inj_l_b1,0.7774,0.7098,0.8022,0.7597,0.8381,,,,runs\scores_inj_l_b1.csv
inj_l_b2,0.797,0.7338,0.8141,0.7874,0.8525,,,,runs\scores_inj_l_b2.csv
inj_l_b4,0.7705,0.7116,0.795,0.7505,0.8249,,,,runs\scores_inj_l_b4.csv
inj_l_b8,0.6352,0.5601,0.6751,0.597,0.7086,,,,runs\scores_inj_l_b8.csv
inj_l_c4win_b2,0.6417,0.5564,0.6739,0.6137,0.723,,,,runs\scores_inj_l_c4win_b2.csv
inj_l_cure_b2,0.6255,0.549,0.6535,0.597,0.7026,,,,runs\scores_inj_l_cure_b2.csv
inj_l_cure_b4,0.6147,0.536,0.6439,0.586,0.693,,,,runs\scores_inj_l_cure_b4.csv
inj_l_cure_b8,0.4069,0.3235,0.452,0.3604,0.4916,,,,runs\scores_inj_l_cure_b8.csv
inj_l_rtn_b2,0.5576,0.4843,0.5923,0.5231,0.6307,,,,runs\scores_inj_l_rtn_b2.csv
inj_l_rtn_b4,0.4826,0.3993,0.524,0.4362,0.5707,,,,runs\scores_inj_l_rtn_b4.csv
inj_m7_b1,0.5555,0.4824,0.5923,0.5176,0.6295,,,,runs\scores_inj_m7_b1.csv
inj_m7_b2,0.5413,0.464,0.5803,0.4972,0.6235,,,,runs\scores_inj_m7_b2.csv
inj_m7_b4,0.519,0.4529,0.554,0.4806,0.5887,,,,runs\scores_inj_m7_b4.csv
inj_m7_b8,0.3559,0.2865,0.4041,0.305,0.4281,,,,runs\scores_inj_m7_b8.csv
inj_nemo_b1,0.6452,0.5693,0.6715,0.6229,0.717,,,,runs\scores_inj_nemo_b1.csv
inj_nemo_b2,0.6149,0.5342,0.6439,0.5896,0.6918,,,,runs\scores_inj_nemo_b2.csv
inj_nemo_b4,0.5186,0.4418,0.5612,0.4732,0.5983,,,,runs\scores_inj_nemo_b4.csv
inj_nemo_b8,0.5121,0.427,0.5444,0.4824,0.5947,,,,runs\scores_inj_nemo_b8.csv
inj_q14_b1,0.8226,0.7874,0.8441,0.8004,0.8585,,,,runs\scores_inj_q14_b1.csv
inj_q14_b2,0.8047,0.7597,0.8201,0.7911,0.8477,,,,runs\scores_inj_q14_b2.csv
inj_q14_b4,0.8208,0.7819,0.8381,0.8059,0.8573,,,,runs\scores_inj_q14_b4.csv
inj_q14_b8,0.8057,0.7652,0.8309,0.78,0.8465,,,,runs\scores_inj_q14_b8.csv
inj_q14_cure_b4,0.7459,0.6876,0.7638,0.7301,0.8022,,,,runs\scores_inj_q14_cure_b4.csv
inj_q14_rtn_b4,0.6692,0.61,0.7038,0.6377,0.7254,,,,runs\scores_inj_q14_rtn_b4.csv
inj_q7_b1,0.7166,0.658,0.735,0.695,0.7782,,,,runs\scores_inj_q7_b1.csv
inj_q7_b2,0.7594,0.7061,0.7866,0.7357,0.8094,,,,runs\scores_inj_q7_b2.csv
inj_q7_b4,0.7551,0.7024,0.7878,0.7246,0.8058,,,,runs\scores_inj_q7_b4.csv
inj_q7_b8,0.7588,0.7043,0.7902,0.7301,0.8106,,,,runs\scores_inj_q7_b8.csv
inj_qwen3_14b_b1,0.425,0.3475,0.4928,0.3586,0.5012,,,,runs\scores_inj_qwen3_14b_b1.csv
inj_qwen3_14b_b2,0.4276,0.3494,0.4904,0.366,0.5048,,,,runs\scores_inj_qwen3_14b_b2.csv
inj_qwen3_14b_b4,0.4305,0.353,0.488,0.3715,0.5096,,,,runs\scores_inj_qwen3_14b_b4.csv
inj_qwen3_14b_b8,0.4282,0.3457,0.4904,0.366,0.5108,,,,runs\scores_inj_qwen3_14b_b8.csv
inj_tulu3_b1,0.8175,0.7671,0.8417,0.7967,0.8645,,,,runs\scores_inj_tulu3_b1.csv
inj_tulu3_b2,0.8242,0.78,0.8465,0.8022,0.8681,,,,runs\scores_inj_tulu3_b2.csv
inj_tulu3_b4,0.8028,0.7505,0.8249,0.7819,0.8537,,,,runs\scores_inj_tulu3_b4.csv
inj_tulu3_b8,0.7228,0.6617,0.759,0.6876,0.783,,,,runs\scores_inj_tulu3_b8.csv
m_hermes3_ar3,0.4533,0.3771,0.4928,0.4159,0.5276,,,,runs\scores_m_hermes3_ar3.csv
m_l4_ar,0.7477,0.6895,0.7734,0.7246,0.8034,,,,runs\scores_m_l4_ar.csv
m_l4_arb,0.7572,0.6932,0.7842,0.7338,0.8177,,,,runs\scores_m_l4_arb.csv
m_l4_hqq,0.7835,0.7283,0.7986,0.7726,0.8345,,,,runs\scores_m_l4_hqq.csv
m_l_ar3,0.1641,0.1017,0.2146,0.1109,0.229,,,,runs\scores_m_l_ar3.csv
m_l_ar3b,0.4596,0.3771,0.5,0.4159,0.5456,,,,runs\scores_m_l_ar3b.csv
m_l_ar3c4win,0.722,0.6543,0.7446,0.7024,0.7866,,,,runs\scores_m_l_ar3c4win.csv
m_l_ar3pile,0.7157,0.647,0.7458,0.6895,0.7806,,,,runs\scores_m_l_ar3pile.csv
m_l_hqq3,0.5994,0.5194,0.6271,0.5749,0.6763,,,,runs\scores_m_l_hqq3.csv
m_l_spqr1,0.6783,0.6007,0.7074,0.6543,0.7506,,,,runs\scores_m_l_spqr1.csv
m_nemo_ar3,0.4714,0.3863,0.5108,0.4344,0.554,,,,runs\scores_m_nemo_ar3.csv
m_q14_ar3,0.7677,0.7172,0.7854,0.7542,0.8141,,,,runs\scores_m_q14_ar3.csv
m_q14_ar3b,0.1806,0.1201,0.2374,0.1238,0.241,,,,runs\scores_m_q14_ar3b.csv
m_q14_ar3c4win,0.7871,0.7449,0.8058,0.7726,0.8249,,,,runs\scores_m_q14_ar3c4win.csv
m_q14_ar3pile,0.7926,0.7505,0.8141,0.7726,0.8333,,,,runs\scores_m_q14_ar3pile.csv
m_q14_hqq3,0.7494,0.6969,0.7746,0.7264,0.7998,,,,runs\scores_m_q14_hqq3.csv
m_q14_spqr1,0.788,0.7412,0.8022,0.7763,0.8321,,,,runs\scores_m_q14_spqr1.csv
m_q7_ar3,0.7428,0.6876,0.7578,0.7283,0.7974,,,,runs\scores_m_q7_ar3.csv
m_qwen3_14b_ar3,0.4725,0.3826,0.5336,0.414,0.56,,,,runs\scores_m_qwen3_14b_ar3.csv
mlp_25pct,0.7139,0.6617,0.7518,0.6747,0.7674,,,,runs_archive/scores\scores_mlp_25pct.csv
mlp_2pct,0.6891,0.6266,0.7194,0.6599,0.7506,,,,runs_archive/scores\scores_mlp_2pct.csv
mlp_5pct,0.7062,0.6433,0.7254,0.6876,0.7686,,,,runs_archive/scores\scores_mlp_5pct.csv
mlp_b_s0,0.6986,0.6396,0.7194,0.6802,0.7554,,,,runs_archive/scores\scores_mlp_b_s0.csv
mlp_b_s1,0.6869,0.6266,0.7146,0.658,0.7482,,,,runs_archive/scores\scores_mlp_b_s1.csv
mlp_b_s2,0.6936,0.6377,0.7194,0.6691,0.7482,,,,runs_archive/scores\scores_mlp_b_s2.csv
mlp_match_attn,0.7009,0.6451,0.7242,0.6765,0.7578,,,,runs_archive/scores\scores_mlp_match_attn.csv
mlp_match_attn_s1,0.6898,0.634,0.7146,0.6636,0.747,,,,runs_archive/scores\scores_mlp_match_attn_s1.csv
ph_crit_llama,0.1621,0.0906,0.2026,0.1201,0.235,,,,runs_archive/scores\scores_ph_crit_llama.csv
ph_scatter_s0,0.6628,0.597,0.6954,0.6322,0.7266,,,,runs_archive/scores\scores_ph_scatter_s0.csv
ph_scatter_s1,0.6699,0.6155,0.7038,0.6359,0.7242,,,,runs_archive/scores\scores_ph_scatter_s1.csv
prot32_o,0.6914,0.6303,0.7218,0.6617,0.7518,,,,runs_archive/scores\scores_prot32_o.csv
prot32_qkv,0.6767,0.6174,0.7074,0.647,0.735,,,,runs_archive/scores\scores_prot32_qkv.csv
prot_layer01,0.693,0.6322,0.7194,0.6673,0.753,,,,runs_archive/scores\scores_prot_layer01.csv
prot_noop,0.6835,0.6229,0.711,0.658,0.7422,,,,runs_archive/scores\scores_prot_noop.csv
prot_rand32_s0,0.6946,0.6303,0.7278,0.6636,0.7566,,,,runs_archive/scores\scores_prot_rand32_s0.csv
prot_rand32_s1,0.687,0.6248,0.717,0.658,0.7482,,,,runs_archive/scores\scores_prot_rand32_s1.csv
prot_rand32_s2,0.7042,0.6433,0.7314,0.6821,0.7602,,,,runs_archive/scores\scores_prot_rand32_s2.csv
prot_top16_dev3,0.6922,0.6285,0.7194,0.6654,0.7554,,,,runs_archive/scores\scores_prot_top16_dev3.csv
prot_top32_act,0.6931,0.6322,0.7218,0.6654,0.753,,,,runs_archive/scores\scores_prot_top32_act.csv
prot_top32_dev3,0.701,0.6433,0.729,0.6728,0.759,,,,runs_archive/scores\scores_prot_top32_dev3.csv
prot_top64_dev3,0.6887,0.6285,0.717,0.6636,0.7458,,,,runs_archive/scores\scores_prot_top64_dev3.csv
qbase_fp16,0.7652,0.7153,0.7926,0.7412,0.8118,,,,runs_archive/scores\scores_qbase_fp16.csv
qbase_gptq2,0.1208,0.0702,0.1523,0.0869,0.1739,,,,runs_archive/scores\scores_qbase_gptq2.csv
qbase_gptq3,0.6832,0.6229,0.711,0.658,0.741,,,,runs_archive/scores\scores_qbase_gptq3.csv
qbase_gptq4,0.7575,0.7079,0.7842,0.7357,0.8022,,,,runs_archive/scores\scores_qbase_gptq4.csv
qbase_gptq8,0.7695,0.7172,0.795,0.7468,0.8189,,,,runs_archive/scores\scores_qbase_gptq8.csv
qbase_llama_fp16,0.7683,0.7061,0.795,0.7449,0.8273,,,,runs_archive/scores\scores_qbase_llama_fp16.csv
qbase_llama_fp16_1bos,0.8076,0.7486,0.8237,0.7985,0.8597,,,,runs_archive/scores\scores_qbase_llama_fp16_1bos.csv
qbase_llama_gptq3,0.1267,0.0813,0.1619,0.0887,0.1751,,,,runs_archive/scores\scores_qbase_llama_gptq3.csv
qbase_llama_gptq4,0.7759,0.719,0.8046,0.7505,0.8297,,,,runs_archive/scores\scores_qbase_llama_gptq4.csv
qbase_mistral24_fp16,0.7574,0.6987,0.7794,0.7375,0.8141,,,,runs_archive/scores\scores_qbase_mistral24_fp16.csv
qbase_mistral_fp16,0.5524,0.464,0.5875,0.5213,0.6367,,,,runs_archive/scores\scores_qbase_mistral_fp16.csv
qbase_qwen14_fp16,0.8203,0.7763,0.8393,0.8022,0.8633,,,,runs_archive/scores\scores_qbase_qwen14_fp16.csv
qbase_qwen32_fp16,0.8384,0.7967,0.8585,0.8207,0.8777,,,,runs_archive/scores\scores_qbase_qwen32_fp16.csv
qcal_g64_3,0.7193,0.6562,0.7458,0.6969,0.7782,,,,runs_archive/scores\scores_qcal_g64_3.csv
qcal_instruct3,0.6633,0.5933,0.705,0.6248,0.7302,,,,runs_archive/scores\scores_qcal_instruct3.csv
rand16_s0,0.7484,0.6869,0.7815,0.7172,0.8079,,,,runs_archive/scores\scores_rand16_s0.csv
rand32_qkv_s0,0.6954,0.6322,0.7254,0.6673,0.7566,,,,runs_archive/scores\scores_rand32_qkv_s0.csv
rand32_s0,0.7342,0.6667,0.7616,0.7071,0.8013,,,,runs_archive/scores\scores_rand32_s0.csv
rand32_s1,0.7502,0.7071,0.7682,0.7374,0.7881,,,,runs_archive/scores\scores_rand32_s1.csv
rand32_s2,0.735,0.6768,0.7682,0.7071,0.7881,,,,runs_archive/scores\scores_rand32_s2.csv
rand64_s0,0.6842,0.6364,0.7086,0.6566,0.7351,,,,runs_archive/scores\scores_rand64_s0.csv
rotfp_llama,0.7848,0.7246,0.807,0.7671,0.8405,,,,runs_archive/scores\scores_rotfp_llama.csv
rtn3l_none,0.565,0.4917,0.6031,0.525,0.6403,,,,runs_archive/scores\scores_rtn3l_none.csv
rtn3l_tacq1e5,0.6007,0.5213,0.6343,0.5712,0.6763,,,,runs_archive/scores\scores_rtn3l_tacq1e5.csv
rtn3m_gm1,0.182,0.1128,0.2434,0.1201,0.2518,,,,runs_archive/scores\scores_rtn3m_gm1.csv
rtn3m_none,0.4199,0.3494,0.4568,0.3771,0.4964,,,,runs_archive/scores\scores_rtn3m_none.csv
rtn3q14_none,0.6974,0.6433,0.7278,0.6654,0.753,,,,runs_archive/scores\scores_rtn3q14_none.csv
rtn3q14_tacq1e6,0.7195,0.6543,0.7386,0.7079,0.777,,,,runs_archive/scores\scores_rtn3q14_tacq1e6.csv
rtn3q3_none,0.1296,0.0869,0.1715,0.0887,0.1715,,,,runs_archive/scores\scores_rtn3q3_none.csv
rtn3q_gm1,0.1757,0.122,0.2242,0.1275,0.229,,,,runs_archive/scores\scores_rtn3q_gm1.csv
rtn3q_none,0.4999,0.4159,0.5408,0.4603,0.5827,,,,runs_archive/scores\scores_rtn3q_none.csv
rtn3yi_none,0.3201,0.244,0.3585,0.2773,0.4005,,,,runs_archive/scores\scores_rtn3yi_none.csv
screen_base,0.7434,0.697,0.7815,0.7071,0.7881,,,,runs_archive/scores\scores_screen_base.csv
top16_dev3,0.7459,0.7071,0.7815,0.7071,0.7881,,,,runs_archive/scores\scores_top16_dev3.csv
top32_act,0.6732,0.6162,0.7152,0.6263,0.7351,,,,runs_archive/scores\scores_top32_act.csv
top32_dev3,0.7117,0.6667,0.7483,0.6768,0.755,,,,runs_archive/scores\scores_top32_dev3.csv
top64_dev3,0.6666,0.596,0.6887,0.6465,0.7351,,,,runs_archive/scores\scores_top64_dev3.csv
tp_l_c4_c4winles,0.136,0.0739,0.1763,0.0924,0.2014,,,,runs\scores_tp_l_c4_c4winles.csv
tp_l_c4win_les,0.5671,0.4787,0.6007,0.5379,0.6511,,,,runs\scores_tp_l_c4win_les.csv
tp_l_fp16_les,0.7539,0.6932,0.7842,0.7264,0.8118,,,,runs\scores_tp_l_fp16_les.csv
tp_l_rtn_les,0.5196,0.4436,0.5576,0.4787,0.5983,,,,runs\scores_tp_l_rtn_les.csv
tp_q14_fp16_les,0.6495,0.5786,0.6763,0.6285,0.7146,,,,runs\scores_tp_q14_fp16_les.csv
tpbg_l_L2,0.1286,0.0758,0.1715,0.085,0.1823,,,,runs\scores_tpbg_l_L2.csv
tpbg_l_L2_3,0.1279,0.0813,0.1631,0.0887,0.1787,,,,runs\scores_tpbg_l_L2_3.csv
tpbg_l_L2_4,0.1336,0.085,0.1799,0.085,0.1847,,,,runs\scores_tpbg_l_L2_4.csv
tpbg_l_L2attn,0.1355,0.0906,0.1787,0.0906,0.1823,,,,runs\scores_tpbg_l_L2attn.csv
tpbg_l_L2mlp,0.1518,0.0887,0.193,0.1035,0.2218,,,,runs\scores_tpbg_l_L2mlp.csv
tpbg_l_L3,0.1521,0.098,0.1966,0.1017,0.2122,,,,runs\scores_tpbg_l_L3.csv
tpbg_l_rev_L2_3,0.6322,0.5601,0.6643,0.6007,0.7038,,,,runs\scores_tpbg_l_rev_L2_3.csv
u4_f3_gptq4,0.746,0.6858,0.7746,0.719,0.8046,,,,runs\scores_u4_f3_gptq4.csv
u4_f3_rtn4,0.7637,0.7116,0.7914,0.7375,0.8141,,,,runs\scores_u4_f3_rtn4.csv
u4_g29_gptq4,0.755,0.7024,0.789,0.7227,0.8058,,,,runs\scores_u4_g29_gptq4.csv
u4_g29_rtn4,0.7567,0.7116,0.7854,0.7264,0.8034,,,,runs\scores_u4_g29_rtn4.csv
u4_granite_gptq4,0.7026,0.6451,0.729,0.6784,0.7578,,,,runs\scores_u4_granite_gptq4.csv
u4_granite_rtn4,0.6648,0.5989,0.6978,0.6285,0.7338,,,,runs\scores_u4_granite_rtn4.csv
u4_hermes3_gptq4,0.5544,0.4861,0.5887,0.5194,0.6235,,,,runs\scores_u4_hermes3_gptq4.csv
u4_hermes3_gwtn,0.5931,0.5139,0.6163,0.573,0.6691,,,,runs\scores_u4_hermes3_gwtn.csv
u4_hermes3_rtn4,0.5769,0.5083,0.6091,0.5416,0.6487,,,,runs\scores_u4_hermes3_rtn4.csv
u4_l32_gptq4,0.7074,0.6433,0.7362,0.6802,0.7698,,,,runs\scores_u4_l32_gptq4.csv
u4_l32_rtn4,0.7157,0.6488,0.7422,0.695,0.777,,,,runs\scores_u4_l32_rtn4.csv
u4_l3_gptq4,0.7262,0.6488,0.7494,0.7079,0.7986,,,,runs\scores_u4_l3_gptq4.csv
u4_l3_rtn4,0.7326,0.658,0.747,0.7246,0.801,,,,runs\scores_u4_l3_rtn4.csv
u4_l_rtn4,0.7603,0.7061,0.7866,0.7357,0.8129,,,,runs\scores_u4_l_rtn4.csv
u4_m7_gptq4,0.4503,0.3623,0.494,0.4067,0.5384,,,,runs\scores_u4_m7_gptq4.csv
u4_m7_gwtn,0.5336,0.4547,0.5767,0.488,0.6151,,,,runs\scores_u4_m7_gwtn.csv
u4_m7_rtn4,0.5453,0.4658,0.5791,0.5139,0.6223,,,,runs\scores_u4_m7_rtn4.csv
u4_ministral_gptq4,0.5824,0.5102,0.6187,0.5508,0.6499,,,,runs\scores_u4_ministral_gptq4.csv
u4_ministral_rtn4,0.5733,0.5028,0.6055,0.5434,0.6415,,,,runs\scores_u4_ministral_rtn4.csv
u4_nemo_gptq4,0.6022,0.5323,0.6343,0.5693,0.6727,,,,runs\scores_u4_nemo_gptq4.csv
u4_nemo_rtn4,0.6189,0.5471,0.6475,0.5915,0.6894,,,,runs\scores_u4_nemo_rtn4.csv
u4_q14_rtn4,0.8033,0.7597,0.8225,0.7856,0.8453,,,,runs\scores_u4_q14_rtn4.csv
u4_q32_gptq4,0.8147,0.7689,0.8357,0.7967,0.8573,,,,runs\scores_u4_q32_gptq4.csv
u4_q32_gwtn,0.8245,0.7837,0.8489,0.8022,0.8633,,,,runs\scores_u4_q32_gwtn.csv
u4_q32_rtn4,0.8456,0.8041,0.8645,0.8299,0.8837,,,,runs\scores_u4_q32_rtn4.csv
u4_q3_gptq4,0.6105,0.5416,0.6427,0.5804,0.6775,,,,runs\scores_u4_q3_gptq4.csv
u4_q3_rtn4,0.5675,0.4991,0.6043,0.5323,0.6343,,,,runs\scores_u4_q3_rtn4.csv
u4_q7_gptq4,0.7393,0.6858,0.7698,0.7116,0.7902,,,,runs\scores_u4_q7_gptq4.csv
u4_q7_rtn4,0.7467,0.6876,0.777,0.719,0.8034,,,,runs\scores_u4_q7_rtn4.csv
u4_qwen3_14b_gptq4,0.4704,0.3789,0.5324,0.4104,0.56,,,,runs\scores_u4_qwen3_14b_gptq4.csv
u4_qwen3_14b_gwtn,0.4636,0.3678,0.512,0.4196,0.5552,,,,runs\scores_u4_qwen3_14b_gwtn.csv
u4_qwen3_14b_rtn4,0.5278,0.4436,0.5779,0.4806,0.6091,,,,runs\scores_u4_qwen3_14b_rtn4.csv
u4_qwen3_8b_gptq4,0.4146,0.3327,0.4724,0.3567,0.4964,,,,runs\scores_u4_qwen3_8b_gptq4.csv
u4_qwen3_8b_rtn4,0.4255,0.3494,0.4916,0.3586,0.5024,,,,runs\scores_u4_qwen3_8b_rtn4.csv
u4_sm_gptq4,0.5223,0.4566,0.5564,0.4898,0.5863,,,,runs\scores_u4_sm_gptq4.csv
u4_sm_rtn4,0.4511,0.3808,0.4916,0.4104,0.5216,,,,runs\scores_u4_sm_rtn4.csv
u4_tulu3_gptq4,0.8256,0.7819,0.8453,0.8059,0.8693,,,,runs\scores_u4_tulu3_gptq4.csv
u4_tulu3_rtn4,0.7926,0.7449,0.8189,0.7671,0.8393,,,,runs\scores_u4_tulu3_rtn4.csv
v2_b2_none,0.1361,0.085,0.1835,0.0887,0.1871,,,,runs_archive/scores\scores_v2_b2_none.csv
v2_b2_randw,0.1385,0.0887,0.1882,0.0887,0.1882,,,,runs_archive/scores\scores_v2_b2_randw.csv
v2_b2_sw,0.1167,0.0702,0.1583,0.0739,0.1643,,,,runs_archive/scores\scores_v2_b2_sw.csv
v2_b2_tacq,0.1334,0.0813,0.1679,0.0961,0.1882,,,,runs_archive/scores\scores_v2_b2_tacq.csv
v2_b2_tacq2pct,0.1255,0.0721,0.1547,0.0943,0.1811,,,,runs_archive/scores\scores_v2_b2_tacq2pct.csv
v2_b2_tacq5pct,0.1274,0.0795,0.1511,0.098,0.1811,,,,runs_archive/scores\scores_v2_b2_tacq5pct.csv
v2_g64tacq,0.723,0.6728,0.7506,0.695,0.7734,,,,runs_archive/scores\scores_v2_g64tacq.csv
v2_heads32,0.6746,0.6137,0.7002,0.6506,0.7338,,,,runs_archive/scores\scores_v2_heads32.csv
v2_heads32_cs1,0.652,0.5804,0.6871,0.6174,0.723,,,,runs_archive/scores\scores_v2_heads32_cs1.csv
v2_heads32_cs2,0.6667,0.6026,0.6894,0.647,0.7278,,,,runs_archive/scores\scores_v2_heads32_cs2.csv
v2_none,0.6717,0.6192,0.705,0.6396,0.723,,,,runs_archive/scores\scores_v2_none.csv
v2_none_cs1,0.6547,0.5933,0.6847,0.6285,0.7122,,,,runs_archive/scores\scores_v2_none_cs1.csv
v2_none_cs2,0.6709,0.6063,0.7002,0.647,0.7302,,,,runs_archive/scores\scores_v2_none_cs2.csv
v2_randw,0.6846,0.6266,0.7122,0.6599,0.7398,,,,runs_archive/scores\scores_v2_randw.csv
v2_randw_cs1,0.7143,0.6599,0.735,0.6987,0.7638,,,,runs_archive/scores\scores_v2_randw_cs1.csv
v2_randw_cs2,0.6673,0.5989,0.6906,0.6433,0.7362,,,,runs_archive/scores\scores_v2_randw_cs2.csv
v2_tacq,0.7018,0.6414,0.7254,0.6802,0.7602,,,,runs_archive/scores\scores_v2_tacq.csv
v2_tacq035,0.6882,0.6396,0.717,0.6599,0.7362,,,,runs_archive/scores\scores_v2_tacq035.csv
v2_tacq_cs1,0.6988,0.634,0.717,0.6839,0.7602,,,,runs_archive/scores\scores_v2_tacq_cs1.csv
v2_tacq_cs2,0.6829,0.61,0.7098,0.6599,0.7518,,,,runs_archive/scores\scores_v2_tacq_cs2.csv
v2f3_calinst,0.6558,0.5823,0.6823,0.6322,0.7266,,,,runs_archive/scores\scores_v2f3_calinst.csv
v2f3_damp5,0.698,0.6414,0.729,0.6673,0.7542,,,,runs_archive/scores\scores_v2f3_damp5.csv
v2f3_gw,0.6475,0.5749,0.6715,0.6266,0.717,,,,runs\scores_v2f3_gw.csv
v2f3_rtn1down,0.6606,0.5933,0.6859,0.6377,0.7254,,,,runs_archive/scores\scores_v2f3_rtn1down.csv
v2f3_tnorm,0.6573,0.5841,0.6835,0.634,0.7278,,,,runs_archive/scores\scores_v2f3_tnorm.csv
v2g22_calchat,0.4929,0.4325,0.5324,0.4529,0.554,,,,runs_archive/scores\scores_v2g22_calchat.csv
v2g22_calinst,0.4497,0.3549,0.4928,0.4104,0.5408,,,,runs_archive/scores\scores_v2g22_calinst.csv
v2g22_damp5,0.5028,0.4233,0.5456,0.4621,0.5803,,,,runs_archive/scores\scores_v2g22_damp5.csv
v2g22_none_cs1,0.4769,0.3919,0.5108,0.4473,0.5576,,,,runs_archive/scores\scores_v2g22_none_cs1.csv
v2g22_tnorm,0.4803,0.4067,0.53,0.4307,0.554,,,,runs_archive/scores\scores_v2g22_tnorm.csv
v2g22_tnorm_cs1,0.5015,0.414,0.5348,0.4732,0.5839,,,,runs_archive/scores\scores_v2g22_tnorm_cs1.csv
v2g29_bos10,0.696,0.6377,0.729,0.6654,0.7518,,,,runs\scores_v2g29_bos10.csv
v2g29_calinst,0.6943,0.6414,0.7302,0.6599,0.7458,,,,runs_archive/scores\scores_v2g29_calinst.csv
v2g29_damp5,0.7066,0.6506,0.741,0.6747,0.7602,,,,runs_archive/scores\scores_v2g29_damp5.csv
v2g29_rtn01down,0.7121,0.6562,0.7446,0.6802,0.7674,,,,runs_archive/scores\scores_v2g29_rtn01down.csv
v2g29_tnorm,0.7339,0.6858,0.7686,0.7006,0.7806,,,,runs_archive/scores\scores_v2g29_tnorm.csv
v2hermes3_gw,0.3647,0.281,0.4017,0.329,0.4472,,,,runs\scores_v2hermes3_gw.csv
v2l321b_calinst,0.3539,0.2754,0.3909,0.3142,0.4353,,,,runs_archive/scores\scores_v2l321b_calinst.csv
v2l321b_damp5,0.3034,0.22,0.3357,0.2717,0.3861,,,,runs_archive/scores\scores_v2l321b_damp5.csv
v2l321b_rtn1down,0.3728,0.2957,0.4221,0.3272,0.446,,,,runs_archive/scores\scores_v2l321b_rtn1down.csv
v2l321b_tnorm,0.3284,0.2532,0.3681,0.2884,0.4041,,,,runs_archive/scores\scores_v2l321b_tnorm.csv
v2l32_bos10,0.4925,0.3956,0.542,0.4436,0.5887,,,,runs\scores_v2l32_bos10.csv
v2l32_calchat,0.6029,0.5268,0.6379,0.5693,0.6775,,,,runs_archive/scores\scores_v2l32_calchat.csv
v2l32_calinst,0.502,0.4104,0.5408,0.4695,0.5875,,,,runs_archive/scores\scores_v2l32_calinst.csv
v2l32_damp5,0.574,0.4917,0.6055,0.5416,0.6571,,,,runs_archive/scores\scores_v2l32_damp5.csv
v2l32_rtn01down,0.5996,0.5323,0.6319,0.5675,0.6667,,,,runs_archive/scores\scores_v2l32_rtn01down.csv
v2l32_tnorm,0.5837,0.4954,0.6259,0.5434,0.6703,,,,runs_archive/scores\scores_v2l32_tnorm.csv
v2l3_calinst,0.5787,0.4806,0.5947,0.5619,0.6775,,,,runs_archive/scores\scores_v2l3_calinst.csv
v2l3_damp5,0.6271,0.5342,0.6367,0.6192,0.7182,,,,runs_archive/scores\scores_v2l3_damp5.csv
v2l3_none_cs1,0.6195,0.5194,0.6247,0.6192,0.7146,,,,runs_archive/scores\scores_v2l3_none_cs1.csv
v2l3_rtn1down,0.6508,0.5564,0.6607,0.6488,0.7374,,,,runs_archive/scores\scores_v2l3_rtn1down.csv
v2l3_tcap10,0.6391,0.549,0.6547,0.6248,0.7278,,,,runs_archive/scores\scores_v2l3_tcap10.csv
v2l3_tnorm,0.585,0.4787,0.5995,0.5712,0.6906,,,,runs_archive/scores\scores_v2l3_tnorm.csv
v2l3_tnorm_cs1,0.6075,0.4917,0.6019,0.6192,0.717,,,,runs_archive/scores\scores_v2l3_tnorm_cs1.csv
v2l4_bos10,0.7446,0.6802,0.7722,0.719,0.807,,,,runs\scores_v2l4_bos10.csv
v2l4_damp0p1,0.7654,0.7098,0.7878,0.7449,0.8189,,,,runs_archive/scores\scores_v2l4_damp0p1.csv
v2l4_gm1,0.6926,0.6266,0.7218,0.6654,0.7566,,,,runs_archive/scores\scores_v2l4_gm1.csv
v2l4_gwtn,0.7341,0.6747,0.7602,0.7079,0.7938,,,,runs\scores_v2l4_gwtn.csv
v2l4_heads32,0.7553,0.6932,0.7818,0.732,0.8141,,,,runs_archive/scores\scores_v2l4_heads32.csv
v2l4_none,0.7454,0.6802,0.7746,0.7209,0.8058,,,,runs_archive/scores\scores_v2l4_none.csv
v2l4_none_cs1,0.7617,0.7043,0.7902,0.7357,0.8165,,,,runs_archive/scores\scores_v2l4_none_cs1.csv
v2l4_none_div,0.7454,0.6802,0.7746,0.7209,0.8058,,,,runs_archive/scores\scores_v2l4_none_div.csv
v2l4_pile,0.7507,0.695,0.7806,0.7227,0.8046,,,,runs\scores_v2l4_pile.csv
v2l4_randw,0.7684,0.7043,0.7914,0.7505,0.8273,,,,runs_archive/scores\scores_v2l4_randw.csv
v2l4_rtn01down,0.7823,0.7227,0.807,0.7616,0.8381,,,,runs_archive/scores\scores_v2l4_rtn01down.csv
v2l4_rtn01down_cs1,0.7556,0.6969,0.7818,0.732,0.8118,,,,runs_archive/scores\scores_v2l4_rtn01down_cs1.csv
v2l4_rtn1down,0.757,0.6969,0.783,0.7338,0.8141,,,,runs_archive/scores\scores_v2l4_rtn1down.csv
v2l4_swrows5,0.7655,0.7116,0.795,0.7375,0.8177,,,,runs\scores_v2l4_swrows5.csv
v2l4_tacq,0.7534,0.6969,0.7866,0.7209,0.8094,,,,runs_archive/scores\scores_v2l4_tacq.csv
v2l4_tnorm,0.7573,0.7006,0.783,0.7338,0.8118,,,,runs_archive/scores\scores_v2l4_tnorm.csv
v2l_asym,0.212,0.1516,0.271,0.1534,0.2722,,,,runs_archive/scores\scores_v2l_asym.csv
v2l_b2_damp5,0.1167,0.0684,0.1451,0.0832,0.1703,,,,runs_archive/scores\scores_v2l_b2_damp5.csv
v2l_b2_none,0.1495,0.0924,0.2002,0.0943,0.211,,,,runs_archive/scores\scores_v2l_b2_none.csv
v2l_c4chat,0.6438,0.5712,0.6739,0.6155,0.7146,,,,runs_archive/scores\scores_v2l_c4chat.csv
v2l_c4chat_div,0.6436,0.5693,0.6739,0.6155,0.7158,,,,runs_archive/scores\scores_v2l_c4chat_div.csv
v2l_c4win,0.6425,0.5675,0.6739,0.6118,0.717,,,,runs\scores_v2l_c4win.csv
v2l_c4win_gwtn,0.64,0.5693,0.6703,0.6118,0.7086,,,,runs\scores_v2l_c4win_gwtn.csv
v2l_c4wrongchat,0.1617,0.1017,0.205,0.1146,0.2254,,,,runs_archive/scores\scores_v2l_c4wrongchat.csv
v2l_c4x1024_d05,0.1436,0.0906,0.1751,0.1072,0.2014,,,,runs\scores_v2l_c4x1024_d05.csv
v2l_c4x1024_d10,0.1476,0.098,0.1894,0.1017,0.2014,,,,runs\scores_v2l_c4x1024_d10.csv
v2l_c4x512,0.1506,0.098,0.2002,0.098,0.2062,,,,runs_archive/scores\scores_v2l_c4x512.csv
v2l_calchat,0.6689,0.5933,0.7002,0.6433,0.7386,,,,runs_archive/scores\scores_v2l_calchat.csv
v2l_calchat_cs1,0.6906,0.6081,0.7158,0.671,0.7674,,,,runs_archive/scores\scores_v2l_calchat_cs1.csv
v2l_calinst,0.6107,0.5323,0.6487,0.5749,0.6871,,,,runs_archive/scores\scores_v2l_calinst.csv
v2l_calwiki,0.6244,0.5342,0.6559,0.5989,0.7086,,,,runs_archive/scores\scores_v2l_calwiki.csv
v2l_calwiki32,0.2455,0.1774,0.289,0.2015,0.3141,,,,runs_archive/scores\scores_v2l_calwiki32.csv
v2l_cols40m,0.6407,0.5767,0.6691,0.6118,0.705,,,,runs_archive/scores\scores_v2l_cols40m.csv
v2l_damp0p01,0.1276,0.0776,0.1679,0.085,0.1799,,,,runs_archive/scores\scores_v2l_damp0p01.csv
v2l_damp0p2,0.1888,0.1238,0.2338,0.1423,0.2554,,,,runs_archive/scores\scores_v2l_damp0p2.csv
v2l_damp0p5,0.1732,0.1091,0.2146,0.1294,0.2398,,,,runs_archive/scores\scores_v2l_damp0p5.csv
v2l_damp1,0.1522,0.0906,0.2014,0.0998,0.217,,,,runs_archive/scores\scores_v2l_damp1.csv
v2l_damp10,0.6564,0.5896,0.6918,0.6211,0.723,,,,runs_archive/scores\scores_v2l_damp10.csv
v2l_damp2,0.5779,0.4991,0.6127,0.5453,0.6547,,,,runs_archive/scores\scores_v2l_damp2.csv
v2l_damp20,0.6763,0.6063,0.6954,0.6599,0.7434,,,,runs_archive/scores\scores_v2l_damp20.csv
v2l_damp3,0.6522,0.5841,0.6835,0.6229,0.7182,,,,runs_archive/scores\scores_v2l_damp3.csv
v2l_damp5,0.6419,0.5638,0.6751,0.6118,0.717,,,,runs_archive/scores\scores_v2l_damp5.csv
v2l_damp50,0.6727,0.6044,0.705,0.6414,0.7398,,,,runs_archive/scores\scores_v2l_damp50.csv
v2l_damp5_cs1,0.6423,0.5841,0.6715,0.61,0.7038,,,,runs_archive/scores\scores_v2l_damp5_cs1.csv
v2l_dropbos,0.5598,0.4658,0.5911,0.536,0.6463,,,,runs_archive/scores\scores_v2l_dropbos.csv
v2l_early,0.1582,0.1035,0.2038,0.1109,0.2146,,,,runs_archive/scores\scores_v2l_early.csv
v2l_early5,0.1513,0.0906,0.1954,0.1035,0.2158,,,,runs_archive/scores\scores_v2l_early5.csv
v2l_fp16b01,0.6465,0.5712,0.6703,0.6229,0.7218,,,,runs_archive/scores\scores_v2l_fp16b01.csv
v2l_fp16mlp03,0.6736,0.6026,0.705,0.6433,0.7434,,,,runs_archive/scores\scores_v2l_fp16mlp03.csv
v2l_fp16top12,0.1222,0.0776,0.1667,0.0776,0.1667,,,,runs_archive/scores\scores_v2l_fp16top12.csv
v2l_g32,0.1775,0.1201,0.223,0.1294,0.2374,,,,runs_archive/scores\scores_v2l_g32.csv
v2l_gm1,0.1727,0.1109,0.229,0.1146,0.2362,,,,runs_archive/scores\scores_v2l_gm1.csv
v2l_gw,0.4302,0.3364,0.4748,0.3845,0.5252,,,,runs\scores_v2l_gw.csv
v2l_gw05,0.1512,0.0887,0.1882,0.1109,0.217,,,,runs\scores_v2l_gw05.csv
v2l_gwcap,0.1594,0.1054,0.2074,0.1128,0.2122,,,,runs\scores_v2l_gwcap.csv
v2l_gwtn,0.6513,0.573,0.6727,0.634,0.7254,0.5223,12.264,,runs\scores_v2l_gwtn.csv
v2l_gwtn_cs1,0.6377,0.5582,0.6631,0.6174,0.7122,,,,runs\scores_v2l_gwtn_cs1.csv
v2l_heads32,0.1645,0.1128,0.2098,0.1146,0.2206,,,,runs_archive/scores\scores_v2l_heads32.csv
v2l_hmag1e5,0.6286,0.5527,0.6595,0.597,0.705,,,,runs_archive/scores\scores_v2l_hmag1e5.csv
v2l_hmag40m,0.6573,0.5786,0.6859,0.6359,0.729,,,,runs_archive/scores\scores_v2l_hmag40m.csv
v2l_mid,0.1546,0.0961,0.1954,0.1109,0.2158,,,,runs_archive/scores\scores_v2l_mid.csv
v2l_nc_c4win,0.6458,0.5749,0.6763,0.6174,0.7146,,,,runs\scores_v2l_nc_c4win.csv
v2l_nc_gwtn,0.6106,0.5231,0.6355,0.5933,0.6906,,,,runs\scores_v2l_nc_gwtn.csv
v2l_nc_none,0.1546,0.1035,0.1954,0.1109,0.2086,,,,runs\scores_v2l_nc_none.csv
v2l_nc_pile,0.6196,0.5471,0.6547,0.586,0.6906,,,,runs\scores_v2l_nc_pile.csv
v2l_noactorder,0.1561,0.0998,0.2026,0.1072,0.2146,,,,runs_archive/scores\scores_v2l_noactorder.csv
v2l_noao_div,0.1561,0.0998,0.2026,0.1072,0.2146,,,,runs_archive/scores\scores_v2l_noao_div.csv
v2l_none,0.1496,0.0924,0.1942,0.1054,0.2062,,,,runs_archive/scores\scores_v2l_none.csv
v2l_none_1bos,0.1583,0.1035,0.1966,0.1183,0.2146,,,,runs_archive/scores\scores_v2l_none_1bos.csv
v2l_none_cs2,0.1584,0.1017,0.193,0.1183,0.2206,,,,runs_archive/scores\scores_v2l_none_cs2.csv
v2l_pile,0.4017,0.3087,0.4412,0.3641,0.4928,,,,runs\scores_v2l_pile.csv
v2l_pile_gw,0.1391,0.0887,0.1775,0.0961,0.1942,,,,runs\scores_v2l_pile_gw.csv
v2l_pile_gwcap,0.3566,0.2625,0.4089,0.3031,0.452,,,,runs\scores_v2l_pile_gwcap.csv
v2l_pile_gwtn,0.6492,0.5823,0.6775,0.6248,0.7122,,,,runs\scores_v2l_pile_gwtn.csv
v2l_pile_gwtn_cs1,0.6753,0.6044,0.7014,0.6543,0.741,,,,runs\scores_v2l_pile_gwtn_cs1.csv
v2l_randw,0.1807,0.1257,0.235,0.1257,0.2362,,,,runs_archive/scores\scores_v2l_randw.csv
v2l_rot_none,0.6406,0.5638,0.6655,0.6211,0.7122,,,,runs_archive/scores\scores_v2l_rot_none.csv
v2l_rot_tacq,0.6675,0.5933,0.6954,0.6414,0.7398,,,,runs_archive/scores\scores_v2l_rot_tacq.csv
v2l_rtn01,0.6073,0.5268,0.6331,0.586,0.6835,,,,runs_archive/scores\scores_v2l_rtn01.csv
v2l_rtn01down,0.6246,0.5397,0.6499,0.6026,0.7062,,,,runs_archive/scores\scores_v2l_rtn01down.csv
v2l_rtn01down_cs1,0.6502,0.5767,0.6727,0.6322,0.7194,0.568,10.043,0.5898,runs_archive/scores\scores_v2l_rtn01down_cs1.csv
v2l_rtn03,0.6186,0.5323,0.6487,0.5896,0.7038,,,,runs_archive/scores\scores_v2l_rtn03.csv
v2l_rtn03mlp,0.6347,0.5527,0.6547,0.6192,0.7122,,,,runs_archive/scores\scores_v2l_rtn03mlp.csv
v2l_rtn0down,0.6286,0.5508,0.6559,0.6026,0.705,,,,runs_archive/scores\scores_v2l_rtn0down.csv
v2l_rtn1down,0.6302,0.5582,0.6619,0.597,0.7038,,,,runs_archive/scores\scores_v2l_rtn1down.csv
v2l_rtnflag,0.1526,0.098,0.193,0.1072,0.2122,,,,runs_archive/scores\scores_v2l_rtnflag.csv
v2l_rtntop24,0.1681,0.1054,0.2302,0.1054,0.2314,,,,runs_archive/scores\scores_v2l_rtntop24.csv
v2l_rtnunflag,0.6146,0.5342,0.6427,0.5896,0.6918,,,,runs_archive/scores\scores_v2l_rtnunflag.csv
v2l_sw_only,0.1625,0.0998,0.223,0.1017,0.2254,,,,runs_archive/scores\scores_v2l_sw_only.csv
v2l_swrows3,0.185,0.1183,0.2506,0.1183,0.253,,,,runs\scores_v2l_swrows3.csv
v2l_swrows5,0.2036,0.1349,0.265,0.1386,0.2758,,,,runs\scores_v2l_swrows5.csv
v2l_tacq,0.6426,0.5693,0.6739,0.6137,0.7134,,,,runs_archive/scores\scores_v2l_tacq.csv
v2l_tacq1e4,0.2464,0.1682,0.2806,0.2107,0.3261,,,,runs_archive/scores\scores_v2l_tacq1e4.csv
v2l_tacq1e5,0.6708,0.5989,0.7026,0.6433,0.7386,,,,runs_archive/scores\scores_v2l_tacq1e5.csv
v2l_tacq1e5_sx,0.6529,0.5749,0.6799,0.6303,0.7266,,,,runs_archive/scores\scores_v2l_tacq1e5_sx.csv
v2l_tacq1e6,0.6649,0.5952,0.693,0.6377,0.7338,,,,runs_archive/scores\scores_v2l_tacq1e6.csv
v2l_tacq1e7,0.6378,0.5693,0.6667,0.61,0.705,,,,runs_archive/scores\scores_v2l_tacq1e7.csv
v2l_tacq_cs1,0.654,0.5786,0.6811,0.6322,0.7242,,,,runs_archive/scores\scores_v2l_tacq_cs1.csv
v2l_tacq_sx,0.6837,0.61,0.717,0.6525,0.7554,,,,runs_archive/scores\scores_v2l_tacq_sx.csv
v2l_tacqc4_1e5,0.6425,0.5675,0.6811,0.6081,0.7134,,,,runs_archive/scores\scores_v2l_tacqc4_1e5.csv
v2l_tcap10,0.1545,0.0924,0.205,0.0998,0.2206,,,,runs_archive/scores\scores_v2l_tcap10.csv
v2l_tcapmed10,0.1526,0.098,0.2002,0.1035,0.2086,,,,runs_archive/scores\scores_v2l_tcapmed10.csv
v2l_tnorm,0.6481,0.5601,0.6739,0.6248,0.7338,,,,runs_archive/scores\scores_v2l_tnorm.csv
v2l_tnorm_cs1,0.6675,0.5933,0.7002,0.6414,0.735,,,,runs_archive/scores\scores_v2l_tnorm_cs1.csv
v2l_tnorm_noao,0.6231,0.5342,0.6427,0.6081,0.7074,,,,runs_archive/scores\scores_v2l_tnorm_noao.csv
v2lg64_none,0.1449,0.0943,0.1954,0.0943,0.1954,,,,runs_archive/scores\scores_v2lg64_none.csv
v2lg64_tacq,0.7034,0.6303,0.7266,0.6858,0.771,,,,runs_archive/scores\scores_v2lg64_tacq.csv
v2m24_calinst,0.7209,0.6543,0.741,0.7043,0.7842,,,,runs_archive/scores\scores_v2m24_calinst.csv
v2m24_damp5,0.6941,0.6285,0.7146,0.6765,0.7566,,,,runs_archive/scores\scores_v2m24_damp5.csv
v2m24_none,0.6978,0.6303,0.7242,0.6765,0.7602,,,,runs_archive/scores\scores_v2m24_none.csv
v2m24_tnorm,0.692,0.6229,0.7182,0.6654,0.7614,,,,runs_archive/scores\scores_v2m24_tnorm.csv
v2m702_none_cs1,0.5068,0.4214,0.5384,0.475,0.5923,,,,runs_archive/scores\scores_v2m702_none_cs1.csv
v2m702_rtn01down,0.4689,0.3752,0.5084,0.4307,0.5612,,,,runs_archive/scores\scores_v2m702_rtn01down.csv
v2m702_rtn01down_cs1,0.5002,0.4177,0.53,0.4713,0.5815,,,,runs_archive/scores\scores_v2m702_rtn01down_cs1.csv
v2m702_tcap10,0.5062,0.4085,0.53,0.4843,0.6019,,,,runs_archive/scores\scores_v2m702_tcap10.csv
v2m702_tcapmed10,0.4576,0.3678,0.5,0.4159,0.5468,,,,runs_archive/scores\scores_v2m702_tcapmed10.csv
v2m702_tnorm,0.4589,0.3715,0.488,0.4307,0.5456,,,,runs_archive/scores\scores_v2m702_tnorm.csv
v2m702_tnorm_cs1,0.466,0.3697,0.4988,0.4381,0.5576,,,,runs_archive/scores\scores_v2m702_tnorm_cs1.csv
v2m7_c4win_gw,0.458,0.3697,0.4856,0.4325,0.5444,,,,runs\scores_v2m7_c4win_gw.csv
v2m7_c4win_gwtn,0.4493,0.3623,0.4964,0.4048,0.5336,,,,runs\scores_v2m7_c4win_gwtn.csv
v2m7_c4win_gwtn_cs1,0.4059,0.3105,0.452,0.3586,0.5024,,,,runs\scores_v2m7_c4win_gwtn_cs1.csv
v2m7_c4win_tnorm,0.1921,0.1275,0.2566,0.1275,0.2566,,,,runs\scores_v2m7_c4win_tnorm.csv
v2m7_nc_c4win,0.1863,0.1257,0.2458,0.1257,0.2482,,,,runs\scores_v2m7_nc_c4win.csv
v2m7v02_calinst,0.4864,0.3937,0.5216,0.451,0.5791,,,,runs_archive/scores\scores_v2m7v02_calinst.csv
v2m7v02_damp5,0.1259,0.0869,0.1619,0.0906,0.1643,,,,runs_archive/scores\scores_v2m7v02_damp5.csv
v2m_bos10,0.439,0.3549,0.4796,0.3974,0.524,,,,runs\scores_v2m_bos10.csv
v2m_calinst,0.4374,0.3494,0.4796,0.3956,0.5252,,,,runs_archive/scores\scores_v2m_calinst.csv
v2m_damp0p001,0.4337,0.3549,0.482,0.3882,0.5096,,,,runs_archive/scores\scores_v2m_damp0p001.csv
v2m_damp0p5,0.1728,0.1109,0.2254,0.1128,0.2422,,,,runs_archive/scores\scores_v2m_damp0p5.csv
v2m_damp0p5_early,0.4367,0.3494,0.4784,0.3937,0.5252,,,,runs_archive/scores\scores_v2m_damp0p5_early.csv
v2m_damp0p5_keep,0.1737,0.1109,0.2278,0.1128,0.2434,,,,runs_archive/scores\scores_v2m_damp0p5_keep.csv
v2m_damp0p5_mid,0.17,0.1091,0.223,0.1165,0.2314,,,,runs_archive/scores\scores_v2m_damp0p5_mid.csv
v2m_damp0p5_noao,0.4723,0.39,0.5036,0.4381,0.5576,,,,runs_archive/scores\scores_v2m_damp0p5_noao.csv
v2m_damp0p5_qk02,0.1797,0.1128,0.2362,0.1238,0.2458,,,,runs_archive/scores\scores_v2m_damp0p5_qk02.csv
v2m_damp0p5_rtn01,0.4234,0.3327,0.4568,0.3956,0.5084,,,,runs_archive/scores\scores_v2m_damp0p5_rtn01.csv
v2m_damp0p5_rtn01down,0.1884,0.1257,0.2518,0.1257,0.2506,,,,runs_archive/scores\scores_v2m_damp0p5_rtn01down.csv
v2m_damp0p5_tnorm,0.4039,0.3235,0.4496,0.3567,0.4856,,,,runs_archive/scores\scores_v2m_damp0p5_tnorm.csv
v2m_damp0p5_vo02,0.4549,0.3734,0.4988,0.4067,0.5408,,,,runs_archive/scores\scores_v2m_damp0p5_vo02.csv
v2m_damp1e6,0.4087,0.3346,0.4424,0.3697,0.488,,,,runs_archive/scores\scores_v2m_damp1e6.csv
v2m_damp2,0.1796,0.1165,0.2266,0.1331,0.2422,,,,runs_archive/scores\scores_v2m_damp2.csv
v2m_damp5,0.1672,0.1091,0.2254,0.1091,0.2254,,,,runs_archive/scores\scores_v2m_damp5.csv
v2m_damp5_noao,0.4917,0.4048,0.5228,0.4603,0.5791,,,,runs_archive/scores\scores_v2m_damp5_noao.csv
v2m_gm1,0.2952,0.2144,0.3465,0.2458,0.3741,,,,runs_archive/scores\scores_v2m_gm1.csv
v2m_ncal8,0.417,0.329,0.4568,0.3808,0.5012,,,,runs_archive/scores\scores_v2m_ncal8.csv
v2m_noao,0.4478,0.3771,0.4868,0.4011,0.5264,,,,runs_archive/scores\scores_v2m_noao.csv
v2m_none,0.4677,0.3789,0.4976,0.4381,0.5564,,,,runs_archive/scores\scores_v2m_none.csv
v2m_none_cs1,0.459,0.3808,0.494,0.4251,0.536,,,,runs_archive/scores\scores_v2m_none_cs1.csv
v2m_none_keep,0.4685,0.3808,0.4988,0.4381,0.5564,,,,runs_archive/scores\scores_v2m_none_keep.csv
v2m_tacq,0.5003,0.4104,0.5324,0.4732,0.5851,,,,runs_archive/scores\scores_v2m_tacq.csv
v2m_tcap10,0.448,0.3604,0.4856,0.4122,0.5336,,,,runs_archive/scores\scores_v2m_tcap10.csv
v2m_tcapmed10,0.4139,0.3235,0.4508,0.3789,0.5024,,,,runs_archive/scores\scores_v2m_tcapmed10.csv
v2m_tcapmed10_noao,0.4953,0.4159,0.5324,0.4621,0.5707,,,,runs_archive/scores\scores_v2m_tcapmed10_noao.csv
v2m_tnorm,0.4461,0.3567,0.4928,0.4011,0.5336,,,,runs_archive/scores\scores_v2m_tnorm.csv
v2m_tnorm_cs1,0.3902,0.3105,0.4448,0.3364,0.4688,,,,runs_archive/scores\scores_v2m_tnorm_cs1.csv
v2m_tnorm_noao,0.4448,0.3586,0.4832,0.4085,0.5288,,,,runs_archive/scores\scores_v2m_tnorm_noao.csv
v2nemo4_none,0.6026,0.5342,0.6355,0.5693,0.6715,,,,runs_archive/scores\scores_v2nemo4_none.csv
v2nemo4_none_cs1,0.6153,0.549,0.6451,0.586,0.6811,,,,runs_archive/scores\scores_v2nemo4_none_cs1.csv
v2nemo4_rtn01down,0.6261,0.549,0.6571,0.597,0.7014,,,,runs_archive/scores\scores_v2nemo4_rtn01down.csv
v2nemo4_rtn01down_cs1,0.6298,0.5527,0.6583,0.6044,0.7038,,,,runs_archive/scores\scores_v2nemo4_rtn01down_cs1.csv
v2nemo4_tnorm,0.6073,0.5268,0.6427,0.5749,0.6847,,,,runs_archive/scores\scores_v2nemo4_tnorm.csv
v2nemo_calchat,0.5244,0.4344,0.5588,0.4917,0.6127,,,,runs_archive/scores\scores_v2nemo_calchat.csv
v2nemo_calinst,0.3736,0.2884,0.4137,0.3309,0.4616,,,,runs_archive/scores\scores_v2nemo_calinst.csv
v2nemo_damp5,0.5241,0.4418,0.5588,0.488,0.6079,,,,runs_archive/scores\scores_v2nemo_damp5.csv
v2nemo_gw,0.5354,0.4492,0.5671,0.5065,0.6187,,,,runs\scores_v2nemo_gw.csv
v2nemo_gwtn,0.5454,0.4621,0.5839,0.5083,0.6271,,,,runs\scores_v2nemo_gwtn.csv
v2nemo_rtn01down,0.5253,0.4399,0.5671,0.4824,0.6115,,,,runs_archive/scores\scores_v2nemo_rtn01down.csv
v2nemo_tcap10,0.5098,0.4251,0.5504,0.4677,0.5959,,,,runs_archive/scores\scores_v2nemo_tcap10.csv
v2nemo_tcapmed10,0.5396,0.4547,0.5755,0.5046,0.6235,,,,runs_archive/scores\scores_v2nemo_tcapmed10.csv
v2nemo_tcapmed10_cs1,0.5251,0.4344,0.5635,0.4898,0.6127,,,,runs_archive/scores\scores_v2nemo_tcapmed10_cs1.csv
v2nemo_tnorm,0.5019,0.4251,0.5408,0.464,0.5779,,,,runs_archive/scores\scores_v2nemo_tnorm.csv
v2olmo_calinst,0.7139,0.6433,0.7422,0.6932,0.777,,,,runs_archive/scores\scores_v2olmo_calinst.csv
v2olmo_damp5,0.6866,0.6155,0.7194,0.6562,0.7554,,,,runs_archive/scores\scores_v2olmo_damp5.csv
v2q14_4_l4down_rtn,0.8138,0.7708,0.8333,0.7948,0.8561,,,,runs_archive/scores\scores_v2q14_4_l4down_rtn.csv
v2q14_4_l4down_rtn_cs1,0.818,0.7745,0.8393,0.7985,0.8597,,,,runs_archive/scores\scores_v2q14_4_l4down_rtn_cs1.csv
v2q14_4_none,0.7938,0.7449,0.8129,0.7782,0.8393,,,,runs_archive/scores\scores_v2q14_4_none.csv
v2q14_4_none_cs1,0.8027,0.7579,0.8213,0.7874,0.8441,,,,runs_archive/scores\scores_v2q14_4_none_cs1.csv
v2q14_4_tnorm,0.7983,0.7579,0.8165,0.7819,0.8369,,,,runs_archive/scores\scores_v2q14_4_tnorm.csv
v2q14_c4chat,0.7723,0.7227,0.7866,0.7597,0.8201,,,,runs_archive/scores\scores_v2q14_c4chat.csv
v2q14_c4win,0.7528,0.6969,0.7734,0.7375,0.8034,,,,runs\scores_v2q14_c4win.csv
v2q14_c4wrongchat,0.7504,0.6932,0.7746,0.7283,0.8058,,,,runs_archive/scores\scores_v2q14_c4wrongchat.csv
v2q14_c4x1024_d05,0.2495,0.1867,0.2926,0.2033,0.3153,,,,runs\scores_v2q14_c4x1024_d05.csv
v2q14_c4x1024_d10,0.4346,0.3604,0.4724,0.3937,0.512,,,,runs\scores_v2q14_c4x1024_d10.csv
v2q14_calchat,0.7716,0.7264,0.7962,0.7486,0.8153,,,,runs_archive/scores\scores_v2q14_calchat.csv
v2q14_calchat_cs1,0.7737,0.7338,0.7938,0.7542,0.8129,,,,runs_archive/scores\scores_v2q14_calchat_cs1.csv
v2q14_calinst,0.7537,0.7024,0.7698,0.7394,0.8034,,,,runs_archive/scores\scores_v2q14_calinst.csv
v2q14_calwiki,0.197,0.1442,0.2434,0.1497,0.2506,,,,runs_archive/scores\scores_v2q14_calwiki.csv
v2q14_cols70m,0.2267,0.159,0.2806,0.1701,0.2974,,,,runs_archive/scores\scores_v2q14_cols70m.csv
v2q14_damp0p01,0.2978,0.2274,0.3285,0.2625,0.3729,,,,runs_archive/scores\scores_v2q14_damp0p01.csv
v2q14_damp0p1,0.4218,0.342,0.4676,0.3752,0.5024,,,,runs_archive/scores\scores_v2q14_damp0p1.csv
v2q14_damp0p2,0.7066,0.634,0.7374,0.6802,0.7746,,,,runs_archive/scores\scores_v2q14_damp0p2.csv
v2q14_damp0p5,0.7789,0.732,0.8046,0.7542,0.8249,,,,runs_archive/scores\scores_v2q14_damp0p5.csv
v2q14_damp1,0.7483,0.6858,0.7698,0.732,0.8058,,,,runs_archive/scores\scores_v2q14_damp1.csv
v2q14_damp100,0.7605,0.7079,0.7842,0.7357,0.8141,,,,runs_archive/scores\scores_v2q14_damp100.csv
v2q14_damp2,0.7748,0.7246,0.7962,0.756,0.8225,,,,runs_archive/scores\scores_v2q14_damp2.csv
v2q14_damp20,0.7567,0.7024,0.7818,0.7357,0.807,,,,runs_archive/scores\scores_v2q14_damp20.csv
v2q14_damp5,0.7857,0.7338,0.8118,0.7652,0.8321,,,,runs_archive/scores\scores_v2q14_damp5.csv
v2q14_early,0.3734,0.2884,0.4125,0.3383,0.4544,,,,runs_archive/scores\scores_v2q14_early.csv
v2q14_gw,0.699,0.6229,0.7182,0.6876,0.7674,,,,runs\scores_v2q14_gw.csv
v2q14_gw05,0.3767,0.3087,0.4065,0.342,0.4496,,,,runs\scores_v2q14_gw05.csv
v2q14_gwcap,0.2237,0.1645,0.2794,0.1645,0.2866,,,,runs\scores_v2q14_gwcap.csv
v2q14_gwtn,0.7282,0.6691,0.7362,0.7209,0.7866,0.7237,7.884,,runs\scores_v2q14_gwtn.csv
v2q14_gwtn_cs1,0.7557,0.6913,0.765,0.7486,0.8177,,,,runs\scores_v2q14_gwtn_cs1.csv
v2q14_hmag1e6,0.7495,0.695,0.759,0.7394,0.8046,,,,runs_archive/scores\scores_v2q14_hmag1e6.csv
v2q14_l4down,0.7569,0.7061,0.7734,0.7412,0.807,,,,runs_archive/scores\scores_v2q14_l4down.csv
v2q14_l4down_rtn,0.7512,0.6876,0.7734,0.732,0.8118,,,,runs_archive/scores\scores_v2q14_l4down_rtn.csv
v2q14_l4down_rtn2,0.7492,0.6858,0.7734,0.7283,0.8094,,,,runs_archive/scores\scores_v2q14_l4down_rtn2.csv
v2q14_l4down_rtn3,0.7498,0.6876,0.7722,0.7301,0.8094,0.7323,7.832,0.8901,runs_archive/scores\scores_v2q14_l4down_rtn3.csv
v2q14_nc_gwtn,0.7342,0.6821,0.7554,0.7153,0.7842,,,,runs\scores_v2q14_nc_gwtn.csv
v2q14_nc_none,0.4259,0.3327,0.4676,0.3863,0.5168,,,,runs\scores_v2q14_nc_none.csv
v2q14_none,0.4116,0.3179,0.4532,0.3715,0.5036,,,,runs_archive/scores\scores_v2q14_none.csv
v2q14_none_cs1,0.5077,0.427,0.5408,0.4732,0.5899,,,,runs_archive/scores\scores_v2q14_none_cs1.csv
v2q14_pile,0.2907,0.2163,0.3393,0.2403,0.3669,,,,runs\scores_v2q14_pile.csv
v2q14_pile_gwtn,0.7378,0.6839,0.7518,0.7264,0.789,,,,runs\scores_v2q14_pile_gwtn.csv
v2q14_randw,0.4797,0.403,0.5096,0.451,0.5552,,,,runs_archive/scores\scores_v2q14_randw.csv
v2q14_rot_none,0.6648,0.5693,0.6799,0.658,0.7518,,,,runs_archive/scores\scores_v2q14_rot_none.csv
v2q14_tacq,0.7816,0.7338,0.795,0.7689,0.8285,,,,runs_archive/scores\scores_v2q14_tacq.csv
v2q14_tacq1e5,0.216,0.1571,0.271,0.159,0.277,,,,runs_archive/scores\scores_v2q14_tacq1e5.csv
v2q14_tacq1e5_cs1,0.2044,0.1497,0.2482,0.1608,0.259,,,,runs_archive/scores\scores_v2q14_tacq1e5_cs1.csv
v2q14_tacq1e5_sx,0.6091,0.5231,0.6367,0.5896,0.6871,,,,runs_archive/scores\scores_v2q14_tacq1e5_sx.csv
v2q14_tacq1e5_sx_cs1,0.3863,0.3124,0.4257,0.3457,0.4616,,,,runs_archive/scores\scores_v2q14_tacq1e5_sx_cs1.csv
v2q14_tacq1e6,0.7341,0.6802,0.753,0.7153,0.7878,,,,runs_archive/scores\scores_v2q14_tacq1e6.csv
v2q14_tacq3e5,0.6886,0.6044,0.699,0.6858,0.765,,,,runs_archive/scores\scores_v2q14_tacq3e5.csv
v2q14_tcap10,0.3746,0.2939,0.4185,0.329,0.4568,,,,runs_archive/scores\scores_v2q14_tcap10.csv
v2q14_tcapmed10,0.742,0.6858,0.7614,0.7246,0.7962,,,,runs_archive/scores\scores_v2q14_tcapmed10.csv
v2q14_tnorm,0.7195,0.6617,0.7374,0.7043,0.7746,,,,runs_archive/scores\scores_v2q14_tnorm.csv
v2q14_tnorm_cs1,0.7243,0.671,0.7506,0.6987,0.777,,,,runs_archive/scores\scores_v2q14_tnorm_cs1.csv
v2q32_calinst,0.7992,0.7542,0.8213,0.7782,0.8429,,,,runs_archive/scores\scores_v2q32_calinst.csv
v2q32_damp5,0.792,0.7431,0.8129,0.7726,0.8393,,,,runs_archive/scores\scores_v2q32_damp5.csv
v2q32_l5down_rtn,0.801,0.7505,0.8189,0.7856,0.8489,,,,runs_archive/scores\scores_v2q32_l5down_rtn.csv
v2q32_none,0.7624,0.7043,0.7866,0.7412,0.8177,,,,runs_archive/scores\scores_v2q32_none.csv
v2q32_tnorm,0.8063,0.7597,0.8297,0.7856,0.8501,,,,runs_archive/scores\scores_v2q32_tnorm.csv
v2q3_calinst,0.4725,0.39,0.5036,0.4436,0.5528,,,,runs_archive/scores\scores_v2q3_calinst.csv
v2q3_damp5,0.4733,0.4048,0.512,0.4344,0.542,,,,runs_archive/scores\scores_v2q3_damp5.csv
v2q3_rtn2down,0.4216,0.3327,0.4556,0.3919,0.506,,,,runs_archive/scores\scores_v2q3_rtn2down.csv
v2q3_tacq,0.4841,0.3993,0.5264,0.4436,0.5671,,,,runs_archive/scores\scores_v2q3_tacq.csv
v2q3_tnorm,0.4413,0.3623,0.476,0.403,0.524,,,,runs_archive/scores\scores_v2q3_tnorm.csv
v2q7_bos10,0.6525,0.586,0.6775,0.6248,0.7218,,,,runs\scores_v2q7_bos10.csv
v2q7_gw,0.6844,0.6211,0.711,0.6562,0.7494,,,,runs\scores_v2q7_gw.csv
v2q7_none_cs1,0.655,0.5952,0.6871,0.6266,0.711,,,,runs_archive/scores\scores_v2q7_none_cs1.csv
v2q7_rtn01down,0.6631,0.597,0.6966,0.6322,0.7266,,,,runs_archive/scores\scores_v2q7_rtn01down.csv
v2q7_rtn01down_cs1,0.6888,0.6211,0.7206,0.6617,0.7518,,,,runs_archive/scores\scores_v2q7_rtn01down_cs1.csv
v2q7_tnorm,0.6821,0.6174,0.6978,0.6673,0.7458,,,,runs_archive/scores\scores_v2q7_tnorm.csv
v2q_b2_damp5,0.1231,0.0739,0.1511,0.0887,0.1787,,,,runs_archive/scores\scores_v2q_b2_damp5.csv
v2q_calchat,0.6821,0.6303,0.7086,0.6543,0.735,,,,runs_archive/scores\scores_v2q_calchat.csv
v2q_calinst,0.6602,0.5915,0.6906,0.6322,0.7266,,,,runs_archive/scores\scores_v2q_calinst.csv
v2q_damp0p5,0.6837,0.6211,0.7062,0.6654,0.7422,,,,runs_archive/scores\scores_v2q_damp0p5.csv
v2q_damp2,0.6814,0.6192,0.7074,0.658,0.741,,,,runs_archive/scores\scores_v2q_damp2.csv
v2q_damp20,0.6834,0.6211,0.705,0.6654,0.7422,,,,runs_archive/scores\scores_v2q_damp20.csv
v2q_damp5,0.7019,0.6506,0.723,0.6784,0.7554,,,,runs_archive/scores\scores_v2q_damp5.csv
v2q_gm1,0.2644,0.183,0.2866,0.2403,0.3477,,,,runs_archive/scores\scores_v2q_gm1.csv
v2q_ncal8,0.6114,0.5342,0.6379,0.5878,0.6859,,,,runs_archive/scores\scores_v2q_ncal8.csv
v2q_rot_none,0.6884,0.6303,0.7158,0.658,0.7494,,,,runs_archive/scores\scores_v2q_rot_none.csv
v2sm_calinst,0.2772,0.1996,0.3225,0.2329,0.3537,,,,runs_archive/scores\scores_v2sm_calinst.csv
v2sm_damp5,0.1582,0.1054,0.1942,0.122,0.211,,,,runs_archive/scores\scores_v2sm_damp5.csv
v2sm_rtn1down,0.1992,0.1294,0.2434,0.1553,0.2686,,,,runs_archive/scores\scores_v2sm_rtn1down.csv
v2sm_tnorm,0.2474,0.1701,0.277,0.2163,0.3261,,,,runs_archive/scores\scores_v2sm_tnorm.csv
v2yi_tacq,0.4624,0.3715,0.5012,0.4251,0.5516,,,,runs_archive/scores\scores_v2yi_tacq.csv
win_f3_c4win,0.6764,0.6063,0.7122,0.6414,0.7458,,,,runs\scores_win_f3_c4win.csv
win_f3_pile,0.6773,0.61,0.6942,0.6617,0.7434,,,,runs\scores_win_f3_pile.csv
win_granite_c4win,0.536,0.4325,0.5528,0.5268,0.6319,,,,runs\scores_win_granite_c4win.csv
win_granite_pile,0.5782,0.4972,0.6115,0.5434,0.6607,,,,runs\scores_win_granite_pile.csv
win_hermes3_c4win,0.4246,0.329,0.47,0.3826,0.5168,,,,runs\scores_win_hermes3_c4win.csv
win_hermes3_pile,0.4078,0.3161,0.4448,0.3715,0.4988,,,,runs\scores_win_hermes3_pile.csv
win_l32_c4win,0.5823,0.4917,0.6163,0.5545,0.6667,,,,runs\scores_win_l32_c4win.csv
win_l32_pile,0.6089,0.5231,0.6403,0.5767,0.6954,,,,runs\scores_win_l32_pile.csv
win_m7_c4win,0.1715,0.1109,0.2254,0.1146,0.235,,,,runs\scores_win_m7_c4win.csv
win_m7_pile,0.1787,0.1165,0.2422,0.1165,0.2398,,,,runs\scores_win_m7_pile.csv
win_ministral_c4win,0.5028,0.4251,0.5456,0.4603,0.5803,,,,runs\scores_win_ministral_c4win.csv
win_ministral_pile,0.5149,0.4399,0.5528,0.4769,0.5899,,,,runs\scores_win_ministral_pile.csv
win_nemo_c4win,0.5242,0.4492,0.5576,0.4917,0.5983,,,,runs\scores_win_nemo_c4win.csv
win_nemo_pile,0.5146,0.4344,0.5408,0.4898,0.5935,,,,runs\scores_win_nemo_pile.csv
win_q3_c4win,0.4468,0.3586,0.4784,0.414,0.536,,,,runs\scores_win_q3_c4win.csv
win_q3_pile,0.4537,0.3623,0.494,0.4177,0.5408,,,,runs\scores_win_q3_pile.csv
win_q7_c4win,0.6504,0.5749,0.6703,0.6359,0.7206,,,,runs\scores_win_q7_c4win.csv
win_q7_pile,0.6983,0.634,0.7194,0.6821,0.7578,,,,runs\scores_win_q7_pile.csv
win_qwen3_14b_c4win,0.5137,0.4233,0.5731,0.4529,0.6055,,,,runs\scores_win_qwen3_14b_c4win.csv
win_qwen3_14b_pile,0.4933,0.39,0.5324,0.4584,0.5923,,,,runs\scores_win_qwen3_14b_pile.csv
win_qwen3_8b_c4win,0.404,0.3198,0.4628,0.342,0.4916,,,,runs\scores_win_qwen3_8b_c4win.csv
win_qwen3_8b_pile,0.4102,0.3346,0.4736,0.3457,0.4868,,,,runs\scores_win_qwen3_8b_pile.csv
win_sm_c4win,0.1113,0.0702,0.1427,0.0776,0.1547,,,,runs\scores_win_sm_c4win.csv
win_sm_pile,0.1201,0.0813,0.1571,0.0813,0.1607,,,,runs\scores_win_sm_pile.csv
win_tulu3_c4win,0.7242,0.6543,0.7518,0.7006,0.7902,,,,runs\scores_win_tulu3_c4win.csv
win_tulu3_pile,0.7449,0.6858,0.7734,0.7209,0.7998,,,,runs\scores_win_tulu3_pile.csv
zero1e5_llama,0.1877,0.1386,0.2374,0.1386,0.2362,,,,runs_archive/scores\scores_zero1e5_llama.csv
zero_rand_llama,0.7761,0.7153,0.7998,0.756,0.8333,,,,runs_archive/scores\scores_zero_rand_llama.csv
