stats_dir,n_modules,detector_max_module,detector_max,sink_dominance_layer,sink_dominance,tokenavg_max_module,tokenavg_max,has_abs_err_cols
runs/stats\blind-falcon3-10b-pos,280,L1.down_proj,3.4,L1,333,L30.down_proj,1.5,1
runs/stats\blind-granite31-8b-pos,280,L5.down_proj,5.6,L5,836,L27.down_proj,1.4,1
runs/stats\blind-hermes2pro-l3-8b-pos,224,L1.down_proj,20.6,L1,415,L4.down_proj,1.3,1
runs/stats\blind-hermes3-8b-pos,224,L1.down_proj,63.2,L1,314,L4.down_proj,1.3,1
runs/stats\blind-ministral-8b-pos,252,L2.down_proj,33.4,L2,77,L5.down_proj,1.0,1
runs/stats\blind-mistral-7b-v01-pos,224,L1.down_proj,21.6,L1,691,L24.down_proj,1.4,1
runs/stats\blind-qwen2-7b-pos,196,L24.down_proj,2.1,L3,100,L24.down_proj,1.5,1
runs/stats\blind-qwen25-0p5b-pos,168,L3.down_proj,8.7,L2,188,L22.v_proj,1.2,1
runs/stats\blind-qwen25-1p5b-pos,196,L26.v_proj,2.0,L1,442,L25.v_proj,1.4,1
runs/stats\blind-qwen3-14b-pos,280,L6.down_proj,31.3,L6,931,L3.down_proj,2.1,1
runs/stats\blind-qwen3-4b-pos,252,L6.down_proj,5.4,L6,861,L3.down_proj,1.5,1
runs/stats\blind-qwen3-8b-pos,252,L6.down_proj,19.0,L6,1287,L3.down_proj,1.6,1
runs/stats\blind-r1-llama-8b-pos,224,L1.down_proj,19.0,L1,557,L24.down_proj,1.2,1
runs/stats\blind-r1-qwen-14b-pos,336,L3.down_proj,3.7,L4,3296,L2.down_proj,1.5,1
runs/stats\blind-smollm3-3b-pos,252,L1.down_proj,10.6,L1,252,L31.down_proj,1.3,1
runs/stats\blind-tulu3-8b-pos,224,L1.down_proj,22.8,L1,406,L24.down_proj,1.2,1
runs/stats\falcon3-7b-pos,196,L1.down_proj,4.4,L1,257,L6.down_proj,1.4,0
runs/stats\falcon3-7b,196,,,,,L6.down_proj,1.4,0
runs/stats\gemma2-2b-pos,182,L0.down_proj,1.9,L0,2,L8.down_proj,0.9,0
runs/stats\gemma2-2b,182,,,,,L8.down_proj,0.9,0
runs/stats\gemma2-9b-pos,294,L8.down_proj,1.9,L0,2,L9.down_proj,1.2,0
runs/stats\gemma2-9b,294,,,,,L9.down_proj,1.2,0
runs/stats\llama3-8b-pos,224,L1.down_proj,28.8,L1,441,L0.k_proj,1.2,0
runs/stats\llama3-8b,224,,,,,L0.k_proj,1.2,0
runs/stats\llama31-8b-calwiki,224,,,,,L22.k_proj,1.2,0
runs/stats\llama31-8b-damp0p5,224,,,,,L4.down_proj,1.1,0
runs/stats\llama31-8b-damp1,224,,,,,L24.down_proj,1.0,0
runs/stats\llama31-8b-damp2,224,,,,,L24.down_proj,1.0,0
runs/stats\llama31-8b-damp5,224,,,,,L24.down_proj,0.9,0
runs/stats\llama31-8b-pos,224,L1.down_proj,102.3,L1,488,L5.k_proj,1.5,0
runs/stats\llama31-8b,224,,,,,L5.k_proj,1.5,0
runs/stats\llama32-1b-pos,112,L1.down_proj,10.4,L1,614,L11.down_proj,1.1,0
runs/stats\llama32-1b,112,,,,,L11.down_proj,1.1,0
runs/stats\llama32-3b-pos,196,L1.down_proj,4.7,L1,505,L21.down_proj,1.2,0
runs/stats\llama32-3b,196,,,,,L21.down_proj,1.2,0
runs/stats\mistral-24b-pos,280,L3.down_proj,2.9,L2,289,L28.down_proj,1.5,0
runs/stats\mistral-24b,280,,,,,L28.down_proj,1.5,0
runs/stats\mistral-7b-damp0p5-pos,224,L1.down_proj,5.1,L1,833,L22.down_proj,1.0,0
runs/stats\mistral-7b-damp0p5,224,,,,,L22.down_proj,1.0,0
runs/stats\mistral-7b-damp2,224,,,,,L14.down_proj,1.0,0
runs/stats\mistral-7b-damp5,224,,,,,L30.q_proj,1.0,0
runs/stats\mistral-7b-pos,224,L1.down_proj,29.6,L1,804,L22.down_proj,1.2,0
runs/stats\mistral-7b-v02-pos,224,L1.down_proj,30.6,L1,784,L21.down_proj,1.3,0
runs/stats\mistral-7b-v02,224,,,,,L21.down_proj,1.3,0
runs/stats\mistral-7b,224,,,,,L22.down_proj,1.2,0
runs/stats\mistral-nemo-12b,280,,,,,L29.down_proj,1.2,0
runs/stats\nemo-12b-pos,280,L0.down_proj,60.1,L2,62,L29.down_proj,1.2,0
runs/stats\olmo2-7b,224,,,,,L0.up_proj,1.1,0
runs/stats\qwen25-14b-damp0p5,336,,,,,L4.down_proj,10.5,0
runs/stats\qwen25-14b-damp2,336,,,,,L4.down_proj,1.9,0
runs/stats\qwen25-14b-pos,336,L4.down_proj,455.6,L4,10,L4.down_proj,256.8,0
runs/stats\qwen25-14b,336,,,,,L4.down_proj,256.8,0
runs/stats\qwen25-32b-pos,448,L5.down_proj,69.0,L5,404,L2.down_proj,3.8,0
runs/stats\qwen25-32b,448,,,,,L2.down_proj,3.8,0
runs/stats\qwen25-3b-pos,252,L2.down_proj,14.0,L2,557,L1.down_proj,6.1,0
runs/stats\qwen25-3b,252,,,,,L1.down_proj,6.1,0
runs/stats\qwen25-7b-damp0p5,196,,,,,L27.v_proj,1.4,0
runs/stats\qwen25-7b-damp5,196,,,,,L27.v_proj,1.5,0
runs/stats\qwen25-7b-pos,196,L2.down_proj,3.1,L4,56,L1.down_proj,1.7,0
runs/stats\qwen25-7b,196,,,,,L1.down_proj,1.7,0
runs/stats\smollm2-1.7b-damp5,168,,,,,L1.down_proj,1.1,0
runs/stats\smollm2-1.7b-pos,168,L1.down_proj,21.9,L1,45,L2.down_proj,1.4,0
runs/stats\smollm2-1.7b,168,,,,,L2.down_proj,1.4,0
runs/stats\theory-l-3b-c4chat,224,L1.down_proj,84.1,L1,496,L9.down_proj,0.3,1
runs/stats\theory-l-3b-c4win,224,L1.down_proj,300.7,L1,489,L24.down_proj,1.1,1
runs/stats\theory-l-3b-damp1,224,L1.down_proj,60.1,L1,490,L24.down_proj,1.0,1
runs/stats\theory-l-3b-damp2,224,L1.down_proj,51.4,L1,490,L24.down_proj,1.0,1
runs/stats\theory-l-3b-damp5,224,L1.down_proj,33.3,L1,488,L24.down_proj,0.9,1
runs/stats\theory-l-3b-g128,224,L1.down_proj,102.3,L1,488,L5.k_proj,1.5,1
runs/stats\theory-l-3b-g32,224,L1.down_proj,115.5,L1,495,L24.down_proj,1.3,1
runs/stats\theory-l-3b-g64,224,L1.down_proj,90.9,L1,495,L4.down_proj,1.3,1
runs/stats\theory-l-3b-gm1,224,L1.down_proj,56.0,L1,500,L24.down_proj,1.2,1
runs/stats\theory-l-3b-noao,224,L1.down_proj,1500.2,L1,505,L5.v_proj,1.3,1
runs/stats\theory-l-3b-pile,224,L1.down_proj,485.1,L1,487,L24.down_proj,1.1,1
runs/stats\theory-l-3b-tnorm,224,L0.k_proj,6.5,L1,479,L24.down_proj,1.2,1
runs/stats\theory-l-3b-wiki128,224,L1.down_proj,172.7,L1,488,L22.k_proj,1.2,1
runs/stats\theory-l-3b-wiki32,224,L1.down_proj,160.8,L1,489,L24.down_proj,1.3,1
runs/stats\theory-l-4b-damp0p01,224,L1.down_proj,734.3,L1,498,L24.down_proj,1.4,1
runs/stats\theory-l-4b-g128,224,L1.down_proj,468.0,L1,493,L24.down_proj,1.3,1
runs/stats\theory-l-4b-g32,224,L1.down_proj,569.6,L1,494,L24.down_proj,1.3,1
runs/stats\theory-l-4b-gm1,224,L1.down_proj,124.3,L1,500,L24.down_proj,1.3,1
runs/stats\trade-l-3b-damp5,224,L1.down_proj,33.3,L1,488,L24.down_proj,0.9,1
runs/stats\trade-l-3b-g128,224,L1.down_proj,102.3,L1,488,L5.k_proj,1.5,1
runs/stats\trade-l-3b-noao,224,L1.down_proj,1500.2,L1,505,L5.v_proj,1.3,1
runs/stats\trade-l-3b-tnorm,224,L0.k_proj,6.5,L1,479,L24.down_proj,1.2,1
runs/stats\trade-l-4b-g128,224,L1.down_proj,468.0,L1,493,L24.down_proj,1.3,1
runs/stats\trade-q14-3b-g128,336,L4.down_proj,455.6,L4,10,L4.down_proj,256.8,1
