module,n_crit,crit_disp_gptq,crit_disp_rtn,rand_disp_gptq,rand_disp_rtn
model.layers.0.mlp.down_proj,2333,0.01351882889866829,0.013042517006397247,0.0030549464281648397,0.0024256149772554636
model.layers.0.mlp.gate_proj,943,0.015128628350794315,0.016381176188588142,0.0030407938174903393,0.002641265979036689
model.layers.0.mlp.up_proj,404,0.008571813814342022,0.009409083053469658,0.0028674036730080843,0.0024387789890170097
model.layers.0.self_attn.k_proj,5288,0.019219253212213516,0.02141035534441471,0.009128318168222904,0.005626854486763477
model.layers.0.self_attn.o_proj,1917,0.010484244674444199,0.011477968655526638,0.002332564676180482,0.0017223753966391087
model.layers.0.self_attn.q_proj,3282,0.017961017787456512,0.0205177441239357,0.005419250577688217,0.0035037463530898094
model.layers.0.self_attn.v_proj,127,0.0018260084325447679,0.002579095773398876,0.0014825111720710993,0.0015832551289349794
model.layers.1.mlp.down_proj,1111,0.030977312475442886,0.01408587396144867,0.0024348548613488674,0.002519814996048808
model.layers.1.mlp.gate_proj,1064,0.014962074346840382,0.016407787799835205,0.0030111863743513823,0.002646065317094326
model.layers.1.mlp.up_proj,629,0.014594389125704765,0.020670831203460693,0.002781619317829609,0.0024914355017244816
model.layers.1.self_attn.k_proj,2394,0.01479641068726778,0.017305582761764526,0.0076003060676157475,0.0058770449832081795
model.layers.1.self_attn.o_proj,1763,0.013930088840425014,0.01577642746269703,0.0026080599054694176,0.0019134050235152245
model.layers.1.self_attn.q_proj,1231,0.013319646008312702,0.01573249325156212,0.00523298978805542,0.004134335555136204
model.layers.1.self_attn.v_proj,49,0.003128674579784274,0.003954517655074596,0.00239559100009501,0.0017365824896842241
model.layers.10.mlp.down_proj,140,0.01873081736266613,0.02297363243997097,0.002892937045544386,0.0025354453828185797
model.layers.10.mlp.gate_proj,303,0.011270353570580482,0.01334796566516161,0.003257534233853221,0.0028993808664381504
model.layers.10.mlp.up_proj,140,0.010213796980679035,0.011844308115541935,0.0026882034726440907,0.0023677689023315907
model.layers.10.self_attn.k_proj,1242,0.015401843003928661,0.018203170970082283,0.006553622893989086,0.0057815490290522575
model.layers.10.self_attn.o_proj,166,0.0134126590564847,0.015062079764902592,0.00265186233446002,0.0019608046859502792
model.layers.10.self_attn.q_proj,1243,0.009566953405737877,0.011856434866786003,0.004204172175377607,0.003760973922908306
model.layers.10.self_attn.v_proj,29,0.0054026637226343155,0.005314267706125975,0.0019612477626651525,0.0022295918315649033
model.layers.11.mlp.down_proj,181,0.020518602803349495,0.023161660879850388,0.002668080385774374,0.0022957997862249613
model.layers.11.mlp.gate_proj,274,0.014214063063263893,0.01572434976696968,0.0033705809619277716,0.003079661400988698
model.layers.11.mlp.up_proj,178,0.010280309244990349,0.012668909505009651,0.0027771424502134323,0.002612296026200056
model.layers.11.self_attn.k_proj,446,0.01591922715306282,0.01724475808441639,0.00613423204049468,0.005677631590515375
model.layers.11.self_attn.o_proj,313,0.009026573039591312,0.010302656330168247,0.0025584104005247355,0.002010592957958579
model.layers.11.self_attn.q_proj,537,0.006105334032326937,0.008154387585818768,0.004093754570931196,0.0034955362789332867
model.layers.11.self_attn.v_proj,24,0.00714111328125,0.0064341225661337376,0.0014419754734262824,0.0015665888786315918
model.layers.12.mlp.down_proj,304,0.020366467535495758,0.02042810618877411,0.0028326562605798244,0.002456808229908347
model.layers.12.mlp.gate_proj,725,0.013677431270480156,0.015931185334920883,0.003064173273742199,0.00285679055377841
model.layers.12.mlp.up_proj,307,0.01095769926905632,0.012357928790152073,0.002639312297105789,0.002466992475092411
model.layers.12.self_attn.k_proj,399,0.012419354170560837,0.013803123496472836,0.006320263724774122,0.005366799887269735
model.layers.12.self_attn.o_proj,160,0.020090103149414062,0.021620560437440872,0.0024657403118908405,0.0020841751247644424
model.layers.12.self_attn.q_proj,557,0.0075708795338869095,0.009446971118450165,0.004318676423281431,0.0037625934928655624
model.layers.12.self_attn.v_proj,37,0.005503061693161726,0.00617609778419137,0.0022392095997929573,0.0019938317127525806
model.layers.13.mlp.down_proj,222,0.01777772605419159,0.01939433254301548,0.0030113470274955034,0.0025086316745728254
model.layers.13.mlp.gate_proj,520,0.01378631591796875,0.016231359913945198,0.003275472903624177,0.0028391301166266203
model.layers.13.mlp.up_proj,271,0.010701422579586506,0.012674816884100437,0.0027311190497130156,0.0026667057536542416
model.layers.13.self_attn.k_proj,1097,0.015802986919879913,0.0170342605561018,0.006628681905567646,0.005634864792227745
model.layers.13.self_attn.o_proj,190,0.02218274585902691,0.029149748384952545,0.0027156579308211803,0.0021638518664985895
model.layers.13.self_attn.q_proj,1300,0.007715266197919846,0.009250394068658352,0.004100617486983538,0.0034135428722947836
model.layers.13.self_attn.v_proj,34,0.005101820919662714,0.005679859779775143,0.0025698929093778133,0.0018778619123622775
model.layers.14.mlp.down_proj,285,0.015727153047919273,0.016398325562477112,0.003035737667232752,0.0024509781505912542
model.layers.14.mlp.gate_proj,585,0.014824343845248222,0.017309153452515602,0.0031927626114338636,0.002815987914800644
model.layers.14.mlp.up_proj,362,0.009778185747563839,0.011199192143976688,0.002719997428357601,0.0025026227813214064
model.layers.14.self_attn.k_proj,2263,0.018953127786517143,0.020127253606915474,0.006507850252091885,0.005878922529518604
model.layers.14.self_attn.o_proj,327,0.00945410318672657,0.012166154570877552,0.002959602978080511,0.002055085264146328
model.layers.14.self_attn.q_proj,1260,0.009159536100924015,0.01068047434091568,0.00413066940382123,0.003557601710781455
model.layers.14.self_attn.v_proj,72,0.0054986742325127125,0.00609673373401165,0.0025920767802745104,0.0018381377449259162
model.layers.15.mlp.down_proj,269,0.01769588515162468,0.01955030858516693,0.0028641086537390947,0.002315416233614087
model.layers.15.mlp.gate_proj,337,0.01646210439503193,0.01994744874536991,0.0032424237579107285,0.0031632771715521812
model.layers.15.mlp.up_proj,199,0.01306888461112976,0.013344923034310341,0.0027001791168004274,0.0024857893586158752
model.layers.15.self_attn.k_proj,1469,0.013163775205612183,0.015820154920220375,0.006426559295505285,0.005460924934595823
model.layers.15.self_attn.o_proj,172,0.020131666213274002,0.025062384083867073,0.0029780808836221695,0.0023473252076655626
model.layers.15.self_attn.q_proj,1534,0.01230069249868393,0.014713412150740623,0.004356894642114639,0.0037772348150610924
model.layers.15.self_attn.v_proj,135,0.007612214423716068,0.007459626533091068,0.0024204791989177465,0.002326891990378499
model.layers.16.mlp.down_proj,331,0.014831358566880226,0.017298581078648567,0.00297562382183969,0.002434374764561653
model.layers.16.mlp.gate_proj,269,0.012924931943416595,0.014863535761833191,0.003210326423868537,0.002944403560832143
model.layers.16.mlp.up_proj,146,0.011954529210925102,0.013214529491961002,0.0026036028284579515,0.002267282223328948
model.layers.16.self_attn.k_proj,1090,0.014775995165109634,0.017299266532063484,0.006644005421549082,0.0054728020913898945
model.layers.16.self_attn.o_proj,98,0.032770898193120956,0.03385520353913307,0.0027224142104387283,0.002109571360051632
model.layers.16.self_attn.q_proj,944,0.011246568523347378,0.01321275345981121,0.00418022321537137,0.003766400972381234
model.layers.16.self_attn.v_proj,40,0.0073226927779614925,0.0075164795853197575,0.0019381046295166016,0.002019739244133234
model.layers.17.mlp.down_proj,398,0.018036041408777237,0.020342189818620682,0.002976121613755822,0.0024025749880820513
model.layers.17.mlp.gate_proj,274,0.014110258780419827,0.0172243881970644,0.003407438285648823,0.0030998121947050095
model.layers.17.mlp.up_proj,151,0.013999282382428646,0.016255561262369156,0.0029334011487662792,0.002589623676612973
model.layers.17.self_attn.k_proj,744,0.018800796940922737,0.020960982888936996,0.006868268828839064,0.0057491096667945385
model.layers.17.self_attn.o_proj,75,0.031751301139593124,0.03750325366854668,0.0030616887379437685,0.00234025320969522
model.layers.17.self_attn.q_proj,448,0.007758957799524069,0.010066168382763863,0.0040552434511482716,0.0035964581184089184
model.layers.17.self_attn.v_proj,7,0.0064522880129516125,0.0038016182370483875,0.002977916272357106,0.0023850032594054937
model.layers.18.mlp.down_proj,186,0.014822026714682579,0.014800040982663631,0.002818676643073559,0.0026523068081587553
model.layers.18.mlp.gate_proj,219,0.014121416956186295,0.015660393983125687,0.0035141841508448124,0.003172638127580285
model.layers.18.mlp.up_proj,118,0.010514598339796066,0.012439792044460773,0.0025560411158949137,0.002276727696880698
model.layers.18.self_attn.k_proj,423,0.017016543075442314,0.018958991393446922,0.0068934159353375435,0.005591982044279575
model.layers.18.self_attn.o_proj,28,0.03112356923520565,0.0255257748067379,0.0038509368896484375,0.002060208935290575
model.layers.18.self_attn.q_proj,213,0.007882990874350071,0.010196022689342499,0.004472965374588966,0.0037323052529245615
model.layers.18.self_attn.v_proj,2,0.0011749267578125,0.0069580078125,0.0008544921875,0.004058837890625
model.layers.19.mlp.down_proj,103,0.02237679250538349,0.02179606817662716,0.002944742562249303,0.0025379403959959745
model.layers.19.mlp.gate_proj,105,0.01974283903837204,0.02113792859017849,0.003378407098352909,0.0031636215280741453
model.layers.19.mlp.up_proj,55,0.012824040837585926,0.014888139441609383,0.0028887921944260597,0.0022568008862435818
model.layers.19.self_attn.k_proj,733,0.016524789854884148,0.01873970776796341,0.006064330227673054,0.005389258731156588
model.layers.19.self_attn.o_proj,41,0.03490019962191582,0.04531488195061684,0.0031446132343262434,0.0026176266837865114
model.layers.19.self_attn.q_proj,542,0.008027361705899239,0.010425413027405739,0.004501895047724247,0.003570862812921405
model.layers.19.self_attn.v_proj,14,0.005728585179895163,0.006678990088403225,0.0023440292570739985,0.0016377653228119016
model.layers.2.mlp.down_proj,661,0.012711887247860432,0.014806288294494152,0.003081727772951126,0.0024619349278509617
model.layers.2.mlp.gate_proj,477,0.014305130578577518,0.015970993787050247,0.0030381164979189634,0.0026891157031059265
model.layers.2.mlp.up_proj,295,0.012918970547616482,0.01375256571918726,0.00270722690038383,0.0024478533305227757
model.layers.2.self_attn.k_proj,2527,0.01489165984094143,0.01693408004939556,0.007272806949913502,0.005997322499752045
model.layers.2.self_attn.o_proj,524,0.013010389171540737,0.014676975086331367,0.0023993165232241154,0.0016942236106842756
model.layers.2.self_attn.q_proj,932,0.008174453862011433,0.009977021254599094,0.004875498358160257,0.003974221646785736
model.layers.2.self_attn.v_proj,35,0.0030905588064342737,0.0036904471926391125,0.0015655994648113847,0.0015677792252972722
model.layers.20.mlp.down_proj,126,0.01739017479121685,0.0182640440762043,0.0030693814624100924,0.002541015623137355
model.layers.20.mlp.gate_proj,94,0.013818618841469288,0.016385991126298904,0.0035536137875169516,0.0029682605527341366
model.layers.20.mlp.up_proj,59,0.01065942831337452,0.014470504596829414,0.0024630639236420393,0.002480650320649147
model.layers.20.self_attn.k_proj,784,0.01658194325864315,0.01876254938542843,0.006605520378798246,0.0057803974486887455
model.layers.20.self_attn.o_proj,312,0.013676960952579975,0.01983877271413803,0.0028855912387371063,0.002249858807772398
model.layers.20.self_attn.q_proj,532,0.007846459746360779,0.010010224767029285,0.003955236170440912,0.00356767768971622
model.layers.20.self_attn.v_proj,20,0.00828704796731472,0.00753021240234375,0.0028268813621252775,0.00238208775408566
model.layers.21.mlp.down_proj,142,0.018127011135220528,0.017385562881827354,0.0030653744470328093,0.0023695952259004116
model.layers.21.mlp.gate_proj,124,0.02081298828125,0.024193547666072845,0.0033053429797291756,0.00329820578917861
model.layers.21.mlp.up_proj,49,0.017333984375,0.017642896622419357,0.0030588421504944563,0.002844596281647682
model.layers.21.self_attn.k_proj,897,0.014851207844913006,0.017001794651150703,0.006305587012320757,0.005479354411363602
model.layers.21.self_attn.o_proj,127,0.017927994951605797,0.021644892171025276,0.002667966764420271,0.002132707741111517
model.layers.21.self_attn.q_proj,915,0.007692564278841019,0.009825860150158405,0.004284330643713474,0.003639277769252658
model.layers.21.self_attn.v_proj,3,0.0123291015625,0.00341796875,0.003570556640625,0.0025227863807231188
model.layers.22.mlp.down_proj,46,0.025730298832058907,0.027115531265735626,0.0030986121855676174,0.002555266721174121
model.layers.22.mlp.gate_proj,77,0.016707779839634895,0.020523665472865105,0.003335729707032442,0.002694464288651943
model.layers.22.mlp.up_proj,19,0.010305304080247879,0.01295230258256197,0.00355268782004714,0.002889332128688693
model.layers.22.self_attn.k_proj,283,0.01918056793510914,0.02085806429386139,0.006470233667641878,0.005228671245276928
model.layers.22.self_attn.o_proj,6,0.01668294332921505,0.01944986917078495,0.0024210612755268812,0.0021464030724018812
model.layers.22.self_attn.q_proj,274,0.008011643774807453,0.010971181094646454,0.004451270215213299,0.0038193112704902887
model.layers.23.mlp.down_proj,42,0.01998465321958065,0.0215904600918293,0.002557308878749609,0.0024090807419270277
model.layers.23.mlp.gate_proj,72,0.019287109375,0.0239885114133358,0.003462023101747036,0.0027923318557441235
model.layers.23.mlp.up_proj,40,0.0109100341796875,0.013745117001235485,0.0023750304244458675,0.00274658203125
model.layers.23.self_attn.k_proj,395,0.01708984375,0.019896842539310455,0.006593622267246246,0.00549726840108633
model.layers.23.self_attn.o_proj,19,0.020417865365743637,0.03185392543673515,0.0028600189834833145,0.0026640640571713448
model.layers.23.self_attn.q_proj,459,0.009999659843742847,0.012601698748767376,0.0040561743080616,0.0035776998847723007
model.layers.24.mlp.down_proj,37,0.020316459238529205,0.02110166847705841,0.0029725770000368357,0.0025956437457352877
model.layers.24.mlp.gate_proj,84,0.02329217828810215,0.0262887142598629,0.002959983656182885,0.00288768601603806
model.layers.24.mlp.up_proj,95,0.012882915325462818,0.016583573073148727,0.002939786296337843,0.002680547535419464
model.layers.24.self_attn.k_proj,983,0.01748436875641346,0.01834668405354023,0.005992981605231762,0.005357855930924416
model.layers.24.self_attn.o_proj,6,0.0194091796875,0.0174560546875,0.0035832722205668688,0.00383758544921875
model.layers.24.self_attn.q_proj,958,0.009537093341350555,0.01133202388882637,0.0039275530725717545,0.0034538614563643932
model.layers.25.mlp.down_proj,46,0.017429517582058907,0.017673658207058907,0.002676051575690508,0.0020554170478135347
model.layers.25.mlp.gate_proj,105,0.01952194981276989,0.02388044074177742,0.0034785775933414698,0.0030054098460823298
model.layers.25.mlp.up_proj,50,0.014174805022776127,0.01568603515625,0.0028999329078942537,0.0025227356236428022
model.layers.25.self_attn.k_proj,569,0.015847794711589813,0.01825423166155815,0.0064809080213308334,0.005222495179623365
model.layers.25.self_attn.o_proj,22,0.02045232616364956,0.02385919727385044,0.002859375672414899,0.0020409496501088142
model.layers.25.self_attn.q_proj,532,0.009659387171268463,0.012346884235739708,0.00409995811060071,0.0034055395517498255
model.layers.25.self_attn.v_proj,1,0.006591796875,0.006591796875,0.00146484375,0.00323486328125
model.layers.26.mlp.down_proj,31,0.019554875791072845,0.025303995236754417,0.0025416959542781115,0.002373357070609927
model.layers.26.mlp.gate_proj,150,0.019652506336569786,0.02031901106238365,0.0034938876051455736,0.0031034660059958696
model.layers.26.mlp.up_proj,54,0.014293529093265533,0.01531304232776165,0.002564704045653343,0.0026590824127197266
model.layers.26.self_attn.k_proj,593,0.015677904710173607,0.018783800303936005,0.006507397163659334,0.005512809846550226
model.layers.26.self_attn.o_proj,32,0.0233001708984375,0.0254058837890625,0.0027799010276794434,0.002668321132659912
model.layers.26.self_attn.q_proj,779,0.010735292918980122,0.01238731574267149,0.00409884937107563,0.0034444353077560663
model.layers.26.self_attn.v_proj,43,0.0113525390625,0.012550531886518002,0.0035085012204945087,0.0031408709473907948
model.layers.27.mlp.down_proj,24,0.0284271240234375,0.02420552633702755,0.0023474693298339844,0.0022711753845214844
model.layers.27.mlp.gate_proj,196,0.01541885081678629,0.018884776160120964,0.0035303442273288965,0.0030746045522391796
model.layers.27.mlp.up_proj,62,0.011397822760045528,0.01383135374635458,0.0022439740132540464,0.002191306557506323
model.layers.27.self_attn.k_proj,644,0.017782460898160934,0.01984287053346634,0.006378198973834515,0.005534511059522629
model.layers.27.self_attn.o_proj,4,0.011962890625,0.01910400390625,0.003231048583984375,0.002468109130859375
model.layers.27.self_attn.q_proj,559,0.010405893437564373,0.012250924482941628,0.003898053662851453,0.003596440190449357
model.layers.27.self_attn.v_proj,13,0.014512281864881516,0.014000525698065758,0.0033064621966332197,0.002562302863225341
model.layers.28.mlp.down_proj,45,0.02700195275247097,0.02399359829723835,0.0025264315772801638,0.0025352477096021175
model.layers.28.mlp.gate_proj,158,0.016956957057118416,0.019174309447407722,0.003751465119421482,0.0034014785196632147
model.layers.28.mlp.up_proj,86,0.013515738770365715,0.01433616504073143,0.0030531994998455048,0.0026813107542693615
model.layers.28.self_attn.k_proj,403,0.01644708216190338,0.01780075952410698,0.005554169416427612,0.004830910824239254
model.layers.28.self_attn.o_proj,9,0.02921549417078495,0.0413411445915699,0.0040105185471475124,0.0022744073066860437
model.layers.28.self_attn.q_proj,312,0.008536705747246742,0.011502387933433056,0.003747230861335993,0.0037014055997133255
model.layers.28.self_attn.v_proj,14,0.01152692548930645,0.012132917530834675,0.005314418114721775,0.003570556640625
model.layers.29.mlp.down_proj,60,0.02468973770737648,0.02248331718146801,0.0036169688683003187,0.0028143564704805613
model.layers.29.mlp.gate_proj,291,0.015168179757893085,0.016711467877030373,0.003468754468485713,0.00307275983504951
model.layers.29.mlp.up_proj,183,0.011731840670108795,0.011757856234908104,0.0030102338641881943,0.002622677246108651
model.layers.29.self_attn.k_proj,1055,0.016772402450442314,0.018385177478194237,0.005815428216010332,0.005450573284178972
model.layers.29.self_attn.o_proj,17,0.010663201101124287,0.013574936427175999,0.0027389246970415115,0.0023727137595415115
model.layers.29.self_attn.q_proj,1047,0.010269645601511002,0.012490987777709961,0.004100721329450607,0.0037320766132324934
model.layers.29.self_attn.v_proj,210,0.01205473393201828,0.0142357237637043,0.003851132234558463,0.003435802413150668
model.layers.3.mlp.down_proj,488,0.011985654011368752,0.013933525420725346,0.00281293666921556,0.002402950543910265
model.layers.3.mlp.gate_proj,601,0.013997666537761688,0.016819298267364502,0.0030681556090712547,0.002838385058566928
model.layers.3.mlp.up_proj,428,0.011537926271557808,0.01299221720546484,0.002673266688361764,0.002478503156453371
model.layers.3.self_attn.k_proj,503,0.011566586792469025,0.014145352877676487,0.006360523868352175,0.005892097018659115
model.layers.3.self_attn.o_proj,137,0.01200922392308712,0.014706353656947613,0.0027314971666783094,0.0019829256925731897
model.layers.3.self_attn.q_proj,469,0.007503159809857607,0.009746233932673931,0.00437898188829422,0.003847949905321002
model.layers.3.self_attn.v_proj,34,0.005942849442362785,0.005512910895049572,0.002213982865214348,0.0016781302401795983
model.layers.30.mlp.down_proj,95,0.01921258307993412,0.02055921033024788,0.002983924001455307,0.0026058272924274206
model.layers.30.mlp.gate_proj,212,0.01654801331460476,0.01793627440929413,0.0036975054536014795,0.0033373404294252396
model.layers.30.mlp.up_proj,178,0.011448206380009651,0.01366638857871294,0.002882534172385931,0.0025919314939528704
model.layers.30.self_attn.k_proj,1028,0.017462704330682755,0.01993207447230816,0.005580189172178507,0.005230465438216925
model.layers.30.self_attn.o_proj,10,0.029052734375,0.02988281287252903,0.003945541568100452,0.00265159597620368
model.layers.30.self_attn.q_proj,491,0.010084599256515503,0.012716196477413177,0.0037130594719201326,0.003323230193927884
model.layers.30.self_attn.v_proj,40,0.013537597842514515,0.01566162146627903,0.004587364383041859,0.004282951354980469
model.layers.31.mlp.down_proj,791,0.015314538963139057,0.015676891431212425,0.003180077066645026,0.0029029690194875
model.layers.31.mlp.gate_proj,336,0.01775541715323925,0.02167474664747715,0.004052302800118923,0.0036389529705047607
model.layers.31.mlp.up_proj,187,0.02016412280499935,0.025141261518001556,0.0032971224281936884,0.002921119797974825
model.layers.31.self_attn.k_proj,938,0.022029787302017212,0.022882327437400818,0.005874674301594496,0.00547904334962368
model.layers.31.self_attn.o_proj,315,0.02540380135178566,0.03349919244647026,0.003649227088317275,0.0030221636407077312
model.layers.31.self_attn.q_proj,301,0.013578193262219429,0.0159737728536129,0.004386288113892078,0.0036776920314878225
model.layers.31.self_attn.v_proj,136,0.011529361829161644,0.01330476626753807,0.004646672867238522,0.004293476697057486
model.layers.4.mlp.down_proj,529,0.014383413828909397,0.016674019396305084,0.002848077565431595,0.0024023132864385843
model.layers.4.mlp.gate_proj,1090,0.012516126967966557,0.014961452223360538,0.0032606024760752916,0.002952948911115527
model.layers.4.mlp.up_proj,636,0.011389678344130516,0.012970642186701298,0.0025756401009857655,0.0023587781470268965
model.layers.4.self_attn.k_proj,1327,0.014723086729645729,0.017061833292245865,0.006405964959412813,0.005520172882825136
model.layers.4.self_attn.o_proj,367,0.013359547592699528,0.016673075035214424,0.0027268140111118555,0.0021899917628616095
model.layers.4.self_attn.q_proj,1267,0.011983267962932587,0.014143392443656921,0.004190757870674133,0.003844114486128092
model.layers.4.self_attn.v_proj,42,0.0045914421789348125,0.004574730060994625,0.0022057152818888426,0.001825829385779798
model.layers.5.mlp.down_proj,345,0.015147333964705467,0.01836521364748478,0.0027980320155620575,0.002314262092113495
model.layers.5.mlp.gate_proj,472,0.013797566294670105,0.014771929942071438,0.003276379778981209,0.002940104342997074
model.layers.5.mlp.up_proj,230,0.012743344530463219,0.014778999611735344,0.0022642354015260935,0.0021527798380702734
model.layers.5.self_attn.k_proj,5375,0.020457394421100616,0.023636672645807266,0.00668090395629406,0.005678056739270687
model.layers.5.self_attn.o_proj,114,0.010589599609375,0.012703878805041313,0.002316843019798398,0.002051286632195115
model.layers.5.self_attn.q_proj,1084,0.00915051531046629,0.01084953360259533,0.0044236560352146626,0.003824590239673853
model.layers.5.self_attn.v_proj,50,0.0057220458984375,0.0059161377139389515,0.0018508529756218195,0.0018117905128747225
model.layers.6.mlp.down_proj,209,0.0166675616055727,0.020119406282901764,0.003112809034064412,0.0025399108417332172
model.layers.6.mlp.gate_proj,397,0.01430236641317606,0.01578150875866413,0.003116005565971136,0.0030604281928390265
model.layers.6.mlp.up_proj,242,0.009961592964828014,0.01266756933182478,0.0025654002092778683,0.0023479938972741365
model.layers.6.self_attn.k_proj,503,0.014921215362846851,0.016670728102326393,0.0066179074347019196,0.005828515160828829
model.layers.6.self_attn.o_proj,53,0.017707105726003647,0.02004256285727024,0.0027835324872285128,0.002046792069450021
model.layers.6.self_attn.q_proj,423,0.007563309278339148,0.009856817312538624,0.004485331475734711,0.003924832679331303
model.layers.6.self_attn.v_proj,26,0.0037794846575707197,0.004441481549292803,0.0020082180853933096,0.0016889572143554688
model.layers.7.mlp.down_proj,232,0.018335802480578423,0.021564088761806488,0.0028295547235757113,0.002456043381243944
model.layers.7.mlp.gate_proj,348,0.011613868176937103,0.013013291172683239,0.0032362870406359434,0.002964391140267253
model.layers.7.mlp.up_proj,178,0.011199951171875,0.012094219215214252,0.00251895934343338,0.002284848364070058
model.layers.7.self_attn.k_proj,471,0.012995433993637562,0.014957889914512634,0.006312603130936623,0.005755041725933552
model.layers.7.self_attn.o_proj,159,0.011618943884968758,0.014876455999910831,0.002617714460939169,0.001971818972378969
model.layers.7.self_attn.q_proj,468,0.00697978725656867,0.008819580078125,0.004230979364365339,0.0038494442123919725
model.layers.7.self_attn.v_proj,31,0.004521523602306843,0.004957629833370447,0.001924330135807395,0.001596512389369309
model.layers.8.mlp.down_proj,168,0.02309526689350605,0.0286981500685215,0.002709821565076709,0.002298197476193309
model.layers.8.mlp.gate_proj,340,0.012702134437859058,0.015079991891980171,0.0032544913701713085,0.0029150282498449087
model.layers.8.mlp.up_proj,141,0.011725243180990219,0.012990965507924557,0.0024531111121177673,0.002462634351104498
model.layers.8.self_attn.k_proj,640,0.017742346972227097,0.021112823858857155,0.005979583598673344,0.005406455136835575
model.layers.8.self_attn.o_proj,100,0.011611328460276127,0.014360961504280567,0.0028982257936149836,0.002115755109116435
model.layers.8.self_attn.q_proj,533,0.011960829608142376,0.014766843058168888,0.004082806874066591,0.0035385575611144304
model.layers.8.self_attn.v_proj,22,0.0054654208943247795,0.005681818351149559,0.0026134143117815256,0.0013469349360093474
model.layers.9.mlp.down_proj,169,0.022006062790751457,0.026018673554062843,0.003101275535300374,0.0023229869548231363
model.layers.9.mlp.gate_proj,299,0.013352613896131516,0.015003625303506851,0.0034929485991597176,0.0029974207282066345
model.layers.9.mlp.up_proj,218,0.010995847173035145,0.013143276795744896,0.002823457820340991,0.0023753533605486155
model.layers.9.self_attn.k_proj,650,0.013716759160161018,0.01619422249495983,0.0060995048843324184,0.005311623215675354
model.layers.9.self_attn.o_proj,125,0.009598144330084324,0.01101220678538084,0.003127403324469924,0.002223716815933585
model.layers.9.self_attn.q_proj,794,0.007199534680694342,0.008764540776610374,0.0040232837200164795,0.0035197241231799126
model.layers.9.self_attn.v_proj,22,0.004359852056950331,0.005225441884249449,0.0022215410135686398,0.0021230524871498346
