layer,proj,n_tokens,A_bos,A_p1_7,A_rest,G_bos,G_p1_7,G_rest,AG_bos,AG_p1_7,AG_rest,G_over_A_bos,G_over_A_p1_7,g_bos_over_median,g_p1_7_max_over_median
0,q_proj,54475,0.002468,0.0168,0.9807,2.389e-14,0.2002,0.7998,2.293e-14,0.1692,0.8308,9.678e-12,11.92,5.005e-10,1.412e+05
0,k_proj,54475,0.002468,0.0168,0.9807,0.04308,0.1693,0.7876,0.03642,0.1625,0.8011,17.46,10.08,350.4,1.44e+04
0,v_proj,54475,0.002468,0.0168,0.9807,0.1062,0.189,0.7049,0.1042,0.1854,0.7104,43.01,11.25,377.3,4676
0,o_proj,54475,0.01026,0.03119,0.9586,0.00695,0.09252,0.9005,0.02853,0.1758,0.7957,0.6774,2.967,17.33,2682
0,gate_proj,54475,0.004361,0.02347,0.9722,0.01544,0.1338,0.8507,0.02629,0.18,0.7937,3.54,5.703,46.64,5080
0,up_proj,54475,0.004361,0.02347,0.9722,0.01421,0.133,0.8528,0.0241,0.1802,0.7956,3.258,5.665,41.63,5332
0,down_proj,54475,0.006976,0.02199,0.971,0.006847,0.09332,0.8998,0.01991,0.1255,0.8546,0.9816,4.243,16.78,2906
1,q_proj,54475,0.001244,0.01608,0.9827,2.158e-14,0.04279,0.9572,1.189e-14,0.05026,0.9497,1.734e-11,2.661,6.922e-11,1395
1,k_proj,54475,0.001244,0.01608,0.9827,0.07403,0.1301,0.7959,0.04156,0.1418,0.8167,59.49,8.091,343.6,3590
1,v_proj,54475,0.001244,0.01608,0.9827,0.1291,0.1735,0.6974,0.07209,0.1852,0.7428,103.8,10.79,458.9,2791
1,o_proj,54475,0.007981,0.03431,0.9577,0.006859,0.09423,0.8989,0.02029,0.1729,0.8068,0.8593,2.747,16.93,2913
1,gate_proj,54475,0.001377,0.01463,0.984,0.05639,0.1465,0.7971,0.03431,0.1275,0.8382,40.95,10.01,221.2,1.78e+04
1,up_proj,54475,0.001377,0.01463,0.984,0.04327,0.1361,0.8206,0.02693,0.1225,0.8506,31.42,9.303,164.8,5660
1,down_proj,54475,0.04492,0.0219,0.9332,0.006793,0.09477,0.8984,0.1113,0.1185,0.7702,0.1512,4.327,16.7,3021
2,q_proj,54475,0.001793,0.01622,0.982,1.117e-14,0.1072,0.8928,9.197e-15,0.117,0.883,6.233e-12,6.612,3.57e-11,3965
2,k_proj,54475,0.001793,0.01622,0.982,0.09081,0.1605,0.7486,0.07163,0.1846,0.7438,50.65,9.901,344.1,3274
2,v_proj,54475,0.001793,0.01622,0.982,0.1901,0.1446,0.6653,0.1612,0.1661,0.6727,106,8.915,731.6,3013
2,o_proj,54475,0.008018,0.03288,0.9591,0.00563,0.09487,0.8995,0.01791,0.1828,0.7993,0.7022,2.885,14.07,3200
2,gate_proj,54475,0.0009418,0.01435,0.9847,0.03766,0.1761,0.7863,0.01739,0.1576,0.825,39.99,12.27,171,2.93e+04
2,up_proj,54475,0.0009418,0.01435,0.9847,0.03336,0.1284,0.8382,0.01527,0.1164,0.8684,35.42,8.947,163.5,5967
2,down_proj,54475,0.01415,0.02752,0.9583,0.00562,0.09341,0.901,0.02652,0.1745,0.799,0.3971,3.395,13.83,2935
3,q_proj,54475,0.001375,0.01704,0.9816,6.081e-15,0.08384,0.9162,3.741e-15,0.09217,0.9078,4.423e-12,4.921,2.299e-11,2437
3,k_proj,54475,0.001375,0.01704,0.9816,0.1543,0.2224,0.6233,0.1057,0.2782,0.6161,112.2,13.05,759,9302
3,v_proj,54475,0.001375,0.01704,0.9816,0.3133,0.1356,0.5511,0.2323,0.1803,0.5874,227.8,7.962,1596,5580
3,o_proj,54475,0.00734,0.03397,0.9587,0.003785,0.09224,0.904,0.01177,0.1923,0.7959,0.5157,2.715,9.483,3084
3,gate_proj,54475,0.0008632,0.01435,0.9848,0.04024,0.1398,0.8199,0.01762,0.1264,0.856,46.62,9.746,202.6,9785
3,up_proj,54475,0.0008632,0.01435,0.9848,0.0459,0.1489,0.8052,0.02072,0.1366,0.8427,53.17,10.38,228.3,1.526e+04
3,down_proj,54475,0.01827,0.02911,0.9526,0.00338,0.09094,0.9057,0.02439,0.1815,0.7941,0.185,3.124,8.313,3090
4,q_proj,54475,0.001584,0.01642,0.982,3.451e-15,0.1341,0.8659,2.78e-15,0.1461,0.8539,2.178e-12,8.167,1.251e-11,5530
4,k_proj,54475,0.001584,0.01642,0.982,0.06924,0.1409,0.7899,0.04744,0.1547,0.7978,43.7,8.579,234.9,3722
4,v_proj,54475,0.001584,0.01642,0.982,0.1817,0.1657,0.6526,0.1383,0.1907,0.671,114.7,10.09,730.2,5602
4,o_proj,54475,0.01118,0.03819,0.9506,0.001056,0.08907,0.9099,0.005493,0.2057,0.7888,0.09449,2.332,2.662,3464
4,gate_proj,54475,0.001709,0.01434,0.9839,0.03417,0.1588,0.807,0.03166,0.1398,0.8285,19.99,11.07,203.9,2.257e+04
4,up_proj,54475,0.001709,0.01434,0.9839,0.02628,0.1672,0.8065,0.02394,0.1475,0.8285,15.37,11.66,128,1.705e+04
4,down_proj,54475,0.9995,1.577e-05,0.0004477,0.0002076,0.08737,0.9124,0.9928,0.001385,0.005782,0.0002077,5540,0.5149,3333
5,q_proj,54475,7.441e-05,0.01718,0.9827,1.078e-20,0.06374,0.9363,3.39e-22,0.0692,0.9308,1.449e-16,3.711,4.315e-17,2687
5,k_proj,54475,7.441e-05,0.01718,0.9827,0.5262,0.05657,0.4172,0.03332,0.1255,0.8412,7072,3.294,5107,3354
5,v_proj,54475,7.441e-05,0.01718,0.9827,0.9857,0.001998,0.01235,0.6835,0.04769,0.2689,1.325e+04,0.1163,2.985e+05,3036
5,o_proj,54475,0.0001482,0.01864,0.9812,0.0002113,0.08769,0.9121,1.373e-05,0.08425,0.9157,1.426,4.703,0.5293,3571
5,gate_proj,54475,0.01856,0.01497,0.9665,0.000305,0.1586,0.841,0.002824,0.1476,0.8495,0.01643,10.6,1.51,2.221e+04
5,up_proj,54475,0.01856,0.01497,0.9665,0.0001983,0.164,0.8358,0.001828,0.148,0.8502,0.01069,10.96,0.8628,1.277e+04
5,down_proj,54475,0.9067,0.003041,0.09023,0.0002213,0.08319,0.9166,0.3993,0.1072,0.4935,0.000244,27.36,0.5363,3016
6,q_proj,54475,9.838e-05,0.01653,0.9834,1.134e-20,0.07909,0.9209,4.978e-22,0.08704,0.913,1.153e-16,4.785,3.951e-17,1293
6,k_proj,54475,9.838e-05,0.01653,0.9834,0.4346,0.09877,0.4666,0.03122,0.1811,0.7877,4418,5.976,2745,1.417e+04
6,v_proj,54475,9.838e-05,0.01653,0.9834,0.9777,0.004184,0.01816,0.6521,0.07003,0.2779,9937,0.2531,1.457e+05,4006
6,o_proj,54475,0.0002838,0.02281,0.9769,0.0002253,0.08081,0.919,2.641e-05,0.0858,0.9142,0.7936,3.543,0.5544,3203
6,gate_proj,54475,0.02086,0.01448,0.9647,0.0001849,0.1546,0.8452,0.001892,0.1442,0.8539,0.008865,10.67,0.9096,1.639e+04
6,up_proj,54475,0.02086,0.01448,0.9647,0.0001926,0.1451,0.8547,0.001956,0.1348,0.8632,0.009235,10.02,0.8367,1.455e+04
6,down_proj,54475,0.7083,0.00947,0.2822,0.0002342,0.07751,0.9223,0.1443,0.148,0.7077,0.0003307,8.185,0.5538,2896
7,q_proj,54475,9.811e-05,0.01694,0.983,1.814e-20,0.07976,0.9202,7.809e-22,0.08951,0.9105,1.849e-16,4.708,7.123e-17,2542
7,k_proj,54475,9.811e-05,0.01694,0.983,0.5015,0.08508,0.4134,0.03932,0.1734,0.7873,5112,5.021,5018,5655
7,v_proj,54475,9.811e-05,0.01694,0.983,0.9838,0.003299,0.01287,0.7139,0.06197,0.2241,1.003e+04,0.1947,2.4e+05,4659
7,o_proj,54475,0.0002259,0.02028,0.9795,0.0002366,0.07455,0.9252,2.087e-05,0.07954,0.9204,1.047,3.676,0.5604,3029
7,gate_proj,54475,0.01432,0.01421,0.9715,0.0002758,0.1513,0.8484,0.001914,0.127,0.8711,0.01926,10.65,1.18,2.477e+04
7,up_proj,54475,0.01432,0.01421,0.9715,0.0001707,0.1254,0.8745,0.001169,0.1055,0.8933,0.01192,8.823,0.6566,1.556e+04
7,down_proj,54475,0.0008169,0.02746,0.9717,0.0002527,0.07096,0.9288,6.197e-05,0.1441,0.8559,0.3093,2.584,0.5649,2486
8,q_proj,54475,9.783e-05,0.01599,0.9839,6.578e-20,0.06637,0.9336,2.834e-21,0.06968,0.9303,6.724e-16,4.15,2.196e-16,6217
8,k_proj,54475,9.783e-05,0.01599,0.9839,0.5512,0.05232,0.3965,0.04959,0.1155,0.8349,5635,3.271,4336,7604
8,v_proj,54475,9.783e-05,0.01599,0.9839,0.9795,0.002992,0.01749,0.6701,0.04961,0.2803,1.001e+04,0.187,1.456e+05,5612
8,o_proj,54475,0.000644,0.01732,0.982,0.0002549,0.07041,0.9293,6.334e-05,0.06473,0.9352,0.3957,4.065,0.5732,2600
8,gate_proj,54475,0.01159,0.01452,0.9739,0.0002208,0.1218,0.8779,0.001213,0.1022,0.8966,0.01905,8.392,0.7375,1.201e+04
8,up_proj,54475,0.01159,0.01452,0.9739,0.0001802,0.1056,0.8942,0.0009981,0.09057,0.9084,0.01554,7.272,0.5365,7359
8,down_proj,54475,0.00845,0.02617,0.9654,0.0002611,0.06445,0.9353,0.0007334,0.1132,0.8861,0.0309,2.463,0.562,1682
9,q_proj,54475,0.0001197,0.01601,0.9839,1.334e-19,0.07063,0.9294,6.979e-21,0.07547,0.9245,1.114e-15,4.413,4.085e-16,5184
9,k_proj,54475,0.0001197,0.01601,0.9839,0.4507,0.05649,0.4928,0.03992,0.1024,0.8577,3764,3.529,2271,2699
9,v_proj,54475,0.0001197,0.01601,0.9839,0.9655,0.00449,0.02997,0.592,0.05535,0.3527,8065,0.2805,6.704e+04,2319
9,o_proj,54475,0.0003528,0.01763,0.982,0.000261,0.06284,0.9369,3.9e-05,0.06533,0.9346,0.7398,3.564,0.5757,1685
9,gate_proj,54475,0.004843,0.01946,0.9757,6.704e-05,0.08525,0.9147,0.000121,0.1042,0.8957,0.01384,4.381,0.1716,4006
9,up_proj,54475,0.004843,0.01946,0.9757,0.0001909,0.06903,0.9308,0.0003555,0.08525,0.9144,0.03942,3.547,0.4371,2342
9,down_proj,54475,0.001125,0.02144,0.9774,0.0002854,0.06156,0.9382,0.0001269,0.08688,0.913,0.2536,2.871,0.5984,1425
10,q_proj,54475,0.0001079,0.0165,0.9834,5.24e-21,0.0421,0.9579,2.394e-22,0.04416,0.9558,4.855e-17,2.551,1.705e-17,884.5
10,k_proj,54475,0.0001079,0.0165,0.9834,0.5243,0.04835,0.4274,0.04618,0.0994,0.8544,4857,2.93,3800,3822
10,v_proj,54475,0.0001079,0.0165,0.9834,0.9765,0.00281,0.0207,0.6535,0.04407,0.3024,9047,0.1703,1.141e+05,2211
10,o_proj,54475,0.0004422,0.01409,0.9855,0.0002885,0.06085,0.9389,5.639e-05,0.05,0.9499,0.6523,4.32,0.6067,1464
10,gate_proj,54475,0.004544,0.01908,0.9764,7.929e-05,0.07496,0.925,0.0001359,0.09095,0.9089,0.01745,3.928,0.1907,2991
10,up_proj,54475,0.004544,0.01908,0.9764,0.0001812,0.0586,0.9412,0.000314,0.07077,0.9289,0.03988,3.071,0.4004,1637
10,down_proj,54475,0.01909,0.01762,0.9633,0.0003259,0.06207,0.9376,0.002475,0.07343,0.9241,0.01707,3.524,0.6648,1277
11,q_proj,54475,0.0001587,0.01601,0.9838,4.329e-20,0.05592,0.9441,2.984e-21,0.05675,0.9433,2.728e-16,3.493,1.028e-16,1560
11,k_proj,54475,0.0001587,0.01601,0.9838,0.4093,0.03511,0.5556,0.04533,0.05682,0.8979,2579,2.193,1598,928.6
11,v_proj,54475,0.0001587,0.01601,0.9838,0.9178,0.006423,0.07575,0.44,0.04452,0.5155,5784,0.4012,2.447e+04,586.4
11,o_proj,54475,0.0003614,0.01653,0.9831,0.0003362,0.06257,0.9371,5.377e-05,0.06285,0.9371,0.9303,3.784,0.6968,1391
11,gate_proj,54475,0.002029,0.01815,0.9798,7.856e-05,0.07796,0.922,6.447e-05,0.08201,0.9179,0.03873,4.296,0.2004,3046
11,up_proj,54475,0.002029,0.01815,0.9798,0.0001625,0.07317,0.9267,0.0001339,0.07716,0.9227,0.08009,4.032,0.4042,1944
11,down_proj,54475,0.0005412,0.02231,0.9771,0.0003565,0.06013,0.9395,6.145e-05,0.08464,0.9153,0.6587,2.695,0.6772,1076
12,q_proj,54475,0.0001377,0.01634,0.9835,3.3e-19,0.04838,0.9516,1.98e-20,0.05007,0.9499,2.396e-15,2.96,7.759e-16,682.8
12,k_proj,54475,0.0001377,0.01634,0.9835,0.3781,0.05793,0.564,0.03487,0.09176,0.8734,2746,3.545,1415,3061
12,v_proj,54475,0.0001377,0.01634,0.9835,0.9411,0.005441,0.05344,0.4897,0.04861,0.4617,6834,0.333,2.98e+04,717.8
12,o_proj,54475,0.000296,0.01747,0.9822,0.000356,0.0588,0.9408,5.008e-05,0.06225,0.9377,1.203,3.366,0.6859,1162
12,gate_proj,54475,0.00459,0.01993,0.9755,9.95e-05,0.077,0.9229,0.0001534,0.09303,0.9068,0.02168,3.863,0.2423,2444
12,up_proj,54475,0.00459,0.01993,0.9755,0.0002576,0.06863,0.9311,0.0004077,0.08385,0.9157,0.05612,3.443,0.5702,1535
12,down_proj,54475,0.002226,0.02413,0.9736,0.0003895,0.05445,0.9452,0.0002967,0.07942,0.9203,0.175,2.256,0.6813,924.6
13,q_proj,54475,0.000125,0.0163,0.9836,1.406e-19,0.04222,0.9578,7.737e-21,0.04411,0.9559,1.125e-15,2.59,3.048e-16,631.2
13,k_proj,54475,0.000125,0.0163,0.9836,0.4247,0.047,0.5283,0.03805,0.07973,0.8822,3398,2.884,1582,1095
13,v_proj,54475,0.000125,0.0163,0.9836,0.9518,0.004605,0.04356,0.517,0.04741,0.4356,7616,0.2825,3.64e+04,876.2
13,o_proj,54475,0.0003533,0.0154,0.9842,0.0003866,0.05322,0.9464,6.557e-05,0.05054,0.9494,1.094,3.456,0.6845,965.8
13,gate_proj,54475,0.004784,0.02014,0.9751,7.063e-05,0.07284,0.9271,0.0001176,0.08799,0.9119,0.01477,3.618,0.1533,2887
13,up_proj,54475,0.004784,0.02014,0.9751,0.0002669,0.05956,0.9402,0.000463,0.07371,0.9258,0.0558,2.958,0.5107,1234
13,down_proj,54475,0.001002,0.02346,0.9755,0.0004173,0.04612,0.9535,0.0001559,0.0663,0.9335,0.4165,1.966,0.6685,513.6
14,q_proj,54475,0.0001381,0.01652,0.9833,1.304e-19,0.03087,0.9691,7.875e-21,0.03234,0.9677,9.442e-16,1.869,2.676e-16,590.5
14,k_proj,54475,0.0001381,0.01652,0.9833,0.4998,0.03488,0.4653,0.05605,0.06882,0.8751,3620,2.111,2270,2120
14,v_proj,54475,0.0001381,0.01652,0.9833,0.9579,0.003384,0.03876,0.5798,0.03543,0.3847,6937,0.2049,3.857e+04,580.3
14,o_proj,54475,0.0004757,0.01308,0.9864,0.0004228,0.04501,0.9546,9.994e-05,0.03889,0.961,0.8887,3.441,0.6843,511.7
14,gate_proj,54475,0.004928,0.02035,0.9747,9.624e-05,0.05761,0.9423,0.000173,0.07061,0.9292,0.01953,2.831,0.182,1113
14,up_proj,54475,0.004928,0.02035,0.9747,0.0002648,0.04967,0.9501,0.0004912,0.06187,0.9376,0.05374,2.441,0.4592,635.3
14,down_proj,54475,0.001379,0.02276,0.9759,0.0004473,0.04074,0.9588,0.000233,0.05637,0.9434,0.3243,1.79,0.6548,335.8
15,q_proj,54475,0.0001443,0.0163,0.9836,1.049e-19,0.02724,0.9728,6.642e-21,0.02793,0.9721,7.272e-16,1.671,1.907e-16,180.7
15,k_proj,54475,0.0001443,0.0163,0.9836,0.4342,0.04264,0.5232,0.04618,0.07357,0.8802,3010,2.616,1692,2105
15,v_proj,54475,0.0001443,0.0163,0.9836,0.9253,0.007208,0.06752,0.4408,0.05727,0.5019,6414,0.4422,2.264e+04,3420
15,o_proj,54475,0.000465,0.01328,0.9863,0.0004537,0.03817,0.9614,9.336e-05,0.03103,0.9689,0.9757,2.875,0.6601,198.8
15,gate_proj,54475,0.00534,0.0203,0.9744,0.0001425,0.04743,0.9524,0.000286,0.05744,0.9423,0.02668,2.336,0.2395,357.4
15,up_proj,54475,0.00534,0.0203,0.9744,0.0002753,0.03937,0.9604,0.0005659,0.04851,0.9509,0.05155,1.939,0.4148,220.3
15,down_proj,54475,0.01321,0.02092,0.9659,0.0004359,0.03585,0.9637,0.002222,0.04558,0.9522,0.03298,1.714,0.5849,144.5
16,q_proj,54475,0.0001707,0.01612,0.9837,2.139e-18,0.02872,0.9713,1.595e-19,0.02921,0.9708,1.253e-14,1.782,3.19e-15,163.2
16,k_proj,54475,0.0001707,0.01612,0.9837,0.443,0.02907,0.5279,0.05627,0.05015,0.8936,2596,1.804,1362,476
16,v_proj,54475,0.0001707,0.01612,0.9837,0.9227,0.005392,0.0719,0.4757,0.03734,0.487,5406,0.3346,1.755e+04,319.5
16,o_proj,54475,0.0006008,0.01411,0.9853,0.0004384,0.03476,0.9648,0.0001193,0.03176,0.9681,0.7297,2.463,0.595,136.1
16,gate_proj,54475,0.003552,0.01964,0.9768,0.0001383,0.04096,0.9589,0.0001883,0.0482,0.9516,0.03895,2.086,0.2118,203.3
16,up_proj,54475,0.003552,0.01964,0.9768,0.0002012,0.03678,0.963,0.0002801,0.04392,0.9558,0.05664,1.873,0.2811,169.1
16,down_proj,54475,0.001612,0.0217,0.9767,0.0004341,0.033,0.9666,0.0002719,0.04303,0.9567,0.2692,1.521,0.5483,112.1
17,q_proj,54475,0.0001636,0.01573,0.9841,6.009e-20,0.01912,0.9809,4.346e-21,0.01911,0.9809,3.674e-16,1.216,9.11e-17,93.21
17,k_proj,54475,0.0001636,0.01573,0.9841,0.4913,0.02479,0.4839,0.06589,0.04592,0.8882,3004,1.576,1711,281.4
17,v_proj,54475,0.0001636,0.01573,0.9841,0.9441,0.003352,0.05255,0.5541,0.02694,0.4189,5772,0.2131,2.52e+04,224
17,o_proj,54475,0.0007212,0.01082,0.9885,0.0004366,0.03285,0.9667,0.0001497,0.02427,0.9756,0.6054,3.036,0.5549,119.8
17,gate_proj,54475,0.004021,0.0191,0.9769,0.0001593,0.0393,0.9605,0.0002453,0.04481,0.9549,0.03962,2.058,0.2289,233.8
17,up_proj,54475,0.004021,0.0191,0.9769,0.0002326,0.03541,0.9644,0.0003675,0.04083,0.9588,0.05785,1.854,0.3052,160.1
17,down_proj,54475,0.001152,0.02093,0.9779,0.0004432,0.03104,0.9685,0.0001986,0.03974,0.9601,0.3847,1.483,0.5201,87.59
18,q_proj,54475,0.0001718,0.01507,0.9848,2.296e-19,0.01915,0.9809,1.739e-20,0.01818,0.9818,1.336e-15,1.271,3.074e-16,85.67
18,k_proj,54475,0.0001718,0.01507,0.9848,0.5126,0.02488,0.4625,0.07499,0.04549,0.8795,2984,1.651,1594,350.2
18,v_proj,54475,0.0001718,0.01507,0.9848,0.9307,0.004535,0.06476,0.5108,0.03114,0.4581,5417,0.3009,1.803e+04,1774
18,o_proj,54475,0.0007192,0.009399,0.9899,0.0004492,0.02999,0.9696,0.0001531,0.02025,0.9796,0.6246,3.19,0.5275,82.26
18,gate_proj,54475,0.00419,0.01859,0.9772,0.0001453,0.0344,0.9655,0.0002386,0.03853,0.9612,0.03469,1.85,0.19,96.2
18,up_proj,54475,0.00419,0.01859,0.9772,0.000214,0.03101,0.9688,0.000358,0.0351,0.9645,0.05107,1.668,0.2599,75.97
18,down_proj,54475,0.001015,0.02029,0.9787,0.0004404,0.0288,0.9708,0.0001755,0.03566,0.9642,0.4337,1.42,0.4896,74.63
19,q_proj,54475,0.0001754,0.01525,0.9846,1.316e-19,0.01881,0.9812,1.014e-20,0.01813,0.9819,7.506e-16,1.234,1.71e-16,98.93
19,k_proj,54475,0.0001754,0.01525,0.9846,0.528,0.02228,0.4497,0.08117,0.04286,0.876,3011,1.461,1984,404.5
19,v_proj,54475,0.0001754,0.01525,0.9846,0.9488,0.00284,0.04832,0.5978,0.02184,0.3804,5411,0.1863,2.807e+04,242.2
19,o_proj,54475,0.0009303,0.01063,0.9884,0.0004491,0.02846,0.9711,0.0001944,0.02096,0.9788,0.4828,2.677,0.5025,78.09
19,gate_proj,54475,0.005061,0.01805,0.9769,0.0002242,0.03303,0.9667,0.0004478,0.03605,0.9635,0.04429,1.829,0.2799,109.9
19,up_proj,54475,0.005061,0.01805,0.9769,0.0002617,0.02873,0.971,0.0005331,0.03175,0.9677,0.05172,1.591,0.3032,71.16
19,down_proj,54475,0.02186,0.01948,0.9587,0.0004383,0.02694,0.9726,0.00378,0.0331,0.9631,0.02005,1.383,0.4652,72.9
20,q_proj,54475,0.0001908,0.01525,0.9846,6.17e-19,0.01693,0.9831,5.189e-20,0.01626,0.9837,3.233e-15,1.11,7.728e-16,228.9
20,k_proj,54475,0.0001908,0.01525,0.9846,0.4881,0.02019,0.4917,0.07605,0.03498,0.889,2558,1.324,1393,368.9
20,v_proj,54475,0.0001908,0.01525,0.9846,0.9076,0.003525,0.08892,0.4603,0.01981,0.5198,4756,0.2312,1.142e+04,171.6
20,o_proj,54475,0.0009881,0.01097,0.988,0.0004309,0.02642,0.9731,0.0002027,0.02007,0.9797,0.4361,2.409,0.4637,76.13
20,gate_proj,54475,0.005035,0.01784,0.9771,0.0001806,0.02946,0.9704,0.0003632,0.03221,0.9674,0.03587,1.651,0.2137,94.7
20,up_proj,54475,0.005035,0.01784,0.9771,0.0002144,0.02757,0.9722,0.0004384,0.03034,0.9692,0.04258,1.545,0.2357,67.93
20,down_proj,54475,0.003317,0.01887,0.9778,0.0004159,0.02537,0.9742,0.0005476,0.02976,0.9697,0.1254,1.344,0.4268,65.31
21,q_proj,54475,0.000346,0.01441,0.9852,1.047e-18,0.01295,0.987,1.601e-19,0.01175,0.9882,3.025e-15,0.8989,1.269e-15,63.92
21,k_proj,54475,0.000346,0.01441,0.9852,0.4829,0.01848,0.4986,0.1285,0.0281,0.8434,1396,1.282,1348,105.9
21,v_proj,54475,0.000346,0.01441,0.9852,0.8541,0.00613,0.1398,0.4837,0.0199,0.4964,2468,0.4255,7211,103.5
21,o_proj,54475,0.001522,0.01175,0.9867,0.0004322,0.02499,0.9746,0.0003003,0.01945,0.9802,0.2839,2.127,0.4474,69.03
21,gate_proj,54475,0.005827,0.01764,0.9765,0.0001666,0.02633,0.9735,0.0003901,0.02844,0.9712,0.02859,1.493,0.1915,83.47
21,up_proj,54475,0.005827,0.01764,0.9765,0.0002513,0.02468,0.9751,0.0005982,0.02681,0.9726,0.04313,1.399,0.2703,67.01
21,down_proj,54475,0.001847,0.01748,0.9807,0.0004152,0.02458,0.975,0.000306,0.02597,0.9737,0.2248,1.406,0.4106,68.27
22,q_proj,54475,0.0001923,0.01555,0.9843,1.872e-19,0.01326,0.9867,1.558e-20,0.01281,0.9872,9.737e-16,0.8527,2.195e-16,84.18
22,k_proj,54475,0.0001923,0.01555,0.9843,0.3902,0.01673,0.593,0.05257,0.02561,0.9218,2030,1.076,982.5,86.94
22,v_proj,54475,0.0001923,0.01555,0.9843,0.9109,0.003398,0.08571,0.4707,0.01954,0.5098,4738,0.2185,1.276e+04,106.8
22,o_proj,54475,0.0006015,0.007789,0.9916,0.0004225,0.02449,0.9751,0.0001173,0.01263,0.9873,0.7024,3.144,0.419,73.88
22,gate_proj,54475,0.006803,0.0172,0.976,0.0001379,0.02504,0.9748,0.0003776,0.02637,0.9733,0.02027,1.456,0.1488,86.19
22,up_proj,54475,0.006803,0.0172,0.976,0.0002637,0.02357,0.9762,0.0007323,0.02499,0.9743,0.03877,1.371,0.2675,66.75
22,down_proj,54475,0.04905,0.006889,0.9441,0.0004165,0.02389,0.9757,0.01864,0.02296,0.9584,0.008491,3.468,0.3976,67.87
23,q_proj,54475,0.0003014,0.01459,0.9851,4.573e-18,0.01365,0.9863,5.916e-19,0.01241,0.9876,1.517e-14,0.9355,4.974e-15,45.33
23,k_proj,54475,0.0003014,0.01459,0.9851,0.3239,0.02028,0.6558,0.0605,0.02522,0.9143,1075,1.39,695.8,194
23,v_proj,54475,0.0003014,0.01459,0.9851,0.8909,0.004477,0.1046,0.5263,0.01718,0.4565,2956,0.3068,9958,334.3
23,o_proj,54475,0.0006391,0.007156,0.9922,0.0004162,0.02348,0.9761,0.0001215,0.01085,0.989,0.6513,3.281,0.401,72.49
23,gate_proj,54475,0.005672,0.01641,0.9779,0.0001419,0.02247,0.9774,0.0003246,0.02262,0.9771,0.02502,1.37,0.1492,82.92
23,up_proj,54475,0.005672,0.01641,0.9779,0.0002093,0.02197,0.9778,0.0004847,0.02208,0.9774,0.03691,1.339,0.2077,89.8
23,down_proj,54475,0.01505,0.01489,0.9701,0.0004031,0.02304,0.9766,0.002481,0.0213,0.9762,0.02678,1.547,0.3762,67.79
24,q_proj,54475,0.0001961,0.01447,0.9853,1.059e-17,0.01045,0.9896,8.887e-19,0.009297,0.9907,5.4e-14,0.7223,1.156e-14,38.2
24,k_proj,54475,0.0001961,0.01447,0.9853,0.4124,0.01297,0.5746,0.05775,0.01852,0.9237,2103,0.8965,1063,134.8
24,v_proj,54475,0.0001961,0.01447,0.9853,0.8562,0.00374,0.14,0.3461,0.01512,0.6388,4366,0.2585,6382,73.38
24,o_proj,54475,0.000761,0.007202,0.992,0.00041,0.02309,0.9765,0.0001475,0.01114,0.9887,0.5387,3.206,0.3858,69.78
24,gate_proj,54475,0.004605,0.01596,0.9794,0.0001142,0.02133,0.9786,0.0002098,0.02099,0.9788,0.02481,1.337,0.1198,83.42
24,up_proj,54475,0.004605,0.01596,0.9794,0.0001636,0.02049,0.9793,0.0003052,0.02023,0.9795,0.03553,1.284,0.1607,59.26
24,down_proj,54475,0.001546,0.01521,0.9832,0.0004105,0.02266,0.9769,0.0002516,0.02085,0.9789,0.2655,1.49,0.3719,56.09
25,q_proj,54475,0.0001848,0.0146,0.9852,2.016e-17,0.00603,0.994,1.58e-18,0.005521,0.9945,1.091e-13,0.413,2.175e-14,24.17
25,k_proj,54475,0.0001848,0.0146,0.9852,0.4019,0.01338,0.5847,0.05141,0.01942,0.9292,2175,0.9164,1174,432.7
25,v_proj,54475,0.0001848,0.0146,0.9852,0.9398,0.001887,0.05828,0.5658,0.01272,0.4215,5086,0.1293,2.317e+04,163.7
25,o_proj,54475,0.0006693,0.005246,0.9941,0.0004341,0.02342,0.9761,0.0001454,0.009016,0.9908,0.6485,4.465,0.3979,60.57
25,gate_proj,54475,0.004492,0.01551,0.98,0.0001409,0.02178,0.9781,0.0002531,0.02107,0.9787,0.03136,1.404,0.1415,81.32
25,up_proj,54475,0.004492,0.01551,0.98,0.0002293,0.02091,0.9789,0.0004189,0.02021,0.9794,0.05106,1.348,0.2182,59.59
25,down_proj,54475,0.0008211,0.01459,0.9846,0.0004516,0.02331,0.9762,0.0001491,0.0212,0.9787,0.55,1.597,0.3996,49.24
26,q_proj,54475,0.0006387,0.01458,0.9848,1.462e-17,0.01479,0.9852,4.026e-18,0.01396,0.986,2.29e-14,1.014,1.619e-14,149.1
26,k_proj,54475,0.0006387,0.01458,0.9848,0.5336,0.01437,0.452,0.2451,0.02185,0.733,835.6,0.9854,1447,214.2
26,v_proj,54475,0.0006387,0.01458,0.9848,0.8426,0.004904,0.1525,0.6073,0.0114,0.3813,1319,0.3363,5350,56.85
26,o_proj,54475,0.001847,0.01058,0.9876,0.0004752,0.02366,0.9759,0.0004095,0.01683,0.9828,0.2573,2.236,0.4258,51.27
26,gate_proj,54475,0.004951,0.01567,0.9794,0.000171,0.02222,0.9776,0.0003417,0.02169,0.978,0.03454,1.418,0.1653,69.96
26,up_proj,54475,0.004951,0.01567,0.9794,0.000216,0.02262,0.9772,0.0004382,0.0221,0.9775,0.04363,1.444,0.1992,63.16
26,down_proj,54475,0.009899,0.01477,0.9753,0.000501,0.02364,0.9759,0.002064,0.02222,0.9757,0.05061,1.601,0.436,41.61
27,q_proj,54475,0.001035,0.0152,0.9838,6.522e-18,0.01266,0.9873,2.894e-18,0.01197,0.988,6.3e-15,0.8329,6.943e-15,32.62
27,k_proj,54475,0.001035,0.0152,0.9838,0.3839,0.0138,0.6023,0.2202,0.01669,0.7631,370.8,0.9078,692.7,136.8
27,v_proj,54475,0.001035,0.0152,0.9838,0.8008,0.005153,0.194,0.6468,0.008787,0.3444,773.6,0.3389,3533,52.06
27,o_proj,54475,0.001223,0.01034,0.9884,0.0005326,0.02432,0.9751,0.0002972,0.0163,0.9834,0.4354,2.351,0.4758,43.72
27,gate_proj,54475,0.005724,0.01591,0.9784,0.0002852,0.02379,0.9759,0.0006643,0.02336,0.976,0.04982,1.495,0.2681,54.68
27,up_proj,54475,0.005724,0.01591,0.9784,0.000578,0.0226,0.9768,0.001365,0.02224,0.9764,0.101,1.42,0.5176,37.52
27,down_proj,54475,0.01975,0.01528,0.965,0.0005512,0.02368,0.9758,0.004602,0.0231,0.9723,0.0279,1.549,0.4795,38.04
28,q_proj,54475,0.0009333,0.01502,0.984,8.014e-18,0.0138,0.9862,3.182e-18,0.01259,0.9874,8.587e-15,0.9183,8.775e-15,54.65
28,k_proj,54475,0.0009333,0.01502,0.984,0.2936,0.01518,0.6912,0.146,0.01731,0.8367,314.6,1.011,512,121.6
28,v_proj,54475,0.0009333,0.01502,0.984,0.8465,0.003993,0.1495,0.6939,0.007408,0.2987,907,0.2658,4185,136.2
28,o_proj,54475,0.0006355,0.008547,0.9908,0.0005482,0.02404,0.9754,0.0001603,0.01282,0.987,0.8627,2.812,0.4946,41.21
28,gate_proj,54475,0.003331,0.01591,0.9808,0.0002039,0.02164,0.9782,0.0002778,0.02116,0.9786,0.06122,1.36,0.188,52.1
28,up_proj,54475,0.003331,0.01591,0.9808,0.0001785,0.02134,0.9785,0.0002462,0.02087,0.9789,0.0536,1.341,0.1576,38.7
28,down_proj,54475,0.001321,0.01603,0.9826,0.0005684,0.02403,0.9754,0.0003078,0.02362,0.9761,0.4303,1.499,0.5038,35.9
29,q_proj,54475,0.0007078,0.01553,0.9838,2.624e-17,0.00904,0.991,7.852e-18,0.008565,0.9914,3.708e-14,0.5819,2.879e-14,38.94
29,k_proj,54475,0.0007078,0.01553,0.9838,0.3195,0.01279,0.6677,0.1249,0.01628,0.8588,451.4,0.8231,501.9,94.95
29,v_proj,54475,0.0007078,0.01553,0.9838,0.9255,0.001927,0.07259,0.7946,0.005225,0.2002,1308,0.1241,1.084e+04,49.08
29,o_proj,54475,0.0005511,0.006553,0.9929,0.0005801,0.02493,0.9745,0.0001573,0.01125,0.9886,1.053,3.804,0.5399,40.69
29,gate_proj,54475,0.002669,0.01582,0.9815,0.0001973,0.02209,0.9777,0.0002141,0.02142,0.9784,0.07394,1.397,0.1854,46.12
29,up_proj,54475,0.002669,0.01582,0.9815,0.0001894,0.02172,0.9781,0.0002085,0.02102,0.9788,0.07096,1.373,0.1704,33.11
29,down_proj,54475,0.000388,0.0164,0.9832,0.0006066,0.02494,0.9745,9.458e-05,0.02371,0.9762,1.563,1.521,0.5645,40.21
30,q_proj,54475,0.0006549,0.01494,0.9844,1.405e-17,0.01136,0.9886,3.889e-18,0.01037,0.9896,2.145e-14,0.7606,1.585e-14,30.69
30,k_proj,54475,0.0006549,0.01494,0.9844,0.3043,0.0113,0.6844,0.1112,0.01337,0.8755,464.6,0.7566,468.5,38.61
30,v_proj,54475,0.0006549,0.01494,0.9844,0.844,0.003801,0.1522,0.6106,0.008956,0.3805,1289,0.2544,4308,72.27
30,o_proj,54475,0.0005657,0.007951,0.9915,0.0006258,0.02547,0.9739,0.0001603,0.01203,0.9878,1.106,3.203,0.6135,45.55
30,gate_proj,54475,0.00228,0.01594,0.9818,0.0001698,0.02154,0.9783,0.0001553,0.02085,0.979,0.0745,1.351,0.1723,63.11
30,up_proj,54475,0.00228,0.01594,0.9818,0.0001372,0.02156,0.9783,0.0001279,0.02084,0.979,0.06018,1.353,0.1313,40.28
30,down_proj,54475,0.0001993,0.01641,0.9834,0.0006495,0.02584,0.9735,5.154e-05,0.02453,0.9754,3.259,1.574,0.6407,51.84
31,q_proj,54475,0.0005834,0.01449,0.9849,5.441e-18,0.01244,0.9876,1.334e-18,0.01094,0.9891,9.326e-15,0.8586,6.26e-15,37.68
31,k_proj,54475,0.0005834,0.01449,0.9849,0.3301,0.01342,0.6565,0.111,0.01608,0.8729,565.7,0.9263,545.4,55.87
31,v_proj,54475,0.0005834,0.01449,0.9849,0.826,0.005811,0.1681,0.5531,0.0136,0.4333,1416,0.4011,4209,114.4
31,o_proj,54475,0.0003561,0.007699,0.9919,0.0006761,0.02592,0.9734,0.0001071,0.01106,0.9888,1.899,3.367,0.7069,59.69
31,gate_proj,54475,0.001986,0.01568,0.9823,0.0002037,0.022,0.9778,0.0001619,0.02076,0.9791,0.1026,1.403,0.2164,58.82
31,up_proj,54475,0.001986,0.01568,0.9823,0.0001642,0.02198,0.9779,0.0001333,0.02068,0.9792,0.08271,1.401,0.1647,43.01
31,down_proj,54475,0.0001758,0.01703,0.9828,0.0007259,0.02647,0.9728,4.98e-05,0.02496,0.975,4.129,1.555,0.7716,74.65
32,q_proj,54475,0.0004274,0.01564,0.9839,1.016e-17,0.009595,0.9904,1.824e-18,0.009119,0.9909,2.377e-14,0.6137,1.257e-14,32.05
32,k_proj,54475,0.0004274,0.01564,0.9839,0.3487,0.01589,0.6354,0.08837,0.02226,0.8894,815.8,1.017,670.3,353.4
32,v_proj,54475,0.0004274,0.01564,0.9839,0.9157,0.002736,0.08156,0.6672,0.01103,0.3218,2142,0.175,1.15e+04,298.8
32,o_proj,54475,0.0003758,0.009255,0.9904,0.0007356,0.02669,0.9726,0.000122,0.01524,0.9846,1.957,2.884,0.8182,82
32,gate_proj,54475,0.001872,0.01576,0.9824,0.0002078,0.0228,0.977,0.0001537,0.02142,0.9784,0.111,1.447,0.2319,65.54
32,up_proj,54475,0.001872,0.01576,0.9824,0.0002279,0.02243,0.9773,0.0001728,0.02104,0.9788,0.1217,1.423,0.2383,54.32
32,down_proj,54475,0.0001558,0.01753,0.9823,0.0008216,0.02723,0.9719,4.92e-05,0.02741,0.9725,5.273,1.554,0.9333,90.89
33,q_proj,54475,0.0004632,0.01511,0.9844,6.125e-18,0.01116,0.9888,1.2e-18,0.01018,0.9898,1.322e-14,0.7383,8.191e-15,54.35
33,k_proj,54475,0.0004632,0.01511,0.9844,0.3857,0.01361,0.6006,0.1116,0.01802,0.8704,832.9,0.9009,746,223.6
33,v_proj,54475,0.0004632,0.01511,0.9844,0.8723,0.003484,0.1242,0.5827,0.0106,0.4067,1883,0.2305,5852,101.6
33,o_proj,54475,0.000353,0.007165,0.9925,0.0008427,0.02759,0.9716,0.0001422,0.01166,0.9882,2.387,3.85,1.014,102.9
33,gate_proj,54475,0.001998,0.01573,0.9823,0.0003128,0.02476,0.9749,0.0002487,0.02323,0.9765,0.1566,1.575,0.3792,107.4
33,up_proj,54475,0.001998,0.01573,0.9823,0.0003046,0.02363,0.9761,0.0002486,0.02218,0.9776,0.1525,1.503,0.3436,71.96
33,down_proj,54475,0.0002199,0.01743,0.9824,0.0009619,0.02814,0.9709,8.141e-05,0.02785,0.9721,4.375,1.615,1.198,113.7
34,q_proj,54475,0.0003228,0.01537,0.9843,3.444e-18,0.01147,0.9885,4.647e-19,0.01058,0.9894,1.067e-14,0.746,5.067e-15,76.73
34,k_proj,54475,0.0003228,0.01537,0.9843,0.3417,0.02361,0.6347,0.06749,0.03084,0.9017,1058,1.536,977,387.5
34,v_proj,54475,0.0003228,0.01537,0.9843,0.9275,0.004319,0.06814,0.6508,0.01982,0.3294,2873,0.281,2.247e+04,829.9
34,o_proj,54475,0.000129,0.007976,0.9919,0.000974,0.02778,0.9713,5.481e-05,0.01422,0.9857,7.55,3.482,1.265,124
34,gate_proj,54475,0.002088,0.0156,0.9823,0.0003762,0.0255,0.9741,0.0003079,0.0234,0.9763,0.1801,1.635,0.5334,135.9
34,up_proj,54475,0.002088,0.0156,0.9823,0.0002789,0.02327,0.9765,0.0002348,0.02147,0.9783,0.1336,1.492,0.3521,99.03
34,down_proj,54475,0.0001528,0.01694,0.9829,0.001098,0.02832,0.9706,6.066e-05,0.02786,0.9721,7.183,1.672,1.466,137.4
35,q_proj,54475,0.0005173,0.01548,0.984,5.417e-17,0.01903,0.981,1.184e-17,0.01798,0.982,1.047e-13,1.23,7.877e-14,98.47
35,k_proj,54475,0.0005173,0.01548,0.984,0.4229,0.01744,0.5597,0.1383,0.02459,0.8372,817.5,1.127,939.6,190
35,v_proj,54475,0.0005173,0.01548,0.984,0.8467,0.005856,0.1474,0.5504,0.01679,0.4328,1637,0.3784,5610,125
35,o_proj,54475,0.0003479,0.01071,0.9889,0.001105,0.02825,0.9706,0.000184,0.02013,0.9797,3.175,2.637,1.539,148.5
35,gate_proj,54475,0.002189,0.01553,0.9823,0.0003485,0.02533,0.9743,0.0002984,0.02322,0.9765,0.1592,1.631,0.5334,165.9
35,up_proj,54475,0.002189,0.01553,0.9823,0.0003874,0.02309,0.9765,0.000343,0.02135,0.9783,0.177,1.487,0.5192,97.45
35,down_proj,54475,0.0001324,0.01718,0.9827,0.001257,0.02878,0.97,5.765e-05,0.02664,0.9733,9.49,1.675,1.778,164.2
36,q_proj,54475,0.0002503,0.01527,0.9845,2.145e-18,0.0101,0.9899,2.246e-19,0.009444,0.9906,8.57e-15,0.6616,5.145e-15,132.9
36,k_proj,54475,0.0002503,0.01527,0.9845,0.2656,0.02583,0.7086,0.03655,0.0317,0.9318,1061,1.692,1089,528.8
36,v_proj,54475,0.0002503,0.01527,0.9845,0.9445,0.002569,0.05295,0.6519,0.0157,0.3324,3774,0.1683,2.814e+04,310.4
36,o_proj,54475,0.0001494,0.007431,0.9924,0.001267,0.0288,0.9699,8.601e-05,0.01582,0.9841,8.477,3.876,1.901,183.2
36,gate_proj,54475,0.002268,0.01511,0.9826,0.0003891,0.02604,0.9736,0.000338,0.02329,0.9764,0.1716,1.723,0.6384,231.7
36,up_proj,54475,0.002268,0.01511,0.9826,0.0003979,0.02376,0.9758,0.0003553,0.02133,0.9783,0.1755,1.572,0.5509,140
36,down_proj,54475,0.000248,0.01581,0.9839,0.001465,0.02968,0.9689,0.0001249,0.02589,0.974,5.907,1.877,2.256,192.5
37,q_proj,54475,0.0002474,0.01563,0.9841,6.68e-18,0.0186,0.9814,6.705e-19,0.01824,0.9818,2.7e-14,1.19,1.102e-14,210.2
37,k_proj,54475,0.0002474,0.01563,0.9841,0.3819,0.0231,0.595,0.05762,0.03552,0.9069,1544,1.478,1117,917.3
37,v_proj,54475,0.0002474,0.01563,0.9841,0.9336,0.003102,0.06331,0.592,0.01969,0.3883,3773,0.1984,2.062e+04,868.3
37,o_proj,54475,0.0001535,0.0123,0.9875,0.001467,0.02946,0.9691,8.619e-05,0.02899,0.9709,9.56,2.396,2.344,203.9
37,gate_proj,54475,0.002431,0.01503,0.9825,0.0004513,0.02713,0.9724,0.0004089,0.02409,0.9755,0.1857,1.806,0.8285,288.3
37,up_proj,54475,0.002431,0.01503,0.9825,0.0004166,0.02456,0.975,0.0003891,0.02195,0.9777,0.1714,1.635,0.6226,175.7
37,down_proj,54475,0.0002896,0.01589,0.9838,0.001714,0.03024,0.968,0.0001684,0.02685,0.973,5.917,1.903,2.787,207
38,q_proj,54475,0.000233,0.01521,0.9846,2.383e-18,0.01424,0.9858,2.374e-19,0.01328,0.9867,1.023e-14,0.9363,3.991e-15,181.7
38,k_proj,54475,0.000233,0.01521,0.9846,0.3604,0.02037,0.6192,0.05168,0.02898,0.9193,1547,1.339,837.5,494.3
38,v_proj,54475,0.000233,0.01521,0.9846,0.9339,0.002443,0.06368,0.582,0.01488,0.4032,4007,0.1606,1.542e+04,151
38,o_proj,54475,0.0001854,0.00915,0.9907,0.001722,0.03024,0.968,0.0001648,0.01714,0.9827,9.289,3.305,2.924,220.5
38,gate_proj,54475,0.002444,0.01498,0.9826,0.000425,0.02759,0.972,0.0003777,0.02418,0.9754,0.1739,1.842,0.8721,350.5
38,up_proj,54475,0.002444,0.01498,0.9826,0.0004398,0.02527,0.9743,0.0004053,0.02226,0.9773,0.18,1.687,0.7259,200.6
38,down_proj,54475,0.000124,0.01563,0.9842,0.002023,0.031,0.967,8.2e-05,0.02656,0.9734,16.32,1.984,3.497,216.8
39,q_proj,54475,0.000261,0.01539,0.9844,1.625e-17,0.01341,0.9866,1.736e-18,0.01292,0.9871,6.228e-14,0.8716,3.662e-14,333.3
39,k_proj,54475,0.000261,0.01539,0.9844,0.3611,0.01983,0.6191,0.05615,0.02892,0.9149,1384,1.289,1011,446.5
39,v_proj,54475,0.000261,0.01539,0.9844,0.8991,0.003609,0.0973,0.4947,0.01744,0.4879,3445,0.2345,1.119e+04,172.5
39,o_proj,54475,0.0002496,0.009651,0.9901,0.002033,0.03103,0.9669,0.000232,0.01846,0.9813,8.142,3.215,3.622,230.4
39,gate_proj,54475,0.002577,0.01496,0.9825,0.0005578,0.02776,0.9717,0.0005159,0.02408,0.9754,0.2165,1.856,1.23,342.3
39,up_proj,54475,0.002577,0.01496,0.9825,0.000718,0.02483,0.9745,0.0006894,0.02167,0.9776,0.2786,1.66,1.239,183.3
39,down_proj,54475,0.0003433,0.01511,0.9845,0.002412,0.03203,0.9656,0.0002729,0.02558,0.9741,7.026,2.119,4.342,237.5
40,q_proj,54475,0.0002145,0.01564,0.9841,5.337e-18,0.01722,0.9828,4.714e-19,0.01702,0.983,2.489e-14,1.101,1.216e-14,166.6
40,k_proj,54475,0.0002145,0.01564,0.9841,0.4422,0.02413,0.5336,0.06304,0.03969,0.8973,2062,1.543,1652,276.9
40,v_proj,54475,0.0002145,0.01564,0.9841,0.9426,0.002718,0.05463,0.5863,0.01888,0.3948,4395,0.1738,2.525e+04,343.4
40,o_proj,54475,0.0001257,0.008865,0.991,0.002413,0.03186,0.9657,0.0001337,0.0182,0.9817,19.21,3.593,4.444,245.9
40,gate_proj,54475,0.002739,0.01489,0.9824,0.0006355,0.02833,0.971,0.0006081,0.02408,0.9753,0.232,1.902,1.663,401.1
40,up_proj,54475,0.002739,0.01489,0.9824,0.0005637,0.02628,0.9732,0.0005631,0.02247,0.977,0.2058,1.765,1.122,205.1
40,down_proj,54475,0.0007475,0.01486,0.9844,0.002846,0.03263,0.9645,0.0007024,0.02485,0.9745,3.808,2.196,5.189,239.5
41,q_proj,54475,0.0002072,0.01608,0.9837,5.889e-17,0.01314,0.9869,4.734e-18,0.01301,0.987,2.843e-13,0.817,1.675e-13,224.6
41,k_proj,54475,0.0002072,0.01608,0.9837,0.278,0.03199,0.69,0.02956,0.04559,0.9248,1342,1.99,1148,3606
41,v_proj,54475,0.0002072,0.01608,0.9837,0.9443,0.002251,0.05346,0.5807,0.01691,0.4024,4558,0.14,3.166e+04,776.4
41,o_proj,54475,0.0001602,0.01003,0.9898,0.002836,0.03259,0.9646,0.000193,0.02378,0.976,17.71,3.248,5.354,251.9
41,gate_proj,54475,0.002936,0.01491,0.9822,0.0008685,0.02921,0.9699,0.0008579,0.02453,0.9746,0.2958,1.959,2.593,487.5
41,up_proj,54475,0.002936,0.01491,0.9822,0.0008439,0.02688,0.9723,0.0008776,0.02311,0.976,0.2874,1.803,1.907,244.7
41,down_proj,54475,0.001599,0.0144,0.984,0.003342,0.03328,0.9634,0.00174,0.02609,0.9722,2.089,2.311,6.13,236.4
42,q_proj,54475,0.0002642,0.01585,0.9839,2.465e-17,0.02015,0.9798,2.575e-18,0.02131,0.9787,9.33e-14,1.271,8.069e-14,523
42,k_proj,54475,0.0002642,0.01585,0.9839,0.3408,0.0377,0.6215,0.04727,0.05581,0.8969,1290,2.379,1986,2998
42,v_proj,54475,0.0002642,0.01585,0.9839,0.9308,0.003726,0.06549,0.5582,0.02308,0.4187,3523,0.2351,3.049e+04,550.3
42,o_proj,54475,0.0002356,0.01106,0.9887,0.003345,0.03315,0.9635,0.0003155,0.02616,0.9735,14.2,2.996,6.213,238.8
42,gate_proj,54475,0.002931,0.01484,0.9822,0.001131,0.02876,0.9701,0.001092,0.02364,0.9753,0.386,1.938,3.619,433.2
42,up_proj,54475,0.002931,0.01484,0.9822,0.004426,0.02766,0.9679,0.004532,0.02338,0.9721,1.51,1.863,10.87,277.6
42,down_proj,54475,0.000815,0.01364,0.9855,0.003988,0.03402,0.962,0.001099,0.02546,0.9734,4.893,2.495,7.098,226.2
43,q_proj,54475,0.0003146,0.01577,0.9839,4.923e-18,0.01017,0.9898,6.388e-19,0.009926,0.9901,1.565e-14,0.6452,1.988e-14,349.7
43,k_proj,54475,0.0003146,0.01577,0.9839,0.3546,0.02087,0.6245,0.06046,0.02937,0.9102,1127,1.324,1824,477.7
43,v_proj,54475,0.0003146,0.01577,0.9839,0.9274,0.00256,0.07006,0.6218,0.0133,0.3649,2948,0.1624,2.492e+04,314.3
43,o_proj,54475,0.0001492,0.006339,0.9935,0.004033,0.03426,0.9617,0.0003146,0.01332,0.9864,27.04,5.405,7.389,237.5
43,gate_proj,54475,0.0036,0.01481,0.9816,0.003945,0.03022,0.9658,0.004833,0.025,0.9702,1.096,2.04,12.55,469.2
43,up_proj,54475,0.0036,0.01481,0.9816,0.008857,0.02772,0.9634,0.0114,0.02384,0.9648,2.46,1.872,22.05,225.5
43,down_proj,54475,0.001842,0.01376,0.9844,0.004734,0.03447,0.9608,0.003155,0.02632,0.9705,2.57,2.506,8.298,218.5
44,q_proj,54475,0.0002946,0.01553,0.9842,1.192e-17,0.01796,0.982,1.434e-18,0.01882,0.9812,4.047e-14,1.156,2.381e-14,349.7
44,k_proj,54475,0.0002946,0.01553,0.9842,0.3152,0.02369,0.6611,0.05008,0.03277,0.9171,1070,1.525,928.7,561.2
44,v_proj,54475,0.0002946,0.01553,0.9842,0.8637,0.005193,0.1311,0.4253,0.02074,0.5539,2931,0.3344,8648,269.5
44,o_proj,54475,0.0003,0.008793,0.9909,0.00478,0.0348,0.9604,0.0006677,0.01968,0.9797,15.93,3.958,8.653,235.2
44,gate_proj,54475,0.01019,0.0146,0.9752,0.006483,0.02976,0.9638,0.02325,0.02479,0.952,0.6361,2.038,19.3,465.1
44,up_proj,54475,0.01019,0.0146,0.9752,0.01835,0.02817,0.9535,0.06694,0.02307,0.91,1.8,1.93,42.03,243.6
44,down_proj,54475,0.7026,0.003933,0.2934,0.005508,0.03473,0.9598,0.8371,0.00437,0.1585,0.007839,8.83,9.425,204
45,q_proj,54475,0.0004238,0.0158,0.9838,1.003e-16,0.01431,0.9857,1.766e-17,0.01527,0.9847,2.367e-13,0.9058,5.193e-13,1504
45,k_proj,54475,0.0004238,0.0158,0.9838,0.2377,0.03353,0.7288,0.04719,0.0409,0.9119,560.8,2.123,1419,2828
45,v_proj,54475,0.0004238,0.0158,0.9838,0.8937,0.004885,0.1014,0.5863,0.01854,0.3952,2109,0.3093,1.101e+04,381.4
45,o_proj,54475,0.0003011,0.008188,0.9915,0.005502,0.03459,0.9599,0.0008514,0.01791,0.9812,18.27,4.225,9.623,212.1
45,gate_proj,54475,0.01454,0.01461,0.9708,0.02887,0.02904,0.9421,0.1402,0.02218,0.8377,1.986,1.988,83.68,357.7
45,up_proj,54475,0.01454,0.01461,0.9708,0.1446,0.02354,0.8318,0.492,0.01254,0.4954,9.947,1.611,345.5,255.7
45,down_proj,54475,0.5191,0.007005,0.4739,0.005924,0.0336,0.9605,0.7387,0.007465,0.2539,0.01141,4.797,9.629,178.3
46,q_proj,54475,0.000696,0.01515,0.9842,3.434e-17,0.02626,0.9737,9.869e-18,0.02614,0.9739,4.933e-14,1.733,1.28e-13,1937
46,k_proj,54475,0.000696,0.01515,0.9842,0.4327,0.02823,0.5391,0.1714,0.03966,0.789,621.6,1.864,1813,2185
46,v_proj,54475,0.000696,0.01515,0.9842,0.7698,0.008254,0.2219,0.4982,0.01724,0.4845,1106,0.5449,3933,95.19
46,o_proj,54475,0.0003521,0.009849,0.9898,0.005921,0.03379,0.9603,0.0009963,0.01935,0.9797,16.82,3.431,9.818,183.3
46,gate_proj,54475,0.03834,0.01377,0.9479,0.306,0.01819,0.6758,0.8788,0.002736,0.1185,7.982,1.321,925.9,190.4
46,up_proj,54475,0.03834,0.01377,0.9479,0.1686,0.01917,0.8122,0.7739,0.004562,0.2215,4.398,1.392,244.2,70.9
46,down_proj,54475,0.02642,0.01476,0.9588,0.00403,0.03017,0.9658,0.0581,0.02551,0.9164,0.1525,2.044,5.534,108.2
47,q_proj,54475,0.005115,0.01412,0.9808,7.892e-14,0.02307,0.9769,1.716e-13,0.0211,0.9789,1.543e-11,1.634,1.634e-10,480.4
47,k_proj,54475,0.005115,0.01412,0.9808,0.3339,0.03092,0.6351,0.5057,0.01965,0.4746,65.29,2.19,952.4,352.5
47,v_proj,54475,0.005115,0.01412,0.9808,0.6125,0.02935,0.3582,0.78,0.01508,0.2049,119.7,2.078,1348,132.2
47,o_proj,54475,0.09878,0.02226,0.879,0.00362,0.02988,0.9665,0.1405,0.04256,0.817,0.03664,1.342,4.96,107.4
47,gate_proj,54475,0.002675,0.01349,0.9838,0.004439,0.01914,0.9764,0.005099,0.01488,0.98,1.659,1.419,3.911,39.75
47,up_proj,54475,0.002675,0.01349,0.9838,0.001165,0.01841,0.9804,0.001283,0.01434,0.9844,0.4357,1.365,0.6325,10.45
47,down_proj,54475,0.01326,0.01788,0.9689,0.001687,0.0246,0.9737,0.008027,0.02558,0.9664,0.1273,1.376,1.069,24.35
