layer,proj,quantizer,rows,cols,n_dead_cols,clip_frac,clip_frac_rtn,comp_disp,comp_disp_rel,wdisp_gptq,wdisp_rtn,obj_gptq,obj_rtn,obj_gptq_alt,obj_rtn_alt,hdiag_alt_corr,send_total,send_top1pct,send_top16_cols,hdiag_max_over_mean,cond_damped,awq_alpha,obj_awq,obj_awq_alt,protected
0,q_proj,gptq,4096,4096,0,0.001959860324859619,0.001447439193725586,26.218832137941483,0.004483698897925373,365.72430419921875,482.68939208984375,20.26509666442871,74.86592102050781,26.92173194885254,62.51034927368164,0.982268214225769,24.617568969726562,0.5239285230636597,"2871,2650,3303,1669,565,1421,891,2646,87,162,2082,1727,1800,194,3608,29",613.0956420898438,,,,,0
0,k_proj,gptq,1024,4096,0,0.0019288063049316406,0.0014109611511230469,18.322521373406328,0.0060195351067650745,210.40609741210938,285.19085693359375,13.703571319580078,29.85651969909668,19.222347259521484,25.975547790527344,0.982268214225769,17.381492614746094,0.5426297187805176,"2871,2650,3303,565,1669,1421,2646,891,87,1727,162,2082,194,1800,3608,29",613.0956420898438,,,,,0
0,v_proj,gptq,1024,4096,0,0.0018894672393798828,0.0014576911926269531,0.07834612995043648,0.0003578738484126258,13.118946075439453,17.150089263916016,0.11147098243236542,0.43858110904693604,0.10256071388721466,0.34837889671325684,0.982268214225769,0.07510621845722198,0.22221875190734863,"2650,2871,1669,565,3303,1421,891,2646,87,1800,194,2082,162,1727,3183,3608",613.0956420898438,,,,,0
0,o_proj,gptq,4096,4096,0,0.001976907253265381,0.0014528632164001465,1.960907125480702,0.0016811096889718805,85.24602508544922,74.64352416992188,0.008079368621110916,0.012571033090353012,0.011336155235767365,0.012472154572606087,0.5945128202438354,1.9414184093475342,0.2708466053009033,"285,3129,357,372,314,272,383,263,1341,386,336,344,354,157,229,244",100.36190032958984,,,,,0
0,gate_proj,gptq,14336,4096,0,0.001980032239641462,0.0015205144882202148,10.727558463070135,0.0011143448502229719,585.37744140625,599.827880859375,7.327032566070557,10.697928428649902,8.965103149414062,10.877683639526367,0.6468554735183716,10.7185697555542,0.11770617961883545,"3303,2871,607,1669,1759,47,709,2650,630,1262,2560,2261,2555,3902,891,1856",15.964418411254883,,,,,0
0,up_proj,gptq,14336,4096,0,0.0019765070506504606,0.0015333890914916992,8.135980303024745,0.0010063981700418057,482.81317138671875,487.1895446777344,6.0090131759643555,8.61789321899414,7.205502510070801,8.767976760864258,0.6468554735183716,8.139959335327148,0.10240521281957626,"3303,2871,607,1669,1759,47,2650,709,630,1262,2560,3902,2555,891,2261,417",15.964418411254883,,,,,0
0,down_proj,gptq,4096,14336,0,0.0019537040165492465,0.0015303066798618861,7.602147854639043,0.0009368854979330748,506.3045654296875,502.564697265625,0.03376942127943039,0.058749884366989136,0.06481239199638367,0.30712229013442993,0.9984935522079468,7.301145553588867,0.3882923424243927,"8268,491,10585,2605,8001,6337,11579,8509,378,12829,8479,14005,10002,4999,13768,8733",3447.137939453125,,,,,0
1,q_proj,gptq,4096,4096,0,0.001974165439605713,0.0014661550521850586,11.128810459242965,0.001766927854155688,378.35809326171875,447.267333984375,21.24947738647461,65.33383178710938,32.56732940673828,59.747314453125,0.8463622331619263,11.019838333129883,0.2836141884326935,"3405,1306,709,3572,1935,979,3837,1856,3261,1472,2560,866,444,2261,3266,1902",110.48065948486328,,,,,0
1,k_proj,gptq,1024,4096,0,0.0019838809967041016,0.0014238357543945312,6.8439889936405685,0.002168984795349579,189.06527709960938,252.30661010742188,12.50440788269043,37.967079162597656,19.699859619140625,35.934226989746094,0.8463622331619263,6.803225040435791,0.30595633387565613,"3405,3572,709,1306,1935,979,1856,866,3261,1472,3837,2261,444,3829,541,2560",110.48065948486328,,,,,0
1,v_proj,gptq,1024,4096,0,0.00197601318359375,0.001458883285522461,0.11016156293755774,0.0003287276192227074,19.377708435058594,20.0921573638916,0.34230396151542664,1.6034200191497803,0.4202604591846466,1.477109432220459,0.8463622331619263,0.10809056460857391,0.2132338136434555,"979,3405,709,1856,2560,630,1306,866,3261,1472,3572,2261,3837,1935,541,2456",110.48065948486328,,,,,0
1,o_proj,gptq,4096,4096,0,0.0019758939743041992,0.0014309883117675781,2.7109852313179204,0.0017630829890300987,110.13601684570312,94.35546875,0.02124038338661194,0.028189390897750854,0.018390029668807983,0.019762929528951645,0.4632430672645569,2.650381088256836,0.21996699273586273,"2612,2988,2657,2429,2643,2682,2589,2567,2579,2620,2996,2587,2635,2610,2608,2576",32.34223556518555,,,,,0
1,gate_proj,gptq,14336,4096,0,0.001982178006853376,0.001510483877999442,9.252429326340303,0.0009367126311948078,578.6746215820312,588.916748046875,13.86100959777832,19.184837341308594,17.033252716064453,21.900503158569336,0.45703914761543274,9.224575996398926,0.0938744843006134,"1759,630,1884,1268,47,3475,717,2456,1463,3488,3476,1985,2595,1075,1791,1262",6.8920159339904785,,,,,0
1,up_proj,gptq,14336,4096,0,0.001980900764465332,0.0015382255826677596,7.538007632101519,0.000900185206986083,489.48236083984375,498.0574951171875,11.675606727600098,16.186620712280273,14.352404594421387,18.38202476501465,0.45703914761543274,7.50862455368042,0.08628302812576294,"1759,1884,630,47,1268,3475,3488,2456,717,3476,1463,2595,1985,1075,3837,1262",6.8920159339904785,,,,,0
1,down_proj,gptq,4096,14336,0,0.001939875738961356,0.0015341384070260184,11.819017736368462,0.0014157651633597299,497.8323059082031,505.77691650390625,16.539596557617188,28.772605895996094,289.7514343261719,504.9549255371094,0.9999955296516418,10.403393745422363,0.999989926815033,"198,2427,6412,591,12657,12638,8396,626,8915,73,9581,8570,1383,2973,1856,4392",14134.45703125,,,,,0
2,q_proj,gptq,4096,4096,0,0.0019783973693847656,0.0014724135398864746,7.737539168787493,0.0013186457834717749,344.4694519042969,400.66815185546875,68.5397720336914,135.90476989746094,78.03018188476562,112.48234558105469,0.9270395636558533,7.683035373687744,0.27998727560043335,"3475,3488,4028,1075,431,3476,643,2456,1515,1812,766,2993,509,2300,979,1370",39.03578186035156,,,,,0
2,k_proj,gptq,1024,4096,0,0.0019943714141845703,0.0014426708221435547,5.841664996099921,0.0017745683532041276,198.04820251464844,238.23416137695312,48.12799072265625,81.20001983642578,54.56011962890625,66.46176147460938,0.9270395636558533,5.73853874206543,0.27562204003334045,"3475,3488,4028,1075,1515,431,3476,643,2456,766,2993,1812,2300,979,2283,1884",39.03578186035156,,,,,0
2,v_proj,gptq,1024,4096,0,0.001977205276489258,0.0014660358428955078,0.11702214293405173,0.0005102999113848366,13.323945045471191,13.664560317993164,1.6476560831069946,4.158054351806641,1.8530936241149902,3.4852190017700195,0.9270395636558533,0.11726230382919312,0.18235789239406586,"3488,3475,1075,4028,431,643,1515,766,1812,2300,3476,2456,1370,2993,509,1109",39.03578186035156,,,,,0
2,o_proj,gptq,4096,4096,0,0.001983344554901123,0.0014508366584777832,1.7870113200442574,0.001383236066892824,90.3255844116211,77.22854614257812,0.03165631741285324,0.05040409415960312,0.0661824643611908,0.073052778840065,0.4375869035720825,1.7799400091171265,0.2825835347175598,"2938,1947,2682,1819,3418,2810,3546,2868,3290,2612,3162,3066,1691,1563,3849,3872",179.01510620117188,,,,,0
2,gate_proj,gptq,14336,4096,0,0.0019672768456595285,0.0015110969543457031,8.181378232693328,0.0007892816402546517,600.8133544921875,609.7561645507812,22.071950912475586,29.376922607421875,27.569549560546875,32.00861358642578,0.48630645871162415,8.186049461364746,0.09625594317913055,"1384,4062,2978,3008,2082,709,2088,162,2992,3608,630,3596,2629,1884,2005,2219",13.675288200378418,,,,,0
2,up_proj,gptq,14336,4096,0,0.0019734586988176617,0.0015302385602678572,6.311882542456753,0.0007608868404998228,480.789794921875,485.20831298828125,17.63576889038086,23.243610382080078,21.98108673095703,25.33910369873047,0.48630645871162415,6.310983180999756,0.08184600621461868,"1384,4062,2978,3008,2082,709,2088,162,2992,3608,630,3596,1884,2629,2219,2005",13.675288200378418,,,,,0
2,down_proj,gptq,4096,14336,0,0.001964637211390904,0.0015378509249005998,7.449591827240511,0.0008904378593038898,499.31365966796875,501.4869689941406,0.11780659854412079,0.15795597434043884,0.12977823615074158,0.14613951742649078,0.5798314213752747,7.396024703979492,0.2167435586452484,"4786,6850,6879,5668,5843,4380,3328,2708,7259,7799,11125,9805,5217,11950,7146,13135",282.9792785644531,,,,,0
3,q_proj,gptq,4096,4096,0,0.0019623637199401855,0.0014557838439941406,5.376589203802951,0.0009101413979855554,342.91558837890625,363.045166015625,53.06505584716797,101.816162109375,62.04588317871094,89.24485778808594,0.811664879322052,5.35963249206543,0.2351226806640625,"2978,2265,2261,3183,4028,3585,866,2219,1800,3266,1884,431,3869,1856,3008,2456",67.63926696777344,,,,,0
3,k_proj,gptq,1024,4096,0,0.0019533634185791016,0.0014827251434326172,3.308885653675361,0.0010104183217184452,190.28628540039062,199.9972381591797,30.476268768310547,56.79951858520508,36.128692626953125,49.82623291015625,0.811664879322052,3.2902441024780273,0.24712184071540833,"2978,2265,2261,3183,4028,3585,866,2219,3008,3266,1800,1856,431,2456,3869,2088",67.63926696777344,,,,,0
3,v_proj,gptq,1024,4096,0,0.0019583702087402344,0.0014171600341796875,0.19314331055160494,0.0006083160323101682,18.475040435791016,18.745445251464844,2.589069366455078,4.41896390914917,2.8994107246398926,4.073265552520752,0.811664879322052,0.1928214132785797,0.14064519107341766,"2978,3183,2265,2261,4028,3585,866,2219,3008,1800,3869,3266,1884,1856,2560,979",67.63926696777344,,,,,0
3,o_proj,gptq,4096,4096,0,0.0019712448120117188,0.0014421343803405762,2.168042422358212,0.001289017193639183,105.86652374267578,96.98197937011719,0.052174221724271774,0.08270011842250824,0.05042554438114166,0.062014222145080566,0.6679456830024719,2.1635608673095703,0.14779894053936005,"2132,1587,4082,1715,2516,3954,737,4045,3222,1195,3917,64,3826,1843,2388,1142",41.68775177001953,,,,,0
3,gate_proj,gptq,14336,4096,0,0.0019662550517490934,0.001483508518763951,9.030679556891421,0.0007850707488048577,665.848388671875,677.510498046875,36.596412658691406,48.57062530517578,44.592002868652344,51.53472900390625,0.41794803738594055,9.032222747802734,0.10773404687643051,"2082,1384,3008,2978,2629,2088,1800,4062,3596,2992,3608,709,3183,2261,2219,1656",11.848862648010254,,,,,0
3,up_proj,gptq,14336,4096,0,0.0019774436950683594,0.0015344279153006418,6.034651069079325,0.0007508822018410583,465.2430419921875,471.7669372558594,25.50078582763672,33.71031188964844,30.789562225341797,35.735939025878906,0.41794803738594055,6.032065391540527,0.09237315505743027,"2082,3008,1384,2978,2629,1800,4062,2088,3596,3608,2992,3183,709,2219,630,2261",11.848862648010254,,,,,0
3,down_proj,gptq,4096,14336,0,0.0019567864281790598,0.0015323843274797713,6.572891740401133,0.0008213230219527102,475.20965576171875,475.1307373046875,0.22353507578372955,0.2948102056980133,0.23760244250297546,0.2656863331794739,0.42547523975372314,6.5257368087768555,0.161617249250412,"7539,5869,6390,4721,10078,94,1679,2145,5296,161,7677,11093,14087,7088,5278,2399",176.4246826171875,,,,,0
4,q_proj,gptq,4096,4096,0,0.0019658803939819336,0.0014581680297851562,5.8677947020917145,0.0010151541483233596,336.8783264160156,367.02313232421875,50.99151611328125,102.03392791748047,58.65828323364258,87.16839599609375,0.8332902193069458,5.852531433105469,0.2829429507255554,"2978,2261,2265,3183,3585,1856,991,1800,314,866,2560,2456,4028,3909,1731,2219",76.50951385498047,,,,,0
4,k_proj,gptq,1024,4096,0,0.001947641372680664,0.0014252662658691406,3.8264770282594327,0.00120157411962319,185.59124755859375,209.3358612060547,30.26276969909668,59.13172149658203,35.15602111816406,52.404052734375,0.8332902193069458,3.7794246673583984,0.29682835936546326,"2978,2261,2265,3183,1800,1856,3585,991,2560,314,866,3266,3008,2456,1421,1731",76.50951385498047,,,,,0
4,v_proj,gptq,1024,4096,0,0.0019981861114501953,0.0014574527740478516,0.17657913312754836,0.00048333262895648753,21.020240783691406,21.55921745300293,2.491054058074951,4.960979461669922,2.7353515625,4.377575874328613,0.8332902193069458,0.17763949930667877,0.16494615375995636,"2978,2265,2261,3183,1856,1800,3585,991,2560,314,866,2456,4028,3596,1731,1656",76.50951385498047,,,,,0
4,o_proj,gptq,4096,4096,0,0.0019863247871398926,0.0014728903770446777,2.378523868273078,0.0013597819427332196,117.60852813720703,100.9365005493164,0.11438921838998795,0.18926435708999634,0.11629211902618408,0.14494094252586365,0.7367448806762695,2.353443145751953,0.14528989791870117,"1976,2083,1138,2467,2168,841,3248,3504,1848,1266,2211,1720,2339,585,3120,969",109.29633331298828,,,,,0
4,gate_proj,gptq,14336,4096,0,0.0019649948392595562,0.0014507259641374861,9.995757603407768,0.0007903424705448971,730.7764892578125,753.5820922851562,51.06010818481445,70.05104064941406,62.73259735107422,73.704833984375,0.48408007621765137,9.978057861328125,0.134576678276062,"1800,2082,788,2261,2629,2978,3183,3008,709,2088,2219,2265,2646,1384,2992,3596",18.897836685180664,,,,,0
4,up_proj,gptq,14336,4096,0,0.0019700186593191965,0.0015277862548828125,5.889655227468108,0.0007648168126257836,447.92230224609375,463.1741943359375,31.185020446777344,42.92903137207031,38.021484375,45.170310974121094,0.48408007621765137,5.871944427490234,0.1186177134513855,"1800,788,2978,2261,2082,3183,2629,3008,709,2088,2219,2265,2646,1384,2992,3596",18.897836685180664,,,,,0
4,down_proj,gptq,4096,14336,0,0.0019570929663521902,0.0015288591384887695,6.803077964398653,0.0008873697694329828,463.5638427734375,460.5587158203125,0.39642012119293213,0.5310686826705933,0.4150907099246979,0.4600476622581482,0.2898716926574707,6.767256259918213,0.11810031533241272,"12934,6929,6012,13271,6603,2900,7372,3869,3672,11126,6190,442,10711,11701,2968,13623",113.02124786376953,,,,,0
5,q_proj,gptq,4096,4096,0,0.0019661784172058105,0.0014513134956359863,6.11546510765038,0.001066232335593073,336.3066101074219,372.316162109375,74.98638916015625,133.71278381347656,83.63700866699219,114.16084289550781,0.8655616641044617,6.0602006912231445,0.2528861463069916,"2265,991,3183,2261,3585,3488,2456,3869,1856,2978,1800,2088,2303,1731,866,709",65.29485321044922,,,,,0
5,k_proj,gptq,1024,4096,0,0.0019865036010742188,0.0014460086822509766,4.420955366011185,0.0013801722966967763,191.3472900390625,221.44610595703125,49.16355895996094,79.18742370605469,55.614898681640625,71.10428619384766,0.8655616641044617,4.3443989753723145,0.2559676170349121,"2265,991,2261,3488,2456,2978,1856,3869,1731,3585,3183,2088,1109,42,3632,2560",65.29485321044922,,,,,0
5,v_proj,gptq,1024,4096,0,0.0019881725311279297,0.0014252662658691406,0.13423706736978147,0.0005257504334496964,14.701574325561523,15.204387664794922,2.449448585510254,4.865732669830322,2.649930477142334,4.230386734008789,0.8655616641044617,0.13402673602104187,0.1705545037984848,"2265,2261,991,3183,1800,2978,2456,866,3869,3585,1059,1856,3488,709,3632,1731",65.29485321044922,,,,,0
5,o_proj,gptq,4096,4096,0,0.0019773244857788086,0.0014412403106689453,2.188286366200373,0.0014558463639913939,100.98915100097656,87.85175323486328,0.15939980745315552,0.29853224754333496,0.1201467290520668,0.18281957507133484,0.8358725309371948,2.192197322845459,0.15885041654109955,"4024,691,2373,3768,563,819,2245,2117,3896,947,2501,1400,1144,1272,1528,2014",60.30219268798828,,,,,0
5,gate_proj,gptq,14336,4096,0,0.0019723517554146902,0.0014587811061314174,10.002567120484876,0.000793742261265323,728.49755859375,745.5868530273438,61.735111236572266,85.06024169921875,74.6272201538086,86.88658905029297,0.5293276309967041,10.011248588562012,0.15310050547122955,"1800,2261,709,3183,2629,2978,2082,2265,2646,1421,788,2992,3008,2088,3585,2219",24.494840621948242,,,,,0
5,up_proj,gptq,14336,4096,0,0.001971449170793806,0.0015335253306797572,5.858588294513497,0.0007519585872864232,452.2282409667969,462.74871826171875,38.172603607177734,52.52431106567383,45.54867172241211,53.65864181518555,0.5293276309967041,5.864202499389648,0.12887994945049286,"1800,2261,709,2629,3183,2978,2082,2265,2646,1421,788,2992,3008,2088,3585,2219",24.494840621948242,,,,,0
5,down_proj,gptq,4096,14336,0,0.001966919217790876,0.0015253339494977678,6.964388889578004,0.0009001013150803797,464.4305419921875,462.97003173828125,0.5713151097297668,0.7780044078826904,0.5815602540969849,0.6497727632522583,0.7614224553108215,6.950956344604492,0.12245175987482071,"7012,2365,7994,1282,7156,3396,2472,2657,13851,7951,3685,14319,5229,4685,10014,6857",328.23553466796875,,,,,0
6,q_proj,gptq,4096,4096,0,0.001979231834411621,0.0014418959617614746,5.469810039780441,0.0009177202055745731,345.6058654785156,359.1954650878906,65.31757354736328,118.01296997070312,74.71589660644531,104.62712097167969,0.8262466788291931,5.471221923828125,0.3157758116722107,"2265,2261,3585,1800,2646,3183,2932,2485,682,3266,2978,709,1731,1421,2303,1059",88.44703674316406,,,,,0
6,k_proj,gptq,1024,4096,0,0.0019729137420654297,0.001451730728149414,3.57021808730633,0.001114196868311364,186.22731018066406,198.3019561767578,38.07874298095703,67.84905242919922,43.66571044921875,60.39117431640625,0.8262466788291931,3.5870985984802246,0.343243807554245,"2265,2261,3585,1800,2646,3183,2932,3266,682,2978,709,1731,2485,1421,2088,2943",88.44703674316406,,,,,0
6,v_proj,gptq,1024,4096,0,0.001947641372680664,0.0014262199401855469,0.14419524556124586,0.0004818907912307828,17.206680297851562,17.667613983154297,2.681682825088501,5.192605018615723,2.918501377105713,4.727588176727295,0.8262466788291931,0.1447315812110901,0.17560040950775146,"2265,2261,3585,1800,2646,3183,2978,682,2932,2485,709,1731,1421,3266,3881,1059",88.44703674316406,,,,,0
6,o_proj,gptq,4096,4096,0,0.00196683406829834,0.0014505386352539062,2.145744646221374,0.0013124135980373231,104.72613525390625,94.01312255859375,0.25685423612594604,0.4539784789085388,0.16773882508277893,0.2748181223869324,0.8312190771102905,2.144253969192505,0.1367814689874649,"2872,1582,3506,803,2616,1710,1443,3378,1838,2162,3250,931,2744,3122,1966,3721",39.70135498046875,,,,,0
6,gate_proj,gptq,14336,4096,0,0.0019735097885131836,0.0014597347804478236,10.267295626265813,0.0008093273285117369,733.631103515625,748.795654296875,68.95219421386719,96.58465576171875,83.23115539550781,97.98370361328125,0.5688492059707642,10.25485897064209,0.18551678955554962,"1800,2261,2082,709,2646,2629,1421,3183,2265,788,2978,2485,1189,2992,3008,2088",26.096351623535156,,,,,0
6,up_proj,gptq,14336,4096,0,0.001979436193193708,0.0015308346067156111,5.853695029773293,0.0007518330493230577,450.4619140625,459.3338928222656,42.09070587158203,58.62110900878906,50.050296783447266,59.69063186645508,0.5688492059707642,5.85266637802124,0.15422801673412323,"1800,2261,2082,709,2646,2629,3183,1421,2978,2265,788,2485,1189,3008,2992,2219",26.096351623535156,,,,,0
6,down_proj,gptq,4096,14336,0,0.0019530568804059709,0.001530357769557408,7.00407541038021,0.0009066337925336915,465.0289611816406,462.0094299316406,0.7077823877334595,0.9802035093307495,0.7291882038116455,0.8115792274475098,0.7716811299324036,6.98526668548584,0.08673620969057083,"5866,1392,4315,10831,5134,10420,10788,847,13218,6371,8885,3259,11890,7152,8948,10113",345.3338317871094,,,,,0
7,q_proj,gptq,4096,4096,0,0.0019777417182922363,0.0014640092849731445,4.721766023198143,0.0008561219760730939,320.29656982421875,331.5418701171875,60.21915817260742,112.08154296875,68.94810485839844,100.48477935791016,0.8086303472518921,4.72706937789917,0.3445200026035309,"2265,3585,2261,2932,2485,1800,1815,2303,3183,2646,3266,1731,1189,2977,709,1059",67.0513687133789,,,,,0
7,k_proj,gptq,1024,4096,0,0.001965045928955078,0.0014178752899169922,3.2252172904627514,0.0009895799835796814,188.99270629882812,196.46031188964844,37.47181701660156,69.04402923583984,43.33808135986328,61.105953216552734,0.8086303472518921,3.2182483673095703,0.36231255531311035,"2265,3585,2261,2932,2485,1800,1815,3183,3266,1731,1059,2303,2646,709,133,1189",67.0513687133789,,,,,0
7,v_proj,gptq,1024,4096,0,0.001985788345336914,0.0014545917510986328,0.17120378686945514,0.0005869770012116518,16.848682403564453,17.25387191772461,2.8664674758911133,5.21254301071167,3.1960787773132324,4.762964248657227,0.8086303472518921,0.17076104879379272,0.2338380217552185,"2265,2932,3585,2261,1800,2485,1815,3183,1731,3881,2646,709,1189,3266,2977,1162",67.0513687133789,,,,,0
7,o_proj,gptq,4096,4096,0,0.0019778013229370117,0.0014523863792419434,2.2142192095689097,0.0013128301920301315,109.79049682617188,96.2704086303711,0.3819407522678375,0.7051174640655518,0.2653084695339203,0.5131629705429077,0.8137401938438416,2.184983253479004,0.11605565994977951,"3506,1195,659,915,3250,3122,1323,175,787,1451,2251,2123,3776,431,2507,2831",39.88141632080078,,,,,0
7,gate_proj,gptq,14336,4096,0,0.001978754997253418,0.00146223817552839,10.076434994748297,0.0008239465477734585,709.9295654296875,726.5219116210938,69.64350891113281,98.66796112060547,84.82853698730469,100.9557113647461,0.5974758863449097,10.04554557800293,0.21630826592445374,"2261,1800,2629,2082,2646,2485,709,1189,1421,3183,2265,2932,2978,1658,3881,3008",24.226158142089844,,,,,0
7,up_proj,gptq,14336,4096,0,0.0019625936235700336,0.0015238864081246512,6.192877254699056,0.0007757357474446965,465.17059326171875,478.79864501953125,45.35722351074219,64.29981994628906,54.728721618652344,65.5823974609375,0.5974758863449097,6.172410011291504,0.18529535830020905,"2261,1800,2629,2082,2485,2646,1189,709,1421,2265,3183,2932,2978,3008,1658,3881",24.226158142089844,,,,,0
7,down_proj,gptq,4096,14336,0,0.0019509962626865932,0.0015250614711216518,7.3092448693951155,0.0009217559668050365,483.8591613769531,484.5751647949219,0.8070645928382874,1.113128423690796,0.8770053386688232,0.9760199785232544,0.7887588739395142,7.269543647766113,0.09027339518070221,"1460,6673,12209,13018,2317,10087,14181,10948,9639,5038,2201,1994,8496,13525,3629,6205",240.4922637939453,,,,,0
8,q_proj,gptq,4096,4096,0,0.0019668936729431152,0.0014396905899047852,5.698572926405177,0.0010327328421465935,325.11944580078125,350.06072998046875,78.03787231445312,143.86614990234375,89.70706176757812,129.40838623046875,0.7923821210861206,5.6914567947387695,0.446380615234375,"2932,1815,2261,1189,3231,2485,133,1800,2265,1731,709,3881,1565,3516,912,1162",90.20523834228516,,,,,0
8,k_proj,gptq,1024,4096,0,0.001973390579223633,0.001455545425415039,4.2254987197957234,0.0013383695739572158,189.95614624023438,212.39450073242188,50.293235778808594,90.33516693115234,58.02296447753906,81.19998168945312,0.7923821210861206,4.209578990936279,0.47577306628227234,"2932,1815,1189,133,2261,3231,3881,2265,1731,2485,912,1800,3266,1162,3516,2692",90.20523834228516,,,,,0
8,v_proj,gptq,1024,4096,0,0.0019567012786865234,0.0014498233795166016,0.16282660196816323,0.00050218503756412,18.956777572631836,19.479230880737305,3.71412992477417,6.790785312652588,4.066763877868652,6.127131462097168,0.7923821210861206,0.16213418543338776,0.24528633058071136,"2932,1815,2261,1189,133,3881,1800,2485,1731,3231,912,3516,2265,1162,3266,709",90.20523834228516,,,,,0
8,o_proj,gptq,4096,4096,0,0.0020006299018859863,0.0014560222625732422,2.489731472191579,0.0014152004509151962,118.73606872558594,100.6371841430664,0.5127988457679749,0.9214150309562683,0.31565529108047485,0.625479519367218,0.8072452545166016,2.4783198833465576,0.11105304211378098,"1505,1121,2254,3796,1249,4052,1810,2590,1377,516,2510,2382,772,2846,3668,1554",44.1856575012207,,,,,0
8,gate_proj,gptq,14336,4096,0,0.0019725050245012555,0.0014670235770089285,9.919701261491433,0.0008065834564265102,715.224853515625,728.7716674804688,74.24906921386719,104.36254119873047,91.62420654296875,106.839599609375,0.5822382569313049,9.912975311279297,0.23123566806316376,"2261,2629,1800,2082,709,2485,1189,1421,2646,1658,2932,3881,2265,3183,912,3266",28.04645347595215,,,,,0
8,up_proj,gptq,14336,4096,0,0.0019690138953072684,0.0015227113451276506,6.007472094341885,0.0007576018700484108,463.384521484375,472.16778564453125,47.79335403442383,66.84190368652344,58.068603515625,69.06845092773438,0.5822382569313049,5.988758087158203,0.1964450627565384,"2261,2629,1800,2082,709,1189,2485,2646,1421,2932,1658,3881,2265,3266,912,3183",28.04645347595215,,,,,0
8,down_proj,gptq,4096,14336,0,0.001969507762363979,0.0015297957829066686,7.682132324824579,0.0009725247809650991,481.0860290527344,479.63037109375,0.886685848236084,1.2031004428863525,0.9004834890365601,0.9956154823303223,0.3987138569355011,7.6608123779296875,0.09036994725465775,"13044,12312,1846,6601,7331,64,9373,8590,7503,1156,11141,405,9197,7955,2451,319",16.969160079956055,,,,,0
9,q_proj,gptq,4096,4096,0,0.001960277557373047,0.0014553070068359375,5.4282095387461595,0.0009868406549285993,323.9363098144531,332.0709228515625,76.31803894042969,134.09930419921875,88.1534652709961,121.96134948730469,0.7707841992378235,5.409884452819824,0.4835355579853058,"2932,1815,1189,133,3266,1162,3881,291,2261,3231,1731,709,1298,2943,3516,2485",104.49607849121094,,,,,0
9,k_proj,gptq,1024,4096,0,0.0019485950469970703,0.00144195556640625,4.006324760237476,0.0012821693693638296,185.36570739746094,195.06707763671875,47.291160583496094,81.83235931396484,54.56539535522461,78.57184600830078,0.7707841992378235,3.998910427093506,0.5491525530815125,"2932,1815,1189,133,3881,3266,1162,1731,2261,3231,709,2265,2485,3516,1298,291",104.49607849121094,,,,,0
9,v_proj,gptq,1024,4096,0,0.001982450485229492,0.0014219284057617188,0.24924086313967564,0.0005732202091720636,25.85807991027832,26.108247756958008,5.3057098388671875,8.516805648803711,5.881917476654053,8.128026962280273,0.7707841992378235,0.24726881086826324,0.27098748087882996,"1815,2932,1189,133,2261,2265,2485,3266,1731,3881,1162,3231,912,1800,291,709",104.49607849121094,,,,,0
9,o_proj,gptq,4096,4096,0,0.0019757747650146484,0.001456916332244873,2.8150741858698893,0.0013985699072545745,143.50619506835938,115.02003479003906,0.672844648361206,1.2299139499664307,0.4660373628139496,0.8511319160461426,0.7858219742774963,2.818312644958496,0.09416050463914871,"2102,1274,1159,1530,2486,1287,2358,2230,1146,1402,220,1415,3357,1031,2434,1516",51.53444290161133,,,,,0
9,gate_proj,gptq,14336,4096,0,0.0019705125263759066,0.00145702702658517,10.607454923912883,0.0008421705013982214,736.7661743164062,754.1690673828125,78.25027465820312,111.72434997558594,96.30755615234375,112.72006225585938,0.5802919268608093,10.582681655883789,0.22577281296253204,"2261,1800,2629,2082,761,709,1189,1658,2646,2485,1421,912,2265,3881,2932,3183",29.515247344970703,,,,,0
9,up_proj,gptq,14336,4096,0,0.0019652502877371652,0.0015262705939156668,6.415793124644551,0.0007932596143364033,474.6430969238281,486.4151916503906,50.099403381347656,71.16650390625,61.055152893066406,72.68336486816406,0.5802919268608093,6.404459476470947,0.1941741704940796,"2261,1800,2629,709,2082,761,2485,1189,1658,2646,1421,912,3881,2265,2932,3183",29.515247344970703,,,,,0
9,down_proj,gptq,4096,14336,0,0.0019647564206804547,0.0015231541224888393,7.821346660921336,0.0009831074658763872,483.93707275390625,479.5780029296875,0.9899387955665588,1.4017927646636963,0.9894192218780518,1.0880540609359741,0.8544895052909851,7.820570945739746,0.08243594318628311,"4255,11928,12724,4597,1065,8641,4373,13777,4704,7204,4796,4204,12500,4387,9500,963",290.59613037109375,,,,,0
10,q_proj,gptq,4096,4096,0,0.001960575580596924,0.0014577507972717285,6.127075138458167,0.0010757780789429744,339.248779296875,363.2750549316406,91.96284484863281,163.88148498535156,105.38760375976562,146.45968627929688,0.8066478967666626,6.0593976974487305,0.4644542336463928,"2932,1189,1815,133,2261,1162,3881,3266,3231,2485,3516,1731,709,912,291,2692",98.46491241455078,,,,,0
10,k_proj,gptq,1024,4096,0,0.0019659996032714844,0.001447439193725586,4.678023486863822,0.0014608297825414957,194.68389892578125,222.09999084472656,59.231719970703125,108.62777709960938,69.47830200195312,98.70966339111328,0.8066478967666626,4.673079490661621,0.5203874111175537,"2932,1189,1815,133,2261,3881,2485,3266,3516,1731,291,709,912,3231,1162,2265",98.46491241455078,,,,,0
10,v_proj,gptq,1024,4096,0,0.0019714832305908203,0.0014467239379882812,0.15919824564298324,0.0004899227347076438,19.001920700073242,19.495655059814453,4.070668697357178,7.851114273071289,4.646570205688477,7.250430107116699,0.8066478967666626,0.15869462490081787,0.25797802209854126,"2932,1189,133,1815,3881,3266,2261,1162,1731,3231,2485,912,3516,2265,291,709",98.46491241455078,,,,,0
10,o_proj,gptq,4096,4096,0,0.001994609832763672,0.0014579296112060547,2.369341552286869,0.0013634475999361065,117.627685546875,98.99272918701172,0.5984458923339844,1.100541353225708,0.3533174693584442,0.7063624858856201,0.8487537503242493,2.383077621459961,0.12376947700977325,"4021,129,385,257,1520,3765,3637,983,855,1264,1259,2558,1,3893,1136,727",62.897525787353516,,,,,0
10,gate_proj,gptq,14336,4096,0,0.0019649948392595562,0.0014636857169015066,9.90080912981648,0.000823359064633803,703.4376220703125,712.7099609375,76.26213836669922,107.107666015625,92.93295288085938,107.92547607421875,0.6175167560577393,9.875885009765625,0.2167513221502304,"2261,761,2082,1800,2629,709,1421,2485,1658,1189,2646,2742,3881,912,2265,2992",36.7729377746582,,,,,0
10,up_proj,gptq,14336,4096,0,0.001969661031450544,0.0015296765736171178,6.386598570505157,0.0007671852658472819,486.560546875,492.0576171875,52.4484748840332,73.0309066772461,63.31023406982422,73.4537353515625,0.6175167560577393,6.37366247177124,0.1817099004983902,"2261,761,2082,1800,2629,709,2485,1189,1421,3881,1658,2646,912,2742,2265,2992",36.7729377746582,,,,,0
10,down_proj,gptq,4096,14336,0,0.0019546917506626676,0.001518573079790388,7.841796871787665,0.0009598022731668472,490.05322265625,484.989990234375,1.0371122360229492,1.4345905780792236,1.1648156642913818,1.2947396039962769,0.5106649398803711,7.824563026428223,0.08436491340398788,"14295,11570,1656,5755,8888,6730,13914,7035,2277,12648,2226,14115,4452,9961,2911,4582",234.00436401367188,,,,,0
11,q_proj,gptq,4096,4096,0,0.001965463161468506,0.001462697982788086,4.682882122899173,0.0009070537730164884,303.077880859375,308.0514221191406,77.52471923828125,137.678466796875,89.55284118652344,127.26068878173828,0.803222119808197,4.659848213195801,0.4795370399951935,"2932,1189,1815,291,133,3266,3881,1162,2485,912,2261,709,1731,3231,1298,2692",107.28886413574219,,,,,0
11,k_proj,gptq,1024,4096,0,0.0019707679748535156,0.001445770263671875,3.6987316929153167,0.0011795297402700613,186.94244384765625,196.24679565429688,51.52958679199219,92.13345336914062,60.696319580078125,88.38737487792969,0.803222119808197,3.683872699737549,0.5438897609710693,"2932,1189,1815,291,133,3266,3881,2261,912,1162,2485,3231,709,1731,1298,2265",107.28886413574219,,,,,0
11,v_proj,gptq,1024,4096,0,0.0019989013671875,0.0014395713806152344,0.20167766087251948,0.0006431213583271263,18.517250061035156,18.64691162109375,4.3304901123046875,7.479019641876221,4.810777187347412,6.95738410949707,0.803222119808197,0.2005562037229538,0.36010774970054626,"2932,1189,1815,133,291,3266,3881,2485,912,2261,1731,3231,1162,2265,709,1298",107.28886413574219,,,,,0
11,o_proj,gptq,4096,4096,0,0.0019840002059936523,0.0014619827270507812,2.309770234654934,0.0012817712384248002,116.00349426269531,103.86540985107422,0.67249995470047,1.4604946374893188,0.35253459215164185,1.2126716375350952,0.8167323470115662,2.3029091358184814,0.10942277312278748,"1303,2122,1047,1404,810,17,554,682,1550,2800,2091,938,2506,3056,1431,3531",28.2453670501709,,,,,0
11,gate_proj,gptq,14336,4096,0,0.0019598007202148438,0.0014716386795043945,9.719476863334421,0.0008294690435045685,687.5528564453125,705.2094116210938,77.65303039550781,111.57317352294922,95.14163208007812,112.12250518798828,0.6333133578300476,9.699596405029297,0.23931916058063507,"2261,761,1800,1421,2082,2742,2485,2629,2265,709,3183,2646,1658,3881,3266,2978",40.740230560302734,,,,,0
11,up_proj,gptq,14336,4096,0,0.0019688265664236887,0.0015317542212350027,6.298249879211653,0.0007478343426521351,493.04217529296875,501.9439697265625,55.1050910949707,78.27897644042969,66.16334533691406,79.42694091796875,0.6333133578300476,6.294956207275391,0.1921791136264801,"2261,1800,761,1421,2082,2742,2485,2629,709,2265,2646,3183,1658,3881,3266,912",40.740230560302734,,,,,0
11,down_proj,gptq,4096,14336,0,0.001961554799761091,0.0015138898577008928,7.968259065681195,0.0009619872867501836,505.9171142578125,501.35711669921875,1.1003025770187378,1.5307748317718506,1.0817784070968628,1.1994378566741943,0.945243775844574,7.95351505279541,0.08847576379776001,"11321,3032,10961,9288,3328,7903,11824,8711,12263,1803,12269,13638,11926,9734,13317,5133",390.5073547363281,,,,,0
12,q_proj,gptq,4096,4096,0,0.001963973045349121,0.0014519691467285156,4.8086309805139535,0.0009115004727393382,309.6619873046875,316.06317138671875,67.193359375,120.18741607666016,79.54346466064453,111.61827087402344,0.8249366283416748,4.825765609741211,0.4839322566986084,"2932,291,3266,1189,1815,133,2485,912,3881,1162,2261,2692,3231,2265,709,2303",81.59487915039062,,,,,0
12,k_proj,gptq,1024,4096,0,0.0019490718841552734,0.0014634132385253906,3.148239243640546,0.0010551584049896424,175.2310333251953,177.78530883789062,39.60820770263672,69.8241958618164,46.822052001953125,64.99483489990234,0.8249366283416748,3.141404151916504,0.5279020667076111,"2932,3266,291,1189,1815,133,3881,2485,912,2261,2265,1162,709,2692,3231,2303",81.59487915039062,,,,,0
12,v_proj,gptq,1024,4096,0,0.001964092254638672,0.0014069080352783203,0.27884147128469294,0.0006462224371918282,25.618379592895508,25.70086097717285,5.115033149719238,8.129011154174805,5.858604907989502,7.881686210632324,0.8249366283416748,0.2784091830253601,0.3404485583305359,"2932,3266,1189,291,1815,912,2485,133,2261,3881,1162,2265,3231,709,1800,2692",81.59487915039062,,,,,0
12,o_proj,gptq,4096,4096,0,0.0019767284393310547,0.0014668107032775879,2.4976157917117234,0.001245970696469638,123.61092376708984,113.67904663085938,0.8562346696853638,1.6358407735824585,0.44866281747817993,0.983221173286438,0.6377355456352234,2.4874749183654785,0.09103725105524063,"1947,3794,1563,2479,2095,2223,1819,2351,2852,3666,1691,1604,2724,1641,1630,1558",73.82679748535156,,,,,0
12,gate_proj,gptq,14336,4096,0,0.0019717386790684293,0.0014670746667044504,10.2772746628616,0.0008985033769038921,672.7600708007812,703.2506713867188,76.17814636230469,112.79541015625,91.18870544433594,111.490234375,0.6194690465927124,10.198822021484375,0.2791634500026703,"761,2261,1800,2742,2485,1421,2082,3881,1189,2629,709,3266,912,2646,2265,3183",49.56857681274414,,,,,0
12,up_proj,gptq,14336,4096,0,0.001968179430280413,0.0015172106879098074,6.862257111002691,0.0007850911510515743,512.0618896484375,528.49853515625,56.89892578125,82.87103271484375,67.26240539550781,82.98725128173828,0.6194690465927124,6.8138017654418945,0.2294025868177414,"2261,1800,761,2485,3881,2082,1421,2742,2629,1189,3266,709,2646,912,2265,3183",49.56857681274414,,,,,0
12,down_proj,gptq,4096,14336,0,0.0019616399492536274,0.001514247485569545,8.825461695672857,0.001035272405933787,532.6779174804688,527.359375,1.2714333534240723,1.7834538221359253,1.1959692239761353,1.3799428939819336,0.8242083191871643,8.763801574707031,0.10939288884401321,"13860,4319,13868,1559,13806,1576,10372,7328,4900,11262,2976,1138,4265,10867,7470,13973",232.7982940673828,,,,,0
13,q_proj,gptq,4096,4096,0,0.0019735097885131836,0.0014820694923400879,4.991675697121536,0.0009291037535318612,316.267822265625,319.252685546875,89.2558364868164,153.7819366455078,99.45588684082031,146.6013946533203,0.7914413213729858,4.982911109924316,0.509939968585968,"2932,1189,133,291,3266,1162,1815,3231,3516,1298,3881,2692,709,2485,2943,912",101.63634490966797,,,,,0
13,k_proj,gptq,1024,4096,0,0.0019791126251220703,0.0014498233795166016,5.213214943789353,0.001652456983789733,189.41346740722656,204.88304138183594,64.5245361328125,108.7464599609375,76.37800598144531,106.0413818359375,0.7914413213729858,5.189770698547363,0.6394721865653992,"2932,1189,133,291,1162,3266,1815,3231,3516,1298,3881,2485,709,2692,912,2977",101.63634490966797,,,,,0
13,v_proj,gptq,1024,4096,0,0.001975536346435547,0.001447916030883789,0.25051510955199774,0.0006694613720889836,21.885265350341797,22.025714874267578,5.674736499786377,9.188210487365723,6.153450012207031,8.911410331726074,0.7914413213729858,0.24973289668560028,0.4052075445652008,"2932,1189,133,1815,3266,291,3231,1162,3881,3516,1298,2485,709,912,2692,1731",101.63634490966797,,,,,0
13,o_proj,gptq,4096,4096,0,0.0019919276237487793,0.0014730095863342285,2.649289572294581,0.0013782604991715193,121.906494140625,109.4592514038086,0.9752005338668823,2.1099061965942383,0.4554845094680786,1.1349215507507324,0.6960524320602417,2.5778396129608154,0.09229234606027603,"2313,2185,2441,3908,3780,4061,3541,2057,1105,4036,3655,352,480,3157,1117,224",33.05573272705078,,,,,0
13,gate_proj,gptq,14336,4096,0,0.001957416534423828,0.001463038580758231,10.846466986462474,0.0009465524594941895,673.882568359375,713.8060913085938,81.31700134277344,122.969482421875,96.34484100341797,119.41558837890625,0.604353129863739,10.792258262634277,0.2659410536289215,"761,2742,2261,1800,2082,1421,1658,2629,2485,2978,3183,1805,912,2646,2265,3881",57.07975387573242,,,,,0
13,up_proj,gptq,14336,4096,0,0.0019674982343401226,0.0015102454594203404,6.987730958731845,0.0007929320763780728,514.1527709960938,532.4190673828125,60.35651779174805,89.59835815429688,69.94941711425781,87.59385681152344,0.604353129863739,6.951108932495117,0.2020716518163681,"761,2261,2742,1800,2082,1421,2629,1658,2978,2485,3183,3881,912,2646,1805,2613",57.07975387573242,,,,,0
13,down_proj,gptq,4096,14336,0,0.001956394740513393,0.0015072822570800781,8.604532769233629,0.0010081061784106386,521.74560546875,516.2089233398438,1.4467756748199463,2.1032567024230957,1.2831556797027588,1.5155717134475708,0.9301916360855103,8.572932243347168,0.10042732954025269,"8310,4208,1317,9281,1125,12316,5102,7832,10479,9455,5026,4935,5418,8985,8818,8959",405.0982360839844,,,,,0
14,q_proj,gptq,4096,4096,0,0.0019559264183044434,0.0014807581901550293,5.237951161980163,0.0010142827326520886,308.40496826171875,329.88690185546875,90.25048828125,167.11614990234375,102.13432312011719,157.64468383789062,0.8026668429374695,5.139493942260742,0.4822750389575958,"2932,1189,133,1815,291,1162,3266,2485,3516,3231,3881,709,1298,2943,2692,912",94.60211944580078,,,,,0
14,k_proj,gptq,1024,4096,0,0.0019965171813964844,0.001451730728149414,5.504261591806426,0.0017772331518066296,189.92398071289062,218.11285400390625,69.27406311035156,123.60015869140625,81.9810562133789,119.41204833984375,0.8026668429374695,5.460345268249512,0.5966753363609314,"2932,1189,133,3266,1162,291,3516,3881,1815,2485,1298,3231,709,2943,2977,912",94.60211944580078,,,,,0
14,v_proj,gptq,1024,4096,0,0.00194549560546875,0.0014667510986328125,0.30285610023042864,0.0008248839864143918,22.020992279052734,23.463672637939453,6.046259880065918,10.451449394226074,6.620295524597168,9.906112670898438,0.8026668429374695,0.301180899143219,0.42156147956848145,"2932,1189,133,291,3266,3231,1815,1162,3516,2485,709,912,3881,1298,1039,2692",94.60211944580078,,,,,0
14,o_proj,gptq,4096,4096,0,0.0019853711128234863,0.0014542341232299805,2.6725019376343653,0.001403773466435302,128.9283447265625,109.71073913574219,1.1159181594848633,2.0179991722106934,0.501535952091217,1.0678811073303223,0.7829387784004211,2.6653220653533936,0.08872657269239426,"3396,1423,1532,2492,1276,1404,1148,2494,1039,2364,2457,3425,2617,3980,3001,2108",29.302112579345703,,,,,0
14,gate_proj,gptq,14336,4096,0,0.0019471985953194754,0.0014639922550746373,11.8429810248781,0.0009894415109311645,702.8545532226562,757.6505126953125,95.93891906738281,144.62783813476562,111.23196411132812,137.3836212158203,0.5904211401939392,11.795954704284668,0.2593500316143036,"761,2742,2261,1800,2082,1421,1658,3183,2978,2613,2629,2485,1805,912,2265,2646",51.68475341796875,,,,,0
14,up_proj,gptq,14336,4096,0,0.0019686903272356305,0.001519594873700823,6.811201384058222,0.0007764406652474797,510.6231689453125,528.007080078125,66.52645111083984,98.69425964355469,75.23361206054688,94.38520812988281,0.5904211401939392,6.7869462966918945,0.18384814262390137,"2261,761,2742,1800,2082,1421,2978,1658,3183,2613,2629,2485,2646,2265,912,1805",51.68475341796875,,,,,0
14,down_proj,gptq,4096,14336,0,0.0019575016839163645,0.0015183346612112863,8.310824489479273,0.0009756206479402797,522.0379638671875,516.1122436523438,1.800722599029541,2.51589298248291,1.561819076538086,1.8216602802276611,0.4714892506599426,8.275185585021973,0.1066979467868805,"12639,7712,5566,5932,242,11873,12760,4333,5641,4366,6824,7917,5879,897,13315,11603",108.71178436279297,,,,,0
15,q_proj,gptq,4096,4096,0,0.0019600391387939453,0.0014488697052001953,6.746179541951278,0.0010917725837166765,363.12078857421875,376.94329833984375,107.65753173828125,174.57577514648438,122.25267028808594,168.72657775878906,0.8201844692230225,6.7487359046936035,0.4995136857032776,"2932,1189,291,133,1815,2485,3266,3881,1162,2261,709,3231,3070,2943,1039,1298",74.98921203613281,,,,,0
15,k_proj,gptq,1024,4096,0,0.001968860626220703,0.0014095306396484375,4.839982791309012,0.0016201014882376618,179.86105346679688,194.54055786132812,61.80095672607422,96.72834014892578,72.48361206054688,91.88380432128906,0.8201844692230225,4.804563045501709,0.5707002282142639,"2932,1189,291,3266,133,2485,1815,1162,3881,709,2261,3231,2943,1298,912,2692",74.98921203613281,,,,,0
15,v_proj,gptq,1024,4096,0,0.0019736289978027344,0.001478433609008789,0.383761322945702,0.0008809887733267508,26.70589828491211,28.46636962890625,7.296690464019775,11.511026382446289,7.992786407470703,10.700166702270508,0.8201844692230225,0.37833166122436523,0.3617589771747589,"1189,2261,2932,2485,291,912,133,3266,3231,709,3881,1815,3070,2265,1162,866",74.98921203613281,,,,,0
15,o_proj,gptq,4096,4096,0,0.0019574761390686035,0.0014466643333435059,2.995500108016131,0.0014584098402306428,142.7611083984375,117.00218963623047,1.189910650253296,1.9909281730651855,0.5825095176696777,0.8054783344268799,0.7932742238044739,2.9890050888061523,0.07546897232532501,"567,951,3405,695,4074,932,676,2557,3277,548,3533,823,804,858,730,986",41.05316925048828,,,,,0
15,gate_proj,gptq,14336,4096,0,0.0019499233790806361,0.001446093831743513,12.206584064755589,0.0009744297219678434,732.1641845703125,774.1756591796875,106.77998352050781,159.9768829345703,125.36473083496094,148.17025756835938,0.5726132392883301,12.189604759216309,0.24508169293403625,"2742,761,2082,2613,1800,2261,1658,1805,2629,3183,1421,2978,2219,325,2265,912",75.27872467041016,,,,,0
15,up_proj,gptq,14336,4096,0,0.0019705125263759066,0.0015167849404471262,6.730332160077523,0.0007762217385601701,501.7743225097656,513.718017578125,70.24847412109375,103.76187133789062,80.11096954345703,97.08047485351562,0.5726132392883301,6.7193474769592285,0.16853220760822296,"2742,761,2082,2261,1800,2613,1658,2629,1805,3183,2978,1421,2219,325,2265,912",75.27872467041016,,,,,0
15,down_proj,gptq,4096,14336,0,0.0019601924078805105,0.0015174150466918945,8.56638373629221,0.0010109591097501134,515.7767333984375,510.10943603515625,2.1988120079040527,3.1628434658050537,1.8078234195709229,2.0623536109924316,0.28139594197273254,8.534276962280273,0.09467646479606628,"4525,7669,7691,5000,12892,200,4933,11228,421,10391,10194,6918,10641,11604,13686,8017",27.069631576538086,,,,,0
16,q_proj,gptq,4096,4096,0,0.0019764304161071777,0.0014486908912658691,6.186151273199357,0.0010707224563962642,339.2181091308594,355.893310546875,100.31713104248047,172.2929229736328,115.7978744506836,161.1847686767578,0.825474202632904,6.134866714477539,0.48705074191093445,"2932,1189,291,133,3266,1162,2485,912,2261,1815,3231,3881,709,866,1039,2943",70.72731018066406,,,,,0
16,k_proj,gptq,1024,4096,0,0.0019855499267578125,0.0014519691467285156,5.173978296981659,0.001695372045799706,182.58749389648438,199.22647094726562,66.84993743896484,107.47010803222656,81.02888488769531,104.56925964355469,0.825474202632904,5.1492486000061035,0.5660883188247681,"2932,1189,291,133,3266,1815,1162,2485,3231,2261,3881,709,3516,912,1039,2943",70.72731018066406,,,,,0
16,v_proj,gptq,1024,4096,0,0.001941680908203125,0.0014526844024658203,0.4384370668485644,0.0011294303006477953,23.408180236816406,26.241809844970703,7.081652641296387,11.422779083251953,8.016278266906738,10.634054183959961,0.825474202632904,0.42959296703338623,0.4430271089076996,"2932,1189,2485,291,133,2261,3266,3231,912,1815,709,3881,1162,1039,3516,866",70.72731018066406,,,,,0
16,o_proj,gptq,4096,4096,0,0.001981973648071289,0.0014874935150146484,2.4234244150175073,0.0012370277879025881,126.98660278320312,111.16392517089844,0.9134905934333801,1.6250462532043457,0.42287904024124146,0.6528884768486023,0.696361780166626,2.419365644454956,0.08837080746889114,"1687,1559,2943,1815,3730,3837,3965,3602,3986,1943,581,3858,417,3350,161,3478",31.661495208740234,,,,,0
16,gate_proj,gptq,14336,4096,0,0.0019487483160836355,0.0014552559171404158,11.802411727723666,0.0009022990522382446,760.72265625,788.0399780273438,118.65367889404297,172.72940063476562,134.4469451904297,155.37289428710938,0.563740074634552,11.788658142089844,0.20327924191951752,"2742,761,2613,2082,1800,2261,1805,1658,2629,2219,1421,325,2978,3183,912,2265",74.03575134277344,,,,,0
16,up_proj,gptq,14336,4096,0,0.0019671576363699777,0.0015218428203037807,6.598411544749979,0.0007797825193398757,489.794921875,498.3060302734375,74.64872741699219,107.64596557617188,83.38381958007812,97.867431640625,0.563740074634552,6.597687721252441,0.14640432596206665,"2742,761,2613,2082,1800,2261,1805,1658,2629,2219,325,1421,2978,3183,912,2265",74.03575134277344,,,,,0
16,down_proj,gptq,4096,14336,0,0.0019641092845371793,0.0015315498624529158,7.972389158363512,0.000963249058979417,499.84967041015625,493.800048828125,2.364950180053711,3.397648811340332,1.853888750076294,2.1547141075134277,0.6427112817764282,7.924155235290527,0.1346559226512909,"11277,6521,7048,6644,1241,5364,12263,2399,3374,13422,11064,10204,12106,6738,5092,6078",160.54574584960938,,,,,0
17,q_proj,gptq,4096,4096,0,0.001971721649169922,0.0014643669128417969,5.8308616347494535,0.0009993800849783128,340.7486572265625,348.77886962890625,101.13453674316406,166.97555541992188,113.9757308959961,153.43917846679688,0.8105850219726562,5.835518836975098,0.4347976744174957,"2932,1189,291,3266,3881,2485,133,1815,2261,2265,709,912,1162,3231,2629,866",62.13697052001953,,,,,0
17,k_proj,gptq,1024,4096,0,0.0019795894622802734,0.0014407634735107422,5.206120285612997,0.0017068413419451401,181.50445556640625,202.0220947265625,68.85115814208984,102.71553039550781,80.05671691894531,95.4778060913086,0.8105850219726562,5.232558250427246,0.5331396460533142,"2932,291,1189,3266,3881,1815,2485,133,2261,2265,709,3231,1162,912,2629,1298",62.13697052001953,,,,,0
17,v_proj,gptq,1024,4096,0,0.0019690990447998047,0.0014400482177734375,0.32529587259341497,0.0006973060587827987,27.297405242919922,27.85150146484375,7.102819919586182,11.338481903076172,7.754316329956055,10.114498138427734,0.8105850219726562,0.32050982117652893,0.275039404630661,"2261,291,1189,3266,2485,2265,3881,2932,912,1815,133,709,2629,3231,866,2088",62.13697052001953,,,,,0
17,o_proj,gptq,4096,4096,0,0.0019866228103637695,0.0014630556106567383,2.5928934141829814,0.0012314442775210124,141.12643432617188,120.40547943115234,0.8400071859359741,1.4439865350723267,0.3418363928794861,0.4519750773906708,0.6456295847892761,2.604813575744629,0.09467756748199463,"1825,558,3188,1718,1769,1730,1697,3877,1706,1747,942,1670,23,686,1701,1715",38.33340072631836,,,,,0
17,gate_proj,gptq,14336,4096,0,0.0019531079701014928,0.0014517477580479213,12.122502501530107,0.0009100706961500704,774.6243896484375,800.1580810546875,127.03723907470703,186.53228759765625,145.28579711914062,165.6250762939453,0.581268310546875,12.103775024414062,0.18322311341762543,"2742,761,2613,2082,1805,1658,1800,2261,2219,325,2629,3183,2978,1421,2088,912",64.70651245117188,,,,,0
17,up_proj,gptq,14336,4096,0,0.001970325197492327,0.001517244747706822,6.774704095500056,0.000805295779289921,486.97637939453125,493.89215087890625,78.31614685058594,113.95243835449219,88.4497299194336,101.34489440917969,0.581268310546875,6.781513214111328,0.133762925863266,"2742,761,2613,2082,1805,1658,1800,2261,2219,325,2629,3183,2978,1421,2088,912",64.70651245117188,,,,,0
17,down_proj,gptq,4096,14336,0,0.001968332699366978,0.0015295743942260742,8.143836266957805,0.0009847483632020317,498.2316589355469,494.8876953125,2.772291898727417,4.083500862121582,2.158050537109375,2.48067569732666,0.44913533329963684,8.05088996887207,0.13543929159641266,"14096,11983,2636,9518,9341,14230,6439,9271,724,9750,12384,11145,13836,7810,7275,2395",102.9762191772461,,,,,0
18,q_proj,gptq,4096,4096,0,0.0019782185554504395,0.0014580488204956055,5.457773466187064,0.0009641962347590938,328.36566162109375,335.8694152832031,101.02420043945312,166.06349182128906,117.20481872558594,153.834228515625,0.8121768236160278,5.449157238006592,0.39454397559165955,"2932,1189,291,3266,1815,3881,133,2485,1162,912,2261,709,3231,2629,1039,2265",62.26926040649414,,,,,0
18,k_proj,gptq,1024,4096,0,0.001950979232788086,0.001447916030883789,5.305044235661626,0.0016587267326334156,190.33984375,212.685791015625,74.54307556152344,115.09158325195312,94.33502197265625,105.95518493652344,0.8121768236160278,5.30009651184082,0.4937722682952881,"2932,291,3266,1189,3881,1815,133,912,2485,2261,3231,1162,866,709,2629,2265",62.26926040649414,,,,,0
18,v_proj,gptq,1024,4096,0,0.001979827880859375,0.0014495849609375,0.40682917881531466,0.001045088416097808,23.420602798461914,26.8404541015625,7.406454086303711,11.731840133666992,8.438798904418945,10.966386795043945,0.8121768236160278,0.39925336837768555,0.29724860191345215,"2261,2485,291,1189,912,3881,2265,2629,2088,2932,1815,866,3231,3585,1800,2646",62.26926040649414,,,,,0
18,o_proj,gptq,4096,4096,0,0.001980721950531006,0.0014821290969848633,2.6049012047478755,0.0012972789062654397,133.0665283203125,114.5213623046875,0.5232028961181641,0.8169043064117432,0.17645753920078278,0.23273158073425293,0.7014443874359131,2.5825817584991455,0.12856142222881317,"934,1025,1873,108,3202,1153,3213,3260,3341,3330,1409,3458,3021,3388,3516,3074",55.45284652709961,,,,,0
18,gate_proj,gptq,14336,4096,0,0.001973475728716169,0.0014618464878627232,11.604865145054646,0.0008668114035347493,775.1211547851562,788.363037109375,134.40475463867188,191.17710876464844,153.50662231445312,171.2795867919922,0.5670033693313599,11.619030952453613,0.15409085154533386,"2742,761,2613,2082,1805,1658,325,2219,2261,1800,3183,2629,2978,1421,568,2088",52.605194091796875,,,,,0
18,up_proj,gptq,14336,4096,0,0.0019686222076416016,0.001534904752458845,6.653687745463685,0.000798120444209192,481.1114501953125,484.1395263671875,82.53956604003906,116.21935272216797,92.8494873046875,104.56341552734375,0.5670033693313599,6.6639404296875,0.11716755479574203,"2742,761,2613,2082,1805,1658,325,2219,2261,1800,3183,2629,2978,1421,568,2088",52.605194091796875,,,,,0
18,down_proj,gptq,4096,14336,0,0.0019674301147460938,0.0015298128128051758,7.428702154630628,0.0009024438862221513,484.8594665527344,480.5013122558594,2.714224338531494,3.894242763519287,2.0453529357910156,2.3638129234313965,0.6285318732261658,7.373064994812012,0.1483515053987503,"12797,6286,1122,12063,6223,8160,7417,9419,1700,1597,11215,5535,1454,12764,13780,6720",166.9560089111328,,,,,0
19,q_proj,gptq,4096,4096,0,0.0019624829292297363,0.0014315247535705566,5.650029058626387,0.0010003045982434973,328.1619567871094,336.6328125,103.6666259765625,168.20083618164062,119.52415466308594,156.47708129882812,0.8070738911628723,5.631598472595215,0.3684905469417572,"2932,291,1189,2261,3266,2485,1815,133,2265,709,912,3231,1162,2629,3881,2088",52.390594482421875,,,,,0
19,k_proj,gptq,1024,4096,0,0.0019338130950927734,0.0014350414276123047,4.414665048854658,0.0015036667697337792,173.38818359375,191.2107391357422,65.72713470458984,102.60395812988281,80.26678466796875,98.25312805175781,0.8070738911628723,4.418241500854492,0.4456080496311188,"2932,291,2261,1189,3266,1815,2485,133,912,3231,709,2265,2629,3881,2088,1162",52.390594482421875,,,,,0
19,v_proj,gptq,1024,4096,0,0.0019528865814208984,0.0014576911926269531,0.46530833933502436,0.0010759890060708882,25.62424087524414,27.776927947998047,8.357248306274414,12.639589309692383,9.461795806884766,11.321102142333984,0.8070738911628723,0.4594922661781311,0.32403260469436646,"2261,291,2932,2485,1189,2265,3266,133,912,1815,2088,709,3585,2629,3231,3881",52.390594482421875,,,,,0
19,o_proj,gptq,4096,4096,0,0.0019829869270324707,0.0014938116073608398,2.5379849235978327,0.0012330436404105125,130.0224609375,118.35367584228516,0.46320778131484985,0.7892063856124878,0.22160692512989044,0.27129417657852173,0.7395951747894287,2.5458319187164307,0.10845255851745605,"1163,1291,1035,1419,391,263,3857,1028,468,1052,1133,1156,1412,2618,1152,1129",66.24793243408203,,,,,0
19,gate_proj,gptq,14336,4096,0,0.00195504937853132,0.0014579807009015764,11.390167960547842,0.0008415904960821604,781.76953125,792.602294921875,142.23179626464844,200.83657836914062,161.9061737060547,179.92559814453125,0.54939204454422,11.39888858795166,0.14219552278518677,"2742,761,2613,2082,1658,1805,325,2219,1800,2261,3183,1951,568,2629,2978,1421",49.81017303466797,,,,,0
19,up_proj,gptq,14336,4096,0,0.001975195748465402,0.0015330825533185685,6.49903692076623,0.000784712373369101,477.0614318847656,478.695556640625,86.10475158691406,120.24610900878906,97.26021575927734,107.55240631103516,0.54939204454422,6.507070541381836,0.1108362227678299,"761,2742,2613,2082,1658,325,1805,2219,1800,2261,3183,568,2978,1951,2629,1421",49.81017303466797,,,,,0
19,down_proj,gptq,4096,14336,0,0.001957859311785017,0.0015367610113961355,7.355708784376475,0.0008961152666434726,481.1172790527344,477.763671875,2.859515428543091,4.0592193603515625,2.0113677978515625,2.239712715148926,0.5309211611747742,7.30180025100708,0.18641191720962524,"12164,10660,5247,8868,4791,1112,494,4513,10292,8675,12007,13845,10931,8664,6537,11804",97.275390625,,,,,0
20,q_proj,gptq,4096,4096,0,0.001966536045074463,0.0014399886131286621,5.56664836051641,0.00100841858823271,321.3249816894531,329.705810546875,107.48126220703125,174.20138549804688,127.06776428222656,162.71685791015625,0.8080635666847229,5.5799055099487305,0.38922858238220215,"2932,1189,291,3266,2261,2485,1815,2629,133,709,3231,912,2088,2265,3881,1162",55.63579177856445,,,,,0
20,k_proj,gptq,1024,4096,0,0.0019958019256591797,0.001434326171875,4.8866584707575385,0.0017151770962953977,168.99154663085938,198.76931762695312,73.23171997070312,117.08370971679688,91.5970687866211,112.69587707519531,0.8080635666847229,4.859700679779053,0.475730836391449,"2932,1189,291,2261,3266,2485,1815,2629,709,912,133,2088,2265,3881,3231,1162",55.63579177856445,,,,,0
20,v_proj,gptq,1024,4096,0,0.0019714832305908203,0.0014421939849853516,0.3983528479020606,0.0008296328641073546,28.099891662597656,30.2062931060791,8.704195022583008,13.980818748474121,9.938121795654297,12.753620147705078,0.8080635666847229,0.3959479331970215,0.2685381770133972,"2261,1189,291,2629,2932,912,2088,2265,2485,3881,3266,3231,1815,3585,1800,709",55.63579177856445,,,,,0
20,o_proj,gptq,4096,4096,0,0.0019842982292175293,0.0014658570289611816,2.3891292674452416,0.0011809824703363574,128.94464111328125,115.20127868652344,0.4988240599632263,0.7575778961181641,0.421276330947876,0.47848644852638245,0.5248075723648071,2.38911771774292,0.107925646007061,"1037,1165,3775,3647,1880,1293,1752,3369,422,166,1809,1421,1624,3903,3241,3497",41.99943923950195,,,,,0
20,gate_proj,gptq,14336,4096,0,0.0019559008734566824,0.0014644520623343332,11.277939269668423,0.000834402398580844,780.3978271484375,788.022216796875,152.03521728515625,212.13763427734375,175.39804077148438,192.89617919921875,0.5303843021392822,11.280767440795898,0.1385364532470703,"761,2742,2613,2082,1658,325,1805,2219,1800,1951,3183,568,2261,1421,424,2978",45.715354919433594,,,,,0
20,up_proj,gptq,14336,4096,0,0.0019684008189610074,0.001532299177987235,6.495503855316201,0.0007789386346073381,479.61181640625,480.2901611328125,92.73270416259766,127.9974594116211,106.23453521728516,117.02493286132812,0.5303843021392822,6.504584312438965,0.10840471088886261,"761,2742,2613,2082,1658,325,1805,2219,1800,1951,3183,2261,568,1421,2978,424",45.715354919433594,,,,,0
20,down_proj,gptq,4096,14336,0,0.00195659909929548,0.0015192883355276926,7.056259839360791,0.0008530214213082993,483.9305419921875,480.5539245605469,3.1028900146484375,4.345401763916016,2.303144693374634,2.5117380619049072,0.533490002155304,7.006246566772461,0.17060518264770508,"688,7642,8083,1894,5237,6763,5270,3972,1404,13509,5759,2526,7552,11264,6776,3793",161.28883361816406,,,,,0
21,q_proj,gptq,4096,4096,0,0.0019840002059936523,0.0014687776565551758,5.366020547473454,0.0009962890389835382,312.5572814941406,322.47100830078125,102.38088989257812,167.8099822998047,121.25839233398438,159.90232849121094,0.8024839758872986,5.363137722015381,0.38407638669013977,"2932,1189,291,3266,2261,2485,133,2265,912,1815,3231,3881,3585,2088,709,1039",50.00605392456055,,,,,0
21,k_proj,gptq,1024,4096,0,0.001959562301635742,0.0014472007751464844,4.653807524649892,0.001609765305501718,171.4611358642578,191.91224670410156,71.02543640136719,107.03514862060547,86.54998779296875,100.33538818359375,0.8024839758872986,4.686210632324219,0.47435593605041504,"2932,1189,3266,291,2261,133,2265,2485,912,3881,3231,1815,2088,709,3585,1162",50.00605392456055,,,,,0
21,v_proj,gptq,1024,4096,0,0.0019690990447998047,0.0014660358428955078,0.4572127514220483,0.000899950331277293,30.179750442504883,32.731590270996094,9.423137664794922,14.445442199707031,10.764881134033203,13.235734939575195,0.8024839758872986,0.4509999752044678,0.2712200880050659,"2261,912,2265,2088,3585,1800,291,2485,1189,3881,2629,3266,3070,2978,3231,3008",50.00605392456055,,,,,0
21,o_proj,gptq,4096,4096,0,0.0019881129264831543,0.001491546630859375,2.750990811781776,0.001299361423332844,132.18655395507812,120.51775360107422,0.8228288888931274,1.4761290550231934,0.31011301279067993,0.39462417364120483,0.6642584800720215,2.70947527885437,0.15869556367397308,"572,700,956,1262,828,1518,1390,2556,2547,1333,1397,1322,1134,1298,1282,1392",86.29220581054688,,,,,0
21,gate_proj,gptq,14336,4096,0,0.0019536869866507395,0.0014564990997314453,11.73718848999124,0.0008566310207809403,792.7160034179688,802.148193359375,163.0986785888672,232.2254638671875,192.17100524902344,211.20529174804688,0.5705757737159729,11.718585968017578,0.13928379118442535,"761,2742,2613,2082,1658,325,2352,1805,2219,1951,568,2261,3183,1800,1421,2209",43.24549102783203,,,,,0
21,up_proj,gptq,14336,4096,0,0.0019710915429251535,0.001530630247933524,6.6999753533964395,0.0007983386612206516,483.74786376953125,484.74566650390625,98.72565460205078,139.75784301757812,115.63154602050781,127.45674133300781,0.5705757737159729,6.694602012634277,0.1072828620672226,"761,2742,2613,2082,1658,325,2352,1805,2219,1951,3183,2261,568,1800,1421,2209",43.24549102783203,,,,,0
21,down_proj,gptq,4096,14336,0,0.0019619805472237723,0.001521059444972447,7.402530442923307,0.0008893538202066965,487.91229248046875,486.2127685546875,3.6245975494384766,5.290648460388184,2.6281445026397705,2.8758740425109863,0.5119109749794006,7.358186721801758,0.18585935235023499,"10289,13230,3477,2359,1103,9848,7591,8329,3810,10877,12373,9703,13489,13359,14245,5087",61.327701568603516,,,,,0
22,q_proj,gptq,4096,4096,0,0.0019509196281433105,0.0014371275901794434,5.291233610769268,0.0010349617998554074,296.7486267089844,306.72174072265625,105.37783813476562,175.71327209472656,127.56674194335938,165.73300170898438,0.8167831301689148,5.296510219573975,0.39718252420425415,"2932,1189,3266,291,1815,133,2261,1162,3231,2629,2485,709,2088,912,3585,1039",60.37017822265625,,,,,0
22,k_proj,gptq,1024,4096,0,0.0019817352294921875,0.001459360122680664,4.858655861811712,0.0017661041000180304,163.5814666748047,189.94357299804688,76.09329223632812,119.70997619628906,96.26077270507812,110.49397277832031,0.8167831301689148,4.847067832946777,0.49174386262893677,"2932,1189,3266,291,1815,133,2261,2485,1162,3231,912,2088,2629,709,3881,2265",60.37017822265625,,,,,0
22,v_proj,gptq,1024,4096,0,0.001996278762817383,0.0015158653259277344,0.5004320815405663,0.0008854849929035136,33.29182434082031,36.054954528808594,11.034368515014648,17.387218475341797,12.965166091918945,16.319917678833008,0.8167831301689148,0.4952850937843323,0.25910186767578125,"2261,2088,3585,2629,2485,2265,1189,291,2646,1800,3231,912,3881,1869,3266,2978",60.37017822265625,,,,,0
22,o_proj,gptq,4096,4096,0,0.0019701719284057617,0.0015121102333068848,2.790130455279723,0.0012695974742220882,134.5125732421875,124.80757141113281,0.6158311367034912,1.047471284866333,0.41206660866737366,0.4545406699180603,0.4124358296394348,2.793626070022583,0.09937834739685059,"2263,2519,1298,2135,1426,1042,933,2549,3474,677,1170,2505,2249,2391,1894,805",61.22660446166992,,,,,0
22,gate_proj,gptq,14336,4096,0,0.0019698994500296457,0.001448103359767369,11.541271574795246,0.0008432033376777057,788.7015380859375,792.0374755859375,168.8062744140625,236.51280212402344,203.29608154296875,220.25653076171875,0.48617005348205566,11.573373794555664,0.13392965495586395,"761,2742,2613,1658,2082,325,1951,1805,2219,2209,568,1726,1800,3183,424,504",46.243247985839844,,,,,0
22,up_proj,gptq,14336,4096,0,0.0019574335643223356,0.0015308005469185965,6.725756048297626,0.000796562226794483,485.4714050292969,484.33551025390625,103.27581024169922,143.82469177246094,124.2050552368164,134.01126098632812,0.48617005348205566,6.736455917358398,0.10334029793739319,"761,2742,2613,1658,2082,325,1951,1805,2219,2209,568,1726,3183,1800,424,504",46.243247985839844,,,,,0
22,down_proj,gptq,4096,14336,0,0.0019681964601789203,0.0015335593904767717,7.421039148468481,0.0008857358424275304,486.8735046386719,482.5763244628906,3.700996160507202,5.341949939727783,2.7952427864074707,2.9857101440429688,0.581143856048584,7.358701705932617,0.15835736691951752,"4433,6723,11106,2940,4989,12871,1861,1911,7399,10578,8675,10984,1391,14126,3926,13544",76.66104125976562,,,,,0
23,q_proj,gptq,4096,4096,0,0.0019701123237609863,0.0014496445655822754,5.784940579440445,0.0011290201693797354,298.5255126953125,316.072265625,108.48069763183594,179.74307250976562,135.44581604003906,170.66123962402344,0.8134905099868774,5.7969746589660645,0.37588265538215637,"2932,291,1189,3266,2261,2485,1815,133,3231,1162,2088,2629,709,912,2646,3881",45.80302047729492,,,,,0
23,k_proj,gptq,1024,4096,0,0.001993894577026367,0.0014553070068359375,4.632786273141392,0.0016996762369645793,162.236572265625,192.81370544433594,71.95299530029297,114.3990478515625,93.12516784667969,110.42950439453125,0.8134905099868774,4.638828277587891,0.4465329945087433,"2932,1189,291,2261,3266,2485,1815,133,3231,1162,2088,912,3881,2629,2265,2646",45.80302047729492,,,,,0
23,v_proj,gptq,1024,4096,0,0.0019636154174804688,0.0015332698822021484,0.5371302615621971,0.0008575947396243879,36.759117126464844,39.00225830078125,11.916749954223633,18.209840774536133,14.331099510192871,17.011417388916016,0.8134905099868774,0.5311882495880127,0.21696659922599792,"2261,2088,2646,3585,1869,2629,2265,2485,3183,1189,3881,3231,1800,682,912,291",45.80302047729492,,,,,0
23,o_proj,gptq,4096,4096,0,0.001981019973754883,0.001521468162536621,2.646575160086286,0.001160814128520142,135.7109832763672,129.28903198242188,0.5712717771530151,0.9531441330909729,0.4026682674884796,0.4592586159706116,0.3236147463321686,2.6525111198425293,0.1402260810136795,"3604,3988,3860,3732,228,100,1079,1207,3700,1015,2175,1073,759,3956,1078,1463",133.1280517578125,,,,,0
23,gate_proj,gptq,14336,4096,0,0.001961486680167062,0.0014457021440778459,11.661438380018808,0.0008501724365341483,790.83349609375,792.332275390625,177.11032104492188,248.74053955078125,221.10549926757812,237.84393310546875,0.5272857546806335,11.651346206665039,0.12493934482336044,"761,2742,2613,1658,2082,1951,325,2209,1805,2219,504,1726,2352,568,424,3183",47.75495910644531,,,,,0
23,up_proj,gptq,14336,4096,0,0.0019605159759521484,0.0015339851379394531,6.870414630888263,0.0008082993041263164,488.96978759765625,487.3149108886719,109.0523681640625,152.60594177246094,134.74766540527344,145.78298950195312,0.5272857546806335,6.883745193481445,0.09983264654874802,"761,2742,2613,1658,1951,325,2082,2209,1805,2219,504,1726,568,2352,424,3183",47.75495910644531,,,,,0
23,down_proj,gptq,4096,14336,0,0.001958676746913365,0.0015302726200648717,7.188997042498158,0.0008518314057739267,488.53155517578125,483.8130798339844,3.860618829727173,5.549048900604248,3.5424373149871826,3.8255743980407715,0.18606258928775787,7.127094745635986,0.14075134694576263,"2565,13141,8331,5039,6423,306,3098,13591,5765,5901,11002,887,11267,7782,5722,10303",130.48341369628906,,,,,0
24,q_proj,gptq,4096,4096,0,0.0019727349281311035,0.0014535188674926758,5.798358471583924,0.0011703771016631993,290.9159240722656,309.685546875,109.77235412597656,180.55345153808594,137.40628051757812,171.89111328125,0.8109124302864075,5.7763895988464355,0.3794640600681305,"1189,2932,291,3266,1815,2485,2261,133,3231,2088,912,709,1162,3585,2629,1039",48.57814025878906,,,,,0
24,k_proj,gptq,1024,4096,0,0.0019409656524658203,0.0014719963073730469,4.650837627414148,0.0018818264648087773,148.98675537109375,181.21829223632812,71.50772094726562,112.83537292480469,93.68179321289062,106.69393920898438,0.8109124302864075,4.620258808135986,0.4655373990535736,"1189,2932,3266,1815,291,133,2088,2485,2261,912,3231,1162,709,2629,2943,3585",48.57814025878906,,,,,0
24,v_proj,gptq,1024,4096,0,0.001949310302734375,0.0014715194702148438,0.6968195649860718,0.0009355093056666665,43.79975891113281,48.97299575805664,14.938467025756836,23.727195739746094,18.031368255615234,22.4034423828125,0.8109124302864075,0.6815004944801331,0.24116657674312592,"2261,2088,1800,1189,3585,912,2646,2485,2629,3231,2265,291,3183,3008,682,2978",48.57814025878906,,,,,0
24,o_proj,gptq,4096,4096,0,0.001985311508178711,0.0015175938606262207,2.994600396049293,0.0012075472344107087,150.68313598632812,141.21792602539062,0.6482111215591431,1.1530307531356812,0.45002281665802,0.5308448076248169,0.5066795349121094,3.0105507373809814,0.16065527498722076,"3910,3654,3782,3519,4038,3323,3391,3243,1829,1573,1957,1701,439,3490,3135,2853",119.17604064941406,,,,,0
24,gate_proj,gptq,14336,4096,0,0.0019566501889910016,0.0014454637254987443,11.653095167013817,0.0008435236238909159,797.364013671875,798.6990966796875,187.99142456054688,263.1034240722656,238.28457641601562,256.1866760253906,0.4806175231933594,11.649285316467285,0.11943506449460983,"761,2742,2613,2209,1951,1658,2082,325,504,1805,2219,1726,568,1800,3183,424",44.31135177612305,,,,,0
24,up_proj,gptq,14336,4096,0,0.0019792488643101285,0.001533644539969308,6.9140642254351405,0.0008079962584356653,492.7071838378906,491.24951171875,115.78423309326172,161.34219360351562,146.82858276367188,157.83926391601562,0.4806175231933594,6.91837739944458,0.09706395864486694,"761,2742,2613,1658,1951,2209,2082,325,504,1805,2219,1726,568,1800,3183,424",44.31135177612305,,,,,0
24,down_proj,gptq,4096,14336,0,0.001961759158543178,0.0015337126595633371,7.013467839389705,0.0008245576848997026,491.07830810546875,486.68499755859375,4.135617256164551,5.908483028411865,3.7210819721221924,3.92631196975708,0.48483654856681824,6.93943452835083,0.1402624100446701,"2804,12744,10567,3408,5326,2553,11915,5318,4668,8765,8082,7647,3309,4901,8540,3159",224.18600463867188,,,,,0
25,q_proj,gptq,4096,4096,0,0.001975834369659424,0.0014452934265136719,5.642014357159496,0.0011722497039370614,283.21783447265625,306.8060607910156,108.3921127319336,185.23487854003906,137.13836669921875,170.53549194335938,0.8069276809692383,5.625161170959473,0.3572080135345459,"2932,1189,2485,3266,2088,291,2265,3585,2261,1815,912,3231,133,1162,709,866",47.466407775878906,,,,,0
25,k_proj,gptq,1024,4096,0,0.0019850730895996094,0.0014340877532958984,4.039365464181174,0.0016439150881075069,147.56744384765625,173.13827514648438,66.06642150878906,109.61053466796875,86.15234375,101.19232177734375,0.8069276809692383,4.021032333374023,0.4276890754699707,"2932,1189,2485,3266,2088,2265,291,709,1815,2261,2629,912,3585,866,133,1162",47.466407775878906,,,,,0
25,v_proj,gptq,1024,4096,0,0.0020084381103515625,0.0014913082122802734,0.7178535844159342,0.00095462569434534,44.79412841796875,49.82249069213867,15.643404006958008,24.580089569091797,18.87765884399414,22.785593032836914,0.8069276809692383,0.7013684511184692,0.22679083049297333,"2261,2088,1800,3585,3183,2265,2978,2485,2646,912,3008,2040,2629,2330,1869,1189",47.466407775878906,,,,,0
25,o_proj,gptq,4096,4096,0,0.001973748207092285,0.0015181899070739746,2.8459959159572463,0.0011388957435083838,152.20123291015625,141.75067138671875,0.725803554058075,1.1786702871322632,0.4666258692741394,0.5571576356887817,0.7296568155288696,2.8543200492858887,0.14709962904453278,"2913,3041,2657,2310,2785,1418,1443,1499,2054,2182,2566,202,1524,1445,1479,463",65.30538177490234,,,,,0
25,gate_proj,gptq,14336,4096,0,0.001975263868059431,0.0014491081237792969,11.658966299786698,0.0008333131375718852,807.847900390625,811.03515625,199.6310272216797,281.44964599609375,259.35089111328125,280.3421325683594,0.4929306209087372,11.63153076171875,0.11906391382217407,"761,2742,2613,1951,2209,2082,1658,504,325,2219,1805,1726,1800,568,3183,1421",41.382240295410156,,,,,0
25,up_proj,gptq,14336,4096,0,0.0019888196672712055,0.0015350069318498885,6.935178222949617,0.0007994914257586153,499.85736083984375,499.34149169921875,123.18970489501953,173.00961303710938,159.88421630859375,172.9144744873047,0.4929306209087372,6.947898864746094,0.09918273240327835,"761,2742,2613,1951,2209,1658,2082,325,504,1805,2219,1726,1800,568,1421,3183",41.382240295410156,,,,,0
25,down_proj,gptq,4096,14336,0,0.0019694907324654715,0.001531362533569336,6.93945560307111,0.0008048882430794266,497.65118408203125,493.4754943847656,4.549675941467285,6.497768878936768,4.32347297668457,4.675545692443848,0.8107568621635437,6.929644584655762,0.1780184805393219,"3897,8588,11622,9848,11080,13045,11584,5503,1958,10021,12715,10315,9888,7490,1561,2668",312.9170837402344,,,,,0
26,q_proj,gptq,4096,4096,0,0.0019680261611938477,0.001445174217224121,6.083511908742366,0.0012500332236781468,286.8374328613281,311.8926696777344,106.31559753417969,178.46078491210938,134.116455078125,160.45419311523438,0.7974210381507874,6.086887359619141,0.40461501479148865,"2932,1189,1815,3266,2629,709,2261,1162,291,133,2088,912,2485,2943,3585,3231",61.962764739990234,,,,,0
26,k_proj,gptq,1024,4096,0,0.0019693374633789062,0.0014688968658447266,4.851507610932458,0.001867463578022448,155.60183715820312,192.75625610351562,71.22821044921875,120.1524887084961,89.74119567871094,107.34471893310547,0.7974210381507874,4.8582587242126465,0.4686380922794342,"2932,1189,1815,709,2629,3266,2485,291,133,2088,912,2261,2943,3585,1162,682",61.962764739990234,,,,,0
26,v_proj,gptq,1024,4096,0,0.0019752979278564453,0.0014815330505371094,0.6144858441130054,0.0007501008110321861,47.88898468017578,51.807884216308594,14.217424392700195,24.46259117126465,17.483196258544922,22.31719970703125,0.7974210381507874,0.5995128154754639,0.23285838961601257,"2261,2088,3585,2485,912,2629,1189,2265,682,3881,2646,1869,291,3266,3008,3231",61.962764739990234,,,,,0
26,o_proj,gptq,4096,4096,0,0.0019778013229370117,0.001506209373474121,2.9925512140252977,0.0011559498362758362,158.9716033935547,147.0994415283203,1.0753334760665894,2.0379037857055664,0.7923030853271484,1.0073835849761963,0.6966055035591125,2.9862160682678223,0.12993024289608002,"428,44,300,2693,172,1724,2949,1402,1364,1530,1355,1899,1980,2027,1286,2821",67.2542495727539,,,,,0
26,gate_proj,gptq,14336,4096,0,0.0019494635718209402,0.0014528206416538783,11.803269939555321,0.0008328604576958436,819.24462890625,824.925048828125,214.16363525390625,305.47003173828125,286.6834716796875,311.5566101074219,0.4285570979118347,11.804078102111816,0.1222304031252861,"761,2742,2613,1658,1951,2082,2209,504,325,2219,1805,1726,1800,568,3183,1421",39.32392883300781,,,,,0
26,up_proj,gptq,14336,4096,0,0.0019716705594744,0.0015373400279453822,6.984742409113096,0.0007942160557045532,506.42657470703125,505.7823791503906,131.8992919921875,186.33169555664062,176.39633178710938,189.44937133789062,0.4285570979118347,6.99753475189209,0.0984308049082756,"761,2742,2613,1658,1951,2082,325,2209,504,2219,1805,1726,1800,568,3183,1421",39.32392883300781,,,,,0
26,down_proj,gptq,4096,14336,0,0.001963564327784947,0.0015299831117902482,6.644273881411706,0.0007599379309235667,504.8455810546875,500.85150146484375,5.160714626312256,7.502079010009766,5.132391452789307,5.654895782470703,0.5418565273284912,6.612199306488037,0.1532946676015854,"2589,3082,11621,2541,1396,4897,5805,1478,9414,6297,4600,12203,11322,8347,12145,6812",112.33734893798828,,,,,0
27,q_proj,gptq,4096,4096,0,0.0019598007202148438,0.0014359354972839355,5.7706284210435115,0.0012272045146119342,278.03656005859375,304.0801086425781,109.67303466796875,180.9780731201172,143.4104461669922,171.3751220703125,0.8212382197380066,5.790706634521484,0.3565977215766907,"2932,1189,3266,2261,2485,2629,3231,2088,709,1815,133,291,1800,2265,912,866",47.230525970458984,,,,,0
27,k_proj,gptq,1024,4096,0,0.0019578933715820312,0.001474618911743164,5.060067857149988,0.0019983976924542696,154.60494995117188,192.63311767578125,77.49351501464844,122.32542419433594,102.67626953125,114.17463684082031,0.8212382197380066,5.021137714385986,0.4334084391593933,"1189,2932,3266,2261,2485,3231,2629,133,2088,291,912,1815,709,866,1800,2265",47.230525970458984,,,,,0
27,v_proj,gptq,1024,4096,0,0.0020101070404052734,0.0014770030975341797,0.9821828683898275,0.0010488302570239182,56.06952667236328,65.6666259765625,20.741504669189453,33.43274688720703,26.397605895996094,32.13555908203125,0.8212382197380066,0.9670000672340393,0.23578257858753204,"2261,2088,1800,3183,3585,2646,2629,912,2485,2265,2330,2040,3231,2978,87,682",47.230525970458984,,,,,0
27,o_proj,gptq,4096,4096,0,0.001986205577850342,0.0015065670013427734,3.4891396890543547,0.001283367717446834,166.1156463623047,153.84640502929688,1.3572710752487183,2.6031532287597656,0.8970999717712402,0.9924290776252747,0.5991368889808655,3.488875389099121,0.12082593142986298,"4084,3828,3700,1279,3956,2074,1911,1909,1919,1151,1895,1233,1825,1432,1653,1865",83.80477142333984,,,,,0
27,gate_proj,gptq,14336,4096,0,0.001962201935904367,0.0014432838984898158,11.907360591983888,0.0008279076386633949,832.746826171875,837.8145751953125,231.6640625,330.14178466796875,315.6465759277344,343.6558532714844,0.41458263993263245,11.924413681030273,0.12176215648651123,"761,2613,2742,1951,2082,325,1805,2209,2219,1658,504,1726,1421,568,3183,1800",33.41265869140625,,,,,0
27,up_proj,gptq,14336,4096,0,0.0019699675696236746,0.0015275818961007254,7.08350060225348,0.0007885961916821407,517.7693481445312,517.8902587890625,143.59210205078125,203.71185302734375,195.583740234375,211.537841796875,0.41458263993263245,7.099900245666504,0.09722844511270523,"761,2613,2742,1951,2082,325,1805,2209,2219,1658,1726,504,568,1421,3183,1800",33.41265869140625,,,,,0
27,down_proj,gptq,4096,14336,0,0.0019480841500418527,0.0015309878758021764,5.697539323691672,0.0006403961294732574,513.4861450195312,511.6924133300781,6.321854114532471,11.101072311401367,6.3150177001953125,7.503264427185059,0.6088514924049377,5.688232898712158,0.2166280448436737,"13857,8140,3778,11829,10519,13135,7781,13157,2143,9333,1772,161,4646,3231,6497,10139",1684.38916015625,,,,,0
28,q_proj,gptq,4096,4096,0,0.0019786953926086426,0.0014595985412597656,5.603131708872752,0.001197854251334828,275.7219543457031,294.73834228515625,101.59658813476562,170.83090209960938,133.82667541503906,159.60433959960938,0.8063974380493164,5.605247974395752,0.38067132234573364,"2932,1189,291,2088,3266,2485,2629,133,709,3231,1815,3585,912,682,2265,866",50.035701751708984,,,,,0
28,k_proj,gptq,1024,4096,0,0.0019769668579101562,0.0014672279357910156,3.9874051177916954,0.001736940293008745,137.58700561523438,169.84202575683594,60.60226058959961,106.37416076660156,81.43768310546875,96.8010482788086,0.8063974380493164,3.9879541397094727,0.44728073477745056,"2932,1189,291,2088,3266,2485,2629,133,709,1815,912,3231,682,2265,3585,866",50.035701751708984,,,,,0
28,v_proj,gptq,1024,4096,0,0.0020089149475097656,0.0014119148254394531,0.7261122443696593,0.0007248603736949722,58.84858703613281,63.87606430053711,17.800338745117188,30.241111755371094,23.08139419555664,29.265987396240234,0.8063974380493164,0.7142833471298218,0.19508174061775208,"2088,3183,2646,2629,2485,3585,2261,682,2265,912,1869,3008,291,1800,1189,3881",50.035701751708984,,,,,0
28,o_proj,gptq,4096,4096,0,0.001986384391784668,0.0014920234680175781,3.60262405280082,0.0012594544871294025,178.56881713867188,163.0068817138672,2.2144651412963867,3.836526393890381,1.6526057720184326,1.989749789237976,0.749752402305603,3.597476005554199,0.1294090747833252,"1154,1366,2622,3006,2046,2750,2384,1494,11,4087,2878,1282,2512,3407,3959,2128",49.438385009765625,,,,,0
28,gate_proj,gptq,14336,4096,0,0.001962150846208845,0.0014606033052716935,11.830507145030424,0.0008323751346195415,823.801025390625,833.046875,246.8880615234375,359.75262451171875,338.40728759765625,374.4593505859375,0.4889560043811798,11.844015121459961,0.13399699330329895,"761,2613,2742,2082,1658,1951,325,2219,1800,1805,3183,2978,2209,2992,1421,568",38.22535705566406,,,,,0
28,up_proj,gptq,14336,4096,0,0.0019681964601789203,0.0015224899564470565,7.348040572658647,0.0007898650567029681,536.6182861328125,537.13134765625,160.2432861328125,232.10739135742188,218.71807861328125,240.96707153320312,0.4889560043811798,7.349980354309082,0.10846755653619766,"761,2613,2742,1658,2082,1951,2219,325,1800,1805,3183,2978,1421,2992,2209,568",38.22535705566406,,,,,0
28,down_proj,gptq,4096,14336,0,0.0019621338163103375,0.0015147754124232701,6.138054568211373,0.0006712286768255066,531.638916015625,531.036865234375,8.211041450500488,13.896421432495117,8.374176025390625,10.775395393371582,0.5550470352172852,6.098812580108643,0.1698169857263565,"12167,8131,11921,447,11098,8945,5271,12702,8911,12928,2450,12739,11293,1648,10898,7103",50.79390335083008,,,,,0
29,q_proj,gptq,4096,4096,0,0.0019561052322387695,0.001442253589630127,5.597850569072762,0.0012013199354198748,279.8699951171875,313.8956298828125,104.98683166503906,175.0525360107422,138.52883911132812,169.6250457763672,0.8164495825767517,5.584231853485107,0.3215773105621338,"2932,291,1189,2088,912,2646,2485,2261,866,3266,1815,133,3881,3070,709,2943",63.29779815673828,,,,,0
29,k_proj,gptq,1024,4096,0,0.001987934112548828,0.0014538764953613281,3.614143594088091,0.0014322161450597934,151.21923828125,177.95700073242188,61.14133834838867,106.072021484375,81.72612762451172,100.13021850585938,0.8164495825767517,3.6110856533050537,0.3719804286956787,"2932,1189,291,912,2088,2485,2646,2261,1815,709,866,133,1162,3266,3881,1039",63.29779815673828,,,,,0
29,v_proj,gptq,1024,4096,0,0.001962900161743164,0.0014438629150390625,0.9635626350068378,0.0008959867296177499,64.53665161132812,72.03768920898438,21.68523597717285,36.486419677734375,28.410478591918945,35.978065490722656,0.8164495825767517,0.9485031962394714,0.20911438763141632,"2088,912,2646,2261,2485,1869,3008,2265,1800,3881,291,682,3070,709,3585,866",63.29779815673828,,,,,0
29,o_proj,gptq,4096,4096,0,0.0019812583923339844,0.0014885663986206055,3.3396070382659673,0.0011021621578140095,183.560791015625,171.77325439453125,1.8881328105926514,4.0390729904174805,2.2777769565582275,3.0913100242614746,0.7526710033416748,3.3431527614593506,0.16568467020988464,"3440,3568,3312,3184,3987,3603,3420,3292,3548,1481,1225,3266,4015,1097,3164,3971",141.7833709716797,,,,,0
29,gate_proj,gptq,14336,4096,0,0.001958080700465611,0.00145895140511649,12.245060771761928,0.0008652960732107901,824.590576171875,834.26806640625,253.21641540527344,380.3846130371094,352.89501953125,398.517578125,0.4817369878292084,12.242103576660156,0.13810940086841583,"761,2613,2742,2082,1658,325,2219,1800,1805,1951,3183,2992,2978,1421,2352,568",41.91619110107422,,,,,0
29,up_proj,gptq,14336,4096,0,0.0019785165786743164,0.0015070268086024693,8.002724558842601,0.0008227109324525289,562.7884521484375,561.7465209960938,172.26731872558594,253.8481903076172,240.51025390625,267.3399658203125,0.4817369878292084,7.994601726531982,0.11538422107696533,"761,2742,2613,2082,1658,325,2219,1800,1805,3183,1951,2992,1421,2978,2352,788",41.91619110107422,,,,,0
29,down_proj,gptq,4096,14336,0,0.001962474414280483,0.0015108415058680943,6.519452343505691,0.0006940492870106134,552.4131469726562,555.7012939453125,11.567768096923828,23.10015106201172,12.418342590332031,18.168418884277344,0.5919767022132874,6.465213775634766,0.2922421097755432,"12657,12988,7328,3746,9595,6227,7349,11270,11909,3490,9228,14025,5910,13691,13822,9562",219.76075744628906,,,,,0
30,q_proj,gptq,4096,4096,0,0.0019770264625549316,0.0014516711235046387,6.350109527793606,0.0015071804250856593,254.32040405273438,286.3879699707031,101.83901977539062,167.08810424804688,135.09461975097656,152.05361938476562,0.8362114429473877,6.334074974060059,0.38702985644340515,"2932,2485,1189,133,2088,1815,2261,709,2629,912,3266,3231,3585,1162,291,2943",55.47037887573242,,,,,0
30,k_proj,gptq,1024,4096,0,0.001970529556274414,0.0014612674713134766,5.053302827707313,0.002635057391893343,120.554443359375,176.47735595703125,65.6104736328125,117.0326156616211,85.87947845458984,104.09076690673828,0.8362114429473877,5.052420616149902,0.47311076521873474,"2932,2485,2088,912,1189,133,2261,709,2629,1815,3231,3585,3266,291,1162,2943",55.47037887573242,,,,,0
30,v_proj,gptq,1024,4096,0,0.001947641372680664,0.0014357566833496094,1.425564660378973,0.0009387044359015875,91.58438873291016,105.6785659790039,29.858949661254883,50.935089111328125,37.36258316040039,47.08781433105469,0.8362114429473877,1.4200947284698486,0.20039241015911102,"2088,2261,3585,2978,2629,2646,3183,3008,2330,1800,912,873,2485,2265,682,2040",55.47037887573242,,,,,0
30,o_proj,gptq,4096,4096,0,0.0019825100898742676,0.0014638900756835938,4.228519798038178,0.0012301024444756577,216.6396484375,194.70245361328125,3.7405152320861816,7.454685211181641,5.3518218994140625,5.914757251739502,0.7986323833465576,4.223154544830322,0.053556784987449646,"3328,1263,820,3072,3225,3456,692,948,564,3481,3200,1391,3246,3215,2331,3282",68.28827667236328,,,,,0
30,gate_proj,gptq,14336,4096,0,0.0019474710736955916,0.0014454807553972518,13.361535223200917,0.0008824966430274325,889.1600341796875,899.4739990234375,272.7178649902344,423.262451171875,395.41986083984375,451.21417236328125,0.4016591012477875,13.368624687194824,0.1272421032190323,"761,2613,2742,2082,325,1658,1805,2219,1800,2992,788,3183,2978,1168,568,1421",35.478363037109375,,,,,0
30,up_proj,gptq,14336,4096,0,0.0019729818616594586,0.0014869144984654018,8.734576959745027,0.0008623731689725335,593.2230224609375,593.8359985351562,181.84844970703125,275.9675598144531,262.8814697265625,296.6977233886719,0.4016591012477875,8.737577438354492,0.11636341363191605,"761,2613,2742,2082,325,1805,1658,2219,788,1800,2992,2978,3183,1168,568,1421",35.478363037109375,,,,,0
30,down_proj,gptq,4096,14336,0,0.00196037973676409,0.0015059198651994979,6.498369322089275,0.0006882594174659675,569.8004150390625,587.6279296875,20.627689361572266,55.81855773925781,21.907081604003906,40.4568977355957,0.8316972851753235,6.304661750793457,0.43206116557121277,"10139,6805,1795,9247,13059,1130,12016,1529,13607,10725,1969,1171,1562,2196,5024,6083",1254.84765625,,,,,0
31,q_proj,gptq,4096,4096,0,0.001956164836883545,0.001446545124053955,7.0492725705817065,0.001390826674149387,317.7299499511719,344.545166015625,86.56745910644531,139.88421630859375,116.63995361328125,135.74703979492188,0.8098258972167969,7.014322280883789,0.27954021096229553,"2265,1189,133,3231,2261,291,3266,2629,2932,2485,709,682,3070,866,2088,1731",24.298852920532227,,,,,0
31,k_proj,gptq,1024,4096,0,0.0019638538360595703,0.0014660358428955078,4.288107698629119,0.0018280756961030953,148.81556701660156,184.5910186767578,46.52220153808594,78.32456970214844,63.51042175292969,73.8482894897461,0.8098258972167969,4.269526481628418,0.34709128737449646,"2265,133,1189,3231,2932,291,2261,2629,2485,3266,709,682,1731,866,1039,912",24.298852920532227,,,,,0
31,v_proj,gptq,1024,4096,0,0.0019524097442626953,0.0014681816101074219,1.38115464083657,0.0011664952988013587,74.46669006347656,83.62908935546875,18.750913619995117,31.945396423339844,24.83534049987793,30.95805549621582,0.8098258972167969,1.3818809986114502,0.20554505288600922,"2261,2265,2629,2088,3231,682,1189,1731,2485,291,866,3183,912,3008,3788,3585",24.298852920532227,,,,,0
31,o_proj,gptq,4096,4096,0,0.0019730329513549805,0.0014644265174865723,2.049774584123952,0.0006176571540897513,213.45799255371094,193.59754943847656,7.981011867523193,28.047224044799805,7.465806484222412,15.523860931396484,0.9045604467391968,1.993265151977539,0.13312473893165588,"1910,1812,1860,1916,1882,1794,1843,1806,1861,1844,1914,1825,1884,1849,1913,1864",171.5338592529297,,,,,0
31,gate_proj,gptq,14336,4096,0,0.001959630421229771,0.0014238527842930385,17.367815480472927,0.000889646193938873,1161.72265625,1180.086181640625,247.29510498046875,391.51202392578125,372.8924255371094,437.5438232421875,0.5368819236755371,17.353214263916016,0.07082686573266983,"788,4039,1658,1384,761,2082,1805,3183,2664,2111,325,4062,2742,424,2978,1168",9.660848617553711,,,,,0
31,up_proj,gptq,14336,4096,0,0.001972590173993792,0.0014439310346330916,12.109387982840417,0.0009147949326633147,796.8642578125,817.203857421875,169.68460083007812,272.55963134765625,256.56439208984375,310.7054138183594,0.5368819236755371,12.104799270629883,0.08372275531291962,"4039,788,1658,1384,761,2082,1805,3183,2664,2111,325,4062,2742,2978,424,1168",9.660848617553711,,,,,0
31,down_proj,gptq,4096,14336,0,0.0019617932183401926,0.0014820609773908342,6.574886870151204,0.0006660539851578476,610.8840942382812,658.0966796875,70.47893524169922,384.7073974609375,79.32638549804688,860.5294799804688,0.33691203594207764,6.070063591003418,0.4058417081832886,"2398,13336,8717,12004,311,711,1209,10759,1186,2564,8118,6466,2756,9692,11488,3616",679.9273681640625,,,,,0
